label,type,malice,generic,trojan,ransomware,worm,backdoor,spyware,rootkit,encrypter,downloader
1,0,0.0,0.0,0.0,0.0,0.0,0.0,0.0,0.0,0.0,0.0
1,0,0.0,0.0,0.0,0.0,0.0,0.0,0.0,0.0,0.0,0.0
1,0,0.0,0.0,0.0,0.0,0.0,0.0,0.0,0.0,0.0,0.0
1,0,0.0,0.0,0.0,0.0,0.0,0.0,0.0,0.0,0.0,0.0
1,0,0.0,0.0,0.0,0.0,0.0,0.0,0.0,0.0,0.0,0.0
1,0,0.0,0.0,0.0,0.0,0.0,0.0,0.0,0.0,0.0,0.0
1,0,0.0,0.0,0.0,0.0,0.0,0.0,0.0,0.0,0.0,0.0
1,0,0.0,0.0,0.0,0.0,0.0,0.0,0.0,0.0,0.0,0.0
1,0,0.0,0.0,0.0,0.0,0.0,0.0,0.0,0.0,0.0,0.0
1,0,0.0,0.0,0.0,0.0,0.0,0.0,0.0,0.0,0.0,0.0
1,0,0.0,0.0,0.0,0.0,0.0,0.0,0.0,0.0,0.0,0.0
1,0,0.0,0.0,0.0,0.0,0.0,0.0,0.0,0.0,0.0,0.0
1,0,0.0,0.0,0.0,0.0,0.0,0.0,0.0,0.0,0.0,0.0
1,0,0.0,0.0,0.0,0.0,0.0,0.0,0.0,0.0,0.0,0.0
1,0,0.0,0.0,0.0,0.0,0.0,0.0,0.0,0.0,0.0,0.0
1,0,0.0,0.0,0.0,0.0,0.0,0.0,0.0,0.0,0.0,0.0
1,0,0.0,0.0,0.0,0.0,0.0,0.0,0.0,0.0,0.0,0.0
1,0,0.0,0.0,0.0,0.0,0.0,0.0,0.0,0.0,0.0,0.0
1,0,0.0,0.0,0.0,0.0,0.0,0.0,0.0,0.0,0.0,0.0
1,0,0.0,0.0,0.0,0.0,0.0,0.0,0.0,0.0,0.0,0.0
1,0,0.0,0.0,0.0,0.0,0.0,0.0,0.0,0.0,0.0,0.0
1,0,0.0,0.0,0.0,0.0,0.0,0.0,0.0,0.0,0.0,0.0
1,0,0.0,0.0,0.0,0.0,0.0,0.0,0.0,0.0,0.0,0.0
1,0,0.0,0.0,0.0,0.0,0.0,0.0,0.0,0.0,0.0,0.0
1,0,0.0,0.0,0.0,0.0,0.0,0.0,0.0,0.0,0.0,0.0
1,0,0.0,0.0,0.0,0.0,0.0,0.0,0.0,0.0,0.0,0.0
1,0,0.0,0.0,0.0,0.0,0.0,0.0,0.0,0.0,0.0,0.0
1,0,0.0,0.0,0.0,0.0,0.0,0.0,0.0,0.0,0.0,0.0
1,0,0.0,0.0,0.0,0.0,0.0,0.0,0.0,0.0,0.0,0.0
1,0,0.0,0.0,0.0,0.0,0.0,0.0,0.0,0.0,0.0,0.0
1,0,0.0,0.0,0.0,0.0,0.0,0.0,0.0,0.0,0.0,0.0
1,0,0.0,0.0,0.0,0.0,0.0,0.0,0.0,0.0,0.0,0.0
1,0,0.0,0.0,0.0,0.0,0.0,0.0,0.0,0.0,0.0,0.0
1,0,0.0,0.0,0.0,0.0,0.0,0.0,0.0,0.0,0.0,0.0
1,0,0.0,0.0,0.0,0.0,0.0,0.0,0.0,0.0,0.0,0.0
1,0,0.0,0.0,0.0,0.0,0.0,0.0,0.0,0.0,0.0,0.0
1,0,0.0,0.0,0.0,0.0,0.0,0.0,0.0,0.0,0.0,0.0
1,0,0.0,0.0,0.0,0.0,0.0,0.0,0.0,0.0,0.0,0.0
1,0,0.0,0.0,0.0,0.0,0.0,0.0,0.0,0.0,0.0,0.0
1,0,0.0,0.0,0.0,0.0,0.0,0.0,0.0,0.0,0.0,0.0
1,0,0.0,0.0,0.0,0.0,0.0,0.0,0.0,0.0,0.0,0.0
1,0,0.0,0.0,0.0,0.0,0.0,0.0,0.0,0.0,0.0,0.0
1,0,0.0,0.0,0.0,0.0,0.0,0.0,0.0,0.0,0.0,0.0
1,0,0.0,0.0,0.0,0.0,0.0,0.0,0.0,0.0,0.0,0.0
1,0,0.0,0.0,0.0,0.0,0.0,0.0,0.0,0.0,0.0,0.0
1,0,0.0,0.0,0.0,0.0,0.0,0.0,0.0,0.0,0.0,0.0
1,0,0.0,0.0,0.0,0.0,0.0,0.0,0.0,0.0,0.0,0.0
1,0,0.0,0.0,0.0,0.0,0.0,0.0,0.0,0.0,0.0,0.0
1,0,0.0,0.0,0.0,0.0,0.0,0.0,0.0,0.0,0.0,0.0
1,0,0.0,0.0,0.0,0.0,0.0,0.0,0.0,0.0,0.0,0.0
1,0,0.0,0.0,0.0,0.0,0.0,0.0,0.0,0.0,0.0,0.0
1,0,0.0,0.0,0.0,0.0,0.0,0.0,0.0,0.0,0.0,0.0
1,0,0.0,0.0,0.0,0.0,0.0,0.0,0.0,0.0,0.0,0.0
1,0,0.0,0.0,0.0,0.0,0.0,0.0,0.0,0.0,0.0,0.0
1,0,0.0,0.0,0.0,0.0,0.0,0.0,0.0,0.0,0.0,0.0
1,0,0.0,0.0,0.0,0.0,0.0,0.0,0.0,0.0,0.0,0.0
1,0,0.0,0.0,0.0,0.0,0.0,0.0,0.0,0.0,0.0,0.0
1,0,0.0,0.0,0.0,0.0,0.0,0.0,0.0,0.0,0.0,0.0
1,0,0.0,0.0,0.0,0.0,0.0,0.0,0.0,0.0,0.0,0.0
1,0,0.0,0.0,0.0,0.0,0.0,0.0,0.0,0.0,0.0,0.0
1,0,0.0,0.0,0.0,0.0,0.0,0.0,0.0,0.0,0.0,0.0
1,0,0.0,0.0,0.0,0.0,0.0,0.0,0.0,0.0,0.0,0.0
1,0,0.0,0.0,0.0,0.0,0.0,0.0,0.0,0.0,0.0,0.0
1,0,0.0,0.0,0.0,0.0,0.0,0.0,0.0,0.0,0.0,0.0
1,0,0.0,0.0,0.0,0.0,0.0,0.0,0.0,0.0,0.0,0.0
1,0,0.0,0.0,0.0,0.0,0.0,0.0,0.0,0.0,0.0,0.0
1,0,0.0,0.0,0.0,0.0,0.0,0.0,0.0,0.0,0.0,0.0
1,0,0.0,0.0,0.0,0.0,0.0,0.0,0.0,0.0,0.0,0.0
1,0,0.0,0.0,0.0,0.0,0.0,0.0,0.0,0.0,0.0,0.0
1,0,0.0,0.0,0.0,0.0,0.0,0.0,0.0,0.0,0.0,0.0
1,0,0.0,0.0,0.0,0.0,0.0,0.0,0.0,0.0,0.0,0.0
1,0,0.0,0.0,0.0,0.0,0.0,0.0,0.0,0.0,0.0,0.0
1,0,0.0,0.0,0.0,0.0,0.0,0.0,0.0,0.0,0.0,0.0
1,0,0.0,0.0,0.0,0.0,0.0,0.0,0.0,0.0,0.0,0.0
1,0,0.0,0.0,0.0,0.0,0.0,0.0,0.0,0.0,0.0,0.0
1,0,0.0,0.0,0.0,0.0,0.0,0.0,0.0,0.0,0.0,0.0
1,0,0.0,0.0,0.0,0.0,0.0,0.0,0.0,0.0,0.0,0.0
1,0,0.0,0.0,0.0,0.0,0.0,0.0,0.0,0.0,0.0,0.0
1,0,0.0,0.0,0.0,0.0,0.0,0.0,0.0,0.0,0.0,0.0
1,0,0.0,0.0,0.0,0.0,0.0,0.0,0.0,0.0,0.0,0.0
1,0,0.0,0.0,0.0,0.0,0.0,0.0,0.0,0.0,0.0,0.0
1,0,0.0,0.0,0.0,0.0,0.0,0.0,0.0,0.0,0.0,0.0
1,0,0.0,0.0,0.0,0.0,0.0,0.0,0.0,0.0,0.0,0.0
1,0,0.0,0.0,0.0,0.0,0.0,0.0,0.0,0.0,0.0,0.0
1,0,0.0,0.0,0.0,0.0,0.0,0.0,0.0,0.0,0.0,0.0
1,0,0.0,0.0,0.0,0.0,0.0,0.0,0.0,0.0,0.0,0.0
1,0,0.0,0.0,0.0,0.0,0.0,0.0,0.0,0.0,0.0,0.0
1,0,0.0,0.0,0.0,0.0,0.0,0.0,0.0,0.0,0.0,0.0
1,0,0.0,0.0,0.0,0.0,0.0,0.0,0.0,0.0,0.0,0.0
1,0,0.0,0.0,0.0,0.0,0.0,0.0,0.0,0.0,0.0,0.0
1,0,0.0,0.0,0.0,0.0,0.0,0.0,0.0,0.0,0.0,0.0
1,0,0.0,0.0,0.0,0.0,0.0,0.0,0.0,0.0,0.0,0.0
1,0,0.0,0.0,0.0,0.0,0.0,0.0,0.0,0.0,0.0,0.0
1,0,0.0,0.0,0.0,0.0,0.0,0.0,0.0,0.0,0.0,0.0
1,0,0.0,0.0,0.0,0.0,0.0,0.0,0.0,0.0,0.0,0.0
1,0,0.0,0.0,0.0,0.0,0.0,0.0,0.0,0.0,0.0,0.0
1,0,0.0,0.0,0.0,0.0,0.0,0.0,0.0,0.0,0.0,0.0
1,0,0.0,0.0,0.0,0.0,0.0,0.0,0.0,0.0,0.0,0.0
1,0,0.0,0.0,0.0,0.0,0.0,0.0,0.0,0.0,0.0,0.0
1,0,0.0,0.0,0.0,0.0,0.0,0.0,0.0,0.0,0.0,0.0
1,0,0.0,0.0,0.0,0.0,0.0,0.0,0.0,0.0,0.0,0.0
1,0,0.0,0.0,0.0,0.0,0.0,0.0,0.0,0.0,0.0,0.0
1,0,0.0,0.0,0.0,0.0,0.0,0.0,0.0,0.0,0.0,0.0
1,0,0.0,0.0,0.0,0.0,0.0,0.0,0.0,0.0,0.0,0.0
1,0,0.0,0.0,0.0,0.0,0.0,0.0,0.0,0.0,0.0,0.0
1,0,0.0,0.0,0.0,0.0,0.0,0.0,0.0,0.0,0.0,0.0
1,0,0.0,0.0,0.0,0.0,0.0,0.0,0.0,0.0,0.0,0.0
1,0,0.0,0.0,0.0,0.0,0.0,0.0,0.0,0.0,0.0,0.0
1,0,0.0,0.0,0.0,0.0,0.0,0.0,0.0,0.0,0.0,0.0
1,0,0.0,0.0,0.0,0.0,0.0,0.0,0.0,0.0,0.0,0.0
1,0,0.0,0.0,0.0,0.0,0.0,0.0,0.0,0.0,0.0,0.0
1,0,0.0,0.0,0.0,0.0,0.0,0.0,0.0,0.0,0.0,0.0
1,0,0.0,0.0,0.0,0.0,0.0,0.0,0.0,0.0,0.0,0.0
1,0,0.0,0.0,0.0,0.0,0.0,0.0,0.0,0.0,0.0,0.0
1,0,0.0,0.0,0.0,0.0,0.0,0.0,0.0,0.0,0.0,0.0
1,0,0.0,0.0,0.0,0.0,0.0,0.0,0.0,0.0,0.0,0.0
1,0,0.0,0.0,0.0,0.0,0.0,0.0,0.0,0.0,0.0,0.0
1,0,0.0,0.0,0.0,0.0,0.0,0.0,0.0,0.0,0.0,0.0
1,0,0.0,0.0,0.0,0.0,0.0,0.0,0.0,0.0,0.0,0.0
1,0,0.0,0.0,0.0,0.0,0.0,0.0,0.0,0.0,0.0,0.0
1,0,0.0,0.0,0.0,0.0,0.0,0.0,0.0,0.0,0.0,0.0
1,0,0.0,0.0,0.0,0.0,0.0,0.0,0.0,0.0,0.0,0.0
1,0,0.0,0.0,0.0,0.0,0.0,0.0,0.0,0.0,0.0,0.0
1,0,0.0,0.0,0.0,0.0,0.0,0.0,0.0,0.0,0.0,0.0
1,0,0.0,0.0,0.0,0.0,0.0,0.0,0.0,0.0,0.0,0.0
1,0,0.0,0.0,0.0,0.0,0.0,0.0,0.0,0.0,0.0,0.0
1,0,0.0,0.0,0.0,0.0,0.0,0.0,0.0,0.0,0.0,0.0
1,0,0.0,0.0,0.0,0.0,0.0,0.0,0.0,0.0,0.0,0.0
1,0,0.0,0.0,0.0,0.0,0.0,0.0,0.0,0.0,0.0,0.0
1,0,0.0,0.0,0.0,0.0,0.0,0.0,0.0,0.0,0.0,0.0
1,0,0.0,0.0,0.0,0.0,0.0,0.0,0.0,0.0,0.0,0.0
1,0,0.0,0.0,0.0,0.0,0.0,0.0,0.0,0.0,0.0,0.0
1,0,0.0,0.0,0.0,0.0,0.0,0.0,0.0,0.0,0.0,0.0
1,0,0.0,0.0,0.0,0.0,0.0,0.0,0.0,0.0,0.0,0.0
1,0,0.0,0.0,0.0,0.0,0.0,0.0,0.0,0.0,0.0,0.0
1,0,0.0,0.0,0.0,0.0,0.0,0.0,0.0,0.0,0.0,0.0
1,0,0.0,0.0,0.0,0.0,0.0,0.0,0.0,0.0,0.0,0.0
1,0,0.0,0.0,0.0,0.0,0.0,0.0,0.0,0.0,0.0,0.0
1,0,0.0,0.0,0.0,0.0,0.0,0.0,0.0,0.0,0.0,0.0
1,0,0.0,0.0,0.0,0.0,0.0,0.0,0.0,0.0,0.0,0.0
1,0,0.0,0.0,0.0,0.0,0.0,0.0,0.0,0.0,0.0,0.0
1,0,0.0,0.0,0.0,0.0,0.0,0.0,0.0,0.0,0.0,0.0
1,0,0.0,0.0,0.0,0.0,0.0,0.0,0.0,0.0,0.0,0.0
1,0,0.0,0.0,0.0,0.0,0.0,0.0,0.0,0.0,0.0,0.0
1,0,0.0,0.0,0.0,0.0,0.0,0.0,0.0,0.0,0.0,0.0
1,0,0.0,0.0,0.0,0.0,0.0,0.0,0.0,0.0,0.0,0.0
1,0,0.0,0.0,0.0,0.0,0.0,0.0,0.0,0.0,0.0,0.0
1,0,0.0,0.0,0.0,0.0,0.0,0.0,0.0,0.0,0.0,0.0
1,0,0.0,0.0,0.0,0.0,0.0,0.0,0.0,0.0,0.0,0.0
1,0,0.0,0.0,0.0,0.0,0.0,0.0,0.0,0.0,0.0,0.0
1,0,0.0,0.0,0.0,0.0,0.0,0.0,0.0,0.0,0.0,0.0
1,0,0.0,0.0,0.0,0.0,0.0,0.0,0.0,0.0,0.0,0.0
1,0,0.0,0.0,0.0,0.0,0.0,0.0,0.0,0.0,0.0,0.0
1,0,0.0,0.0,0.0,0.0,0.0,0.0,0.0,0.0,0.0,0.0
1,0,0.0,0.0,0.0,0.0,0.0,0.0,0.0,0.0,0.0,0.0
1,0,0.0,0.0,0.0,0.0,0.0,0.0,0.0,0.0,0.0,0.0
1,0,0.0,0.0,0.0,0.0,0.0,0.0,0.0,0.0,0.0,0.0
1,0,0.0,0.0,0.0,0.0,0.0,0.0,0.0,0.0,0.0,0.0
1,0,0.0,0.0,0.0,0.0,0.0,0.0,0.0,0.0,0.0,0.0
1,0,0.0,0.0,0.0,0.0,0.0,0.0,0.0,0.0,0.0,0.0
1,0,0.0,0.0,0.0,0.0,0.0,0.0,0.0,0.0,0.0,0.0
1,0,0.0,0.0,0.0,0.0,0.0,0.0,0.0,0.0,0.0,0.0
1,0,0.0,0.0,0.0,0.0,0.0,0.0,0.0,0.0,0.0,0.0
1,0,0.0,0.0,0.0,0.0,0.0,0.0,0.0,0.0,0.0,0.0
1,0,0.0,0.0,0.0,0.0,0.0,0.0,0.0,0.0,0.0,0.0
1,0,0.0,0.0,0.0,0.0,0.0,0.0,0.0,0.0,0.0,0.0
1,0,0.0,0.0,0.0,0.0,0.0,0.0,0.0,0.0,0.0,0.0
1,0,0.0,0.0,0.0,0.0,0.0,0.0,0.0,0.0,0.0,0.0
1,0,0.0,0.0,0.0,0.0,0.0,0.0,0.0,0.0,0.0,0.0
1,0,0.0,0.0,0.0,0.0,0.0,0.0,0.0,0.0,0.0,0.0
1,0,0.0,0.0,0.0,0.0,0.0,0.0,0.0,0.0,0.0,0.0
1,0,0.0,0.0,0.0,0.0,0.0,0.0,0.0,0.0,0.0,0.0
1,0,0.0,0.0,0.0,0.0,0.0,0.0,0.0,0.0,0.0,0.0
1,0,0.0,0.0,0.0,0.0,0.0,0.0,0.0,0.0,0.0,0.0
1,0,0.0,0.0,0.0,0.0,0.0,0.0,0.0,0.0,0.0,0.0
1,0,0.0,0.0,0.0,0.0,0.0,0.0,0.0,0.0,0.0,0.0
1,0,0.0,0.0,0.0,0.0,0.0,0.0,0.0,0.0,0.0,0.0
1,0,0.0,0.0,0.0,0.0,0.0,0.0,0.0,0.0,0.0,0.0
1,0,0.0,0.0,0.0,0.0,0.0,0.0,0.0,0.0,0.0,0.0
1,0,0.0,0.0,0.0,0.0,0.0,0.0,0.0,0.0,0.0,0.0
1,0,0.0,0.0,0.0,0.0,0.0,0.0,0.0,0.0,0.0,0.0
1,0,0.0,0.0,0.0,0.0,0.0,0.0,0.0,0.0,0.0,0.0
1,0,0.0,0.0,0.0,0.0,0.0,0.0,0.0,0.0,0.0,0.0
1,0,0.0,0.0,0.0,0.0,0.0,0.0,0.0,0.0,0.0,0.0
1,0,0.0,0.0,0.0,0.0,0.0,0.0,0.0,0.0,0.0,0.0
1,0,0.0,0.0,0.0,0.0,0.0,0.0,0.0,0.0,0.0,0.0
1,0,0.0,0.0,0.0,0.0,0.0,0.0,0.0,0.0,0.0,0.0
1,0,0.0,0.0,0.0,0.0,0.0,0.0,0.0,0.0,0.0,0.0
1,0,0.0,0.0,0.0,0.0,0.0,0.0,0.0,0.0,0.0,0.0
1,0,0.0,0.0,0.0,0.0,0.0,0.0,0.0,0.0,0.0,0.0
1,0,0.0,0.0,0.0,0.0,0.0,0.0,0.0,0.0,0.0,0.0
1,0,0.0,0.0,0.0,0.0,0.0,0.0,0.0,0.0,0.0,0.0
1,0,0.0,0.0,0.0,0.0,0.0,0.0,0.0,0.0,0.0,0.0
1,0,0.0,0.0,0.0,0.0,0.0,0.0,0.0,0.0,0.0,0.0
1,0,0.0,0.0,0.0,0.0,0.0,0.0,0.0,0.0,0.0,0.0
1,0,0.0,0.0,0.0,0.0,0.0,0.0,0.0,0.0,0.0,0.0
1,0,0.0,0.0,0.0,0.0,0.0,0.0,0.0,0.0,0.0,0.0
1,0,0.0,0.0,0.0,0.0,0.0,0.0,0.0,0.0,0.0,0.0
1,0,0.0,0.0,0.0,0.0,0.0,0.0,0.0,0.0,0.0,0.0
1,0,0.0,0.0,0.0,0.0,0.0,0.0,0.0,0.0,0.0,0.0
1,0,0.0,0.0,0.0,0.0,0.0,0.0,0.0,0.0,0.0,0.0
1,0,0.0,0.0,0.0,0.0,0.0,0.0,0.0,0.0,0.0,0.0
1,0,0.0,0.0,0.0,0.0,0.0,0.0,0.0,0.0,0.0,0.0
1,0,0.0,0.0,0.0,0.0,0.0,0.0,0.0,0.0,0.0,0.0
1,0,0.0,0.0,0.0,0.0,0.0,0.0,0.0,0.0,0.0,0.0
1,0,0.0,0.0,0.0,0.0,0.0,0.0,0.0,0.0,0.0,0.0
1,0,0.0,0.0,0.0,0.0,0.0,0.0,0.0,0.0,0.0,0.0
1,0,0.0,0.0,0.0,0.0,0.0,0.0,0.0,0.0,0.0,0.0
1,0,0.0,0.0,0.0,0.0,0.0,0.0,0.0,0.0,0.0,0.0
1,0,0.0,0.0,0.0,0.0,0.0,0.0,0.0,0.0,0.0,0.0
1,0,0.0,0.0,0.0,0.0,0.0,0.0,0.0,0.0,0.0,0.0
1,0,0.0,0.0,0.0,0.0,0.0,0.0,0.0,0.0,0.0,0.0
1,0,0.0,0.0,0.0,0.0,0.0,0.0,0.0,0.0,0.0,0.0
1,0,0.0,0.0,0.0,0.0,0.0,0.0,0.0,0.0,0.0,0.0
1,0,0.0,0.0,0.0,0.0,0.0,0.0,0.0,0.0,0.0,0.0
1,0,0.0,0.0,0.0,0.0,0.0,0.0,0.0,0.0,0.0,0.0
1,0,0.0,0.0,0.0,0.0,0.0,0.0,0.0,0.0,0.0,0.0
1,0,0.0,0.0,0.0,0.0,0.0,0.0,0.0,0.0,0.0,0.0
1,0,0.0,0.0,0.0,0.0,0.0,0.0,0.0,0.0,0.0,0.0
1,0,0.0,0.0,0.0,0.0,0.0,0.0,0.0,0.0,0.0,0.0
1,0,0.0,0.0,0.0,0.0,0.0,0.0,0.0,0.0,0.0,0.0
1,0,0.0,0.0,0.0,0.0,0.0,0.0,0.0,0.0,0.0,0.0
1,0,0.0,0.0,0.0,0.0,0.0,0.0,0.0,0.0,0.0,0.0
1,0,0.0,0.0,0.0,0.0,0.0,0.0,0.0,0.0,0.0,0.0
1,0,0.0,0.0,0.0,0.0,0.0,0.0,0.0,0.0,0.0,0.0
1,0,0.0,0.0,0.0,0.0,0.0,0.0,0.0,0.0,0.0,0.0
1,0,0.0,0.0,0.0,0.0,0.0,0.0,0.0,0.0,0.0,0.0
1,0,0.0,0.0,0.0,0.0,0.0,0.0,0.0,0.0,0.0,0.0
1,0,0.0,0.0,0.0,0.0,0.0,0.0,0.0,0.0,0.0,0.0
1,0,0.0,0.0,0.0,0.0,0.0,0.0,0.0,0.0,0.0,0.0
1,0,0.0,0.0,0.0,0.0,0.0,0.0,0.0,0.0,0.0,0.0
1,0,0.0,0.0,0.0,0.0,0.0,0.0,0.0,0.0,0.0,0.0
1,0,0.0,0.0,0.0,0.0,0.0,0.0,0.0,0.0,0.0,0.0
1,0,0.0,0.0,0.0,0.0,0.0,0.0,0.0,0.0,0.0,0.0
1,0,0.0,0.0,0.0,0.0,0.0,0.0,0.0,0.0,0.0,0.0
1,0,0.0,0.0,0.0,0.0,0.0,0.0,0.0,0.0,0.0,0.0
1,0,0.0,0.0,0.0,0.0,0.0,0.0,0.0,0.0,0.0,0.0
1,0,0.0,0.0,0.0,0.0,0.0,0.0,0.0,0.0,0.0,0.0
1,0,0.0,0.0,0.0,0.0,0.0,0.0,0.0,0.0,0.0,0.0
1,0,0.0,0.0,0.0,0.0,0.0,0.0,0.0,0.0,0.0,0.0
1,0,0.0,0.0,0.0,0.0,0.0,0.0,0.0,0.0,0.0,0.0
1,0,0.0,0.0,0.0,0.0,0.0,0.0,0.0,0.0,0.0,0.0
1,0,0.0,0.0,0.0,0.0,0.0,0.0,0.0,0.0,0.0,0.0
1,0,0.0,0.0,0.0,0.0,0.0,0.0,0.0,0.0,0.0,0.0
1,0,0.0,0.0,0.0,0.0,0.0,0.0,0.0,0.0,0.0,0.0
1,0,0.0,0.0,0.0,0.0,0.0,0.0,0.0,0.0,0.0,0.0
1,0,0.0,0.0,0.0,0.0,0.0,0.0,0.0,0.0,0.0,0.0
1,0,0.0,0.0,0.0,0.0,0.0,0.0,0.0,0.0,0.0,0.0
1,0,0.0,0.0,0.0,0.0,0.0,0.0,0.0,0.0,0.0,0.0
1,0,0.0,0.0,0.0,0.0,0.0,0.0,0.0,0.0,0.0,0.0
1,0,0.0,0.0,0.0,0.0,0.0,0.0,0.0,0.0,0.0,0.0
1,0,0.0,0.0,0.0,0.0,0.0,0.0,0.0,0.0,0.0,0.0
1,0,0.0,0.0,0.0,0.0,0.0,0.0,0.0,0.0,0.0,0.0
1,0,0.0,0.0,0.0,0.0,0.0,0.0,0.0,0.0,0.0,0.0
1,0,0.0,0.0,0.0,0.0,0.0,0.0,0.0,0.0,0.0,0.0
1,0,0.0,0.0,0.0,0.0,0.0,0.0,0.0,0.0,0.0,0.0
1,0,0.0,0.0,0.0,0.0,0.0,0.0,0.0,0.0,0.0,0.0
1,0,0.0,0.0,0.0,0.0,0.0,0.0,0.0,0.0,0.0,0.0
1,0,0.0,0.0,0.0,0.0,0.0,0.0,0.0,0.0,0.0,0.0
1,0,0.0,0.0,0.0,0.0,0.0,0.0,0.0,0.0,0.0,0.0
1,0,0.0,0.0,0.0,0.0,0.0,0.0,0.0,0.0,0.0,0.0
1,0,0.0,0.0,0.0,0.0,0.0,0.0,0.0,0.0,0.0,0.0
1,0,0.0,0.0,0.0,0.0,0.0,0.0,0.0,0.0,0.0,0.0
1,0,0.0,0.0,0.0,0.0,0.0,0.0,0.0,0.0,0.0,0.0
1,0,0.0,0.0,0.0,0.0,0.0,0.0,0.0,0.0,0.0,0.0
1,0,0.0,0.0,0.0,0.0,0.0,0.0,0.0,0.0,0.0,0.0
1,0,0.0,0.0,0.0,0.0,0.0,0.0,0.0,0.0,0.0,0.0
1,0,0.0,0.0,0.0,0.0,0.0,0.0,0.0,0.0,0.0,0.0
1,0,0.0,0.0,0.0,0.0,0.0,0.0,0.0,0.0,0.0,0.0
1,0,0.0,0.0,0.0,0.0,0.0,0.0,0.0,0.0,0.0,0.0
1,0,0.0,0.0,0.0,0.0,0.0,0.0,0.0,0.0,0.0,0.0
1,0,0.0,0.0,0.0,0.0,0.0,0.0,0.0,0.0,0.0,0.0
1,0,0.0,0.0,0.0,0.0,0.0,0.0,0.0,0.0,0.0,0.0
1,0,0.0,0.0,0.0,0.0,0.0,0.0,0.0,0.0,0.0,0.0
1,0,0.0,0.0,0.0,0.0,0.0,0.0,0.0,0.0,0.0,0.0
1,0,0.0,0.0,0.0,0.0,0.0,0.0,0.0,0.0,0.0,0.0
1,0,0.0,0.0,0.0,0.0,0.0,0.0,0.0,0.0,0.0,0.0
1,0,0.0,0.0,0.0,0.0,0.0,0.0,0.0,0.0,0.0,0.0
1,0,0.0,0.0,0.0,0.0,0.0,0.0,0.0,0.0,0.0,0.0
1,0,0.0,0.0,0.0,0.0,0.0,0.0,0.0,0.0,0.0,0.0
1,0,0.0,0.0,0.0,0.0,0.0,0.0,0.0,0.0,0.0,0.0
1,0,0.0,0.0,0.0,0.0,0.0,0.0,0.0,0.0,0.0,0.0
1,0,0.0,0.0,0.0,0.0,0.0,0.0,0.0,0.0,0.0,0.0
1,0,0.0,0.0,0.0,0.0,0.0,0.0,0.0,0.0,0.0,0.0
1,0,0.0,0.0,0.0,0.0,0.0,0.0,0.0,0.0,0.0,0.0
1,0,0.0,0.0,0.0,0.0,0.0,0.0,0.0,0.0,0.0,0.0
1,0,0.0,0.0,0.0,0.0,0.0,0.0,0.0,0.0,0.0,0.0
1,0,0.0,0.0,0.0,0.0,0.0,0.0,0.0,0.0,0.0,0.0
1,0,0.0,0.0,0.0,0.0,0.0,0.0,0.0,0.0,0.0,0.0
1,0,0.0,0.0,0.0,0.0,0.0,0.0,0.0,0.0,0.0,0.0
1,0,0.0,0.0,0.0,0.0,0.0,0.0,0.0,0.0,0.0,0.0
1,0,0.0,0.0,0.0,0.0,0.0,0.0,0.0,0.0,0.0,0.0
1,0,0.0,0.0,0.0,0.0,0.0,0.0,0.0,0.0,0.0,0.0
1,0,0.0,0.0,0.0,0.0,0.0,0.0,0.0,0.0,0.0,0.0
1,0,0.0,0.0,0.0,0.0,0.0,0.0,0.0,0.0,0.0,0.0
1,0,0.0,0.0,0.0,0.0,0.0,0.0,0.0,0.0,0.0,0.0
1,0,0.0,0.0,0.0,0.0,0.0,0.0,0.0,0.0,0.0,0.0
1,0,0.0,0.0,0.0,0.0,0.0,0.0,0.0,0.0,0.0,0.0
1,0,0.0,0.0,0.0,0.0,0.0,0.0,0.0,0.0,0.0,0.0
1,0,0.0,0.0,0.0,0.0,0.0,0.0,0.0,0.0,0.0,0.0
1,0,0.0,0.0,0.0,0.0,0.0,0.0,0.0,0.0,0.0,0.0
1,0,0.0,0.0,0.0,0.0,0.0,0.0,0.0,0.0,0.0,0.0
1,0,0.0,0.0,0.0,0.0,0.0,0.0,0.0,0.0,0.0,0.0
1,0,0.0,0.0,0.0,0.0,0.0,0.0,0.0,0.0,0.0,0.0
1,0,0.0,0.0,0.0,0.0,0.0,0.0,0.0,0.0,0.0,0.0
1,0,0.0,0.0,0.0,0.0,0.0,0.0,0.0,0.0,0.0,0.0
1,0,0.0,0.0,0.0,0.0,0.0,0.0,0.0,0.0,0.0,0.0
1,0,0.0,0.0,0.0,0.0,0.0,0.0,0.0,0.0,0.0,0.0
1,0,0.0,0.0,0.0,0.0,0.0,0.0,0.0,0.0,0.0,0.0
1,0,0.0,0.0,0.0,0.0,0.0,0.0,0.0,0.0,0.0,0.0
1,0,0.0,0.0,0.0,0.0,0.0,0.0,0.0,0.0,0.0,0.0
1,0,0.0,0.0,0.0,0.0,0.0,0.0,0.0,0.0,0.0,0.0
1,0,0.0,0.0,0.0,0.0,0.0,0.0,0.0,0.0,0.0,0.0
1,0,0.0,0.0,0.0,0.0,0.0,0.0,0.0,0.0,0.0,0.0
1,0,0.0,0.0,0.0,0.0,0.0,0.0,0.0,0.0,0.0,0.0
1,0,0.0,0.0,0.0,0.0,0.0,0.0,0.0,0.0,0.0,0.0
1,0,0.0,0.0,0.0,0.0,0.0,0.0,0.0,0.0,0.0,0.0
1,0,0.0,0.0,0.0,0.0,0.0,0.0,0.0,0.0,0.0,0.0
1,0,0.0,0.0,0.0,0.0,0.0,0.0,0.0,0.0,0.0,0.0
1,0,0.0,0.0,0.0,0.0,0.0,0.0,0.0,0.0,0.0,0.0
1,0,0.0,0.0,0.0,0.0,0.0,0.0,0.0,0.0,0.0,0.0
1,0,0.0,0.0,0.0,0.0,0.0,0.0,0.0,0.0,0.0,0.0
1,0,0.0,0.0,0.0,0.0,0.0,0.0,0.0,0.0,0.0,0.0
1,0,0.0,0.0,0.0,0.0,0.0,0.0,0.0,0.0,0.0,0.0
1,0,0.0,0.0,0.0,0.0,0.0,0.0,0.0,0.0,0.0,0.0
1,0,0.0,0.0,0.0,0.0,0.0,0.0,0.0,0.0,0.0,0.0
1,0,0.0,0.0,0.0,0.0,0.0,0.0,0.0,0.0,0.0,0.0
1,0,0.0,0.0,0.0,0.0,0.0,0.0,0.0,0.0,0.0,0.0
1,0,0.0,0.0,0.0,0.0,0.0,0.0,0.0,0.0,0.0,0.0
1,0,0.0,0.0,0.0,0.0,0.0,0.0,0.0,0.0,0.0,0.0
1,0,0.0,0.0,0.0,0.0,0.0,0.0,0.0,0.0,0.0,0.0
1,0,0.0,0.0,0.0,0.0,0.0,0.0,0.0,0.0,0.0,0.0
1,0,0.0,0.0,0.0,0.0,0.0,0.0,0.0,0.0,0.0,0.0
1,0,0.0,0.0,0.0,0.0,0.0,0.0,0.0,0.0,0.0,0.0
1,0,0.0,0.0,0.0,0.0,0.0,0.0,0.0,0.0,0.0,0.0
1,0,0.0,0.0,0.0,0.0,0.0,0.0,0.0,0.0,0.0,0.0
1,0,0.0,0.0,0.0,0.0,0.0,0.0,0.0,0.0,0.0,0.0
1,0,0.0,0.0,0.0,0.0,0.0,0.0,0.0,0.0,0.0,0.0
1,0,0.0,0.0,0.0,0.0,0.0,0.0,0.0,0.0,0.0,0.0
1,0,0.0,0.0,0.0,0.0,0.0,0.0,0.0,0.0,0.0,0.0
1,0,0.0,0.0,0.0,0.0,0.0,0.0,0.0,0.0,0.0,0.0
1,0,0.0,0.0,0.0,0.0,0.0,0.0,0.0,0.0,0.0,0.0
1,0,0.0,0.0,0.0,0.0,0.0,0.0,0.0,0.0,0.0,0.0
1,0,0.0,0.0,0.0,0.0,0.0,0.0,0.0,0.0,0.0,0.0
1,0,0.0,0.0,0.0,0.0,0.0,0.0,0.0,0.0,0.0,0.0
1,0,0.0,0.0,0.0,0.0,0.0,0.0,0.0,0.0,0.0,0.0
1,0,0.0,0.0,0.0,0.0,0.0,0.0,0.0,0.0,0.0,0.0
1,0,0.0,0.0,0.0,0.0,0.0,0.0,0.0,0.0,0.0,0.0
1,0,0.0,0.0,0.0,0.0,0.0,0.0,0.0,0.0,0.0,0.0
1,0,0.0,0.0,0.0,0.0,0.0,0.0,0.0,0.0,0.0,0.0
1,0,0.0,0.0,0.0,0.0,0.0,0.0,0.0,0.0,0.0,0.0
1,0,0.0,0.0,0.0,0.0,0.0,0.0,0.0,0.0,0.0,0.0
1,0,0.0,0.0,0.0,0.0,0.0,0.0,0.0,0.0,0.0,0.0
1,0,0.0,0.0,0.0,0.0,0.0,0.0,0.0,0.0,0.0,0.0
1,0,0.0,0.0,0.0,0.0,0.0,0.0,0.0,0.0,0.0,0.0
1,0,0.0,0.0,0.0,0.0,0.0,0.0,0.0,0.0,0.0,0.0
1,0,0.0,0.0,0.0,0.0,0.0,0.0,0.0,0.0,0.0,0.0
1,0,0.0,0.0,0.0,0.0,0.0,0.0,0.0,0.0,0.0,0.0
1,0,0.0,0.0,0.0,0.0,0.0,0.0,0.0,0.0,0.0,0.0
1,0,0.0,0.0,0.0,0.0,0.0,0.0,0.0,0.0,0.0,0.0
1,0,0.0,0.0,0.0,0.0,0.0,0.0,0.0,0.0,0.0,0.0
1,0,0.0,0.0,0.0,0.0,0.0,0.0,0.0,0.0,0.0,0.0
1,0,0.0,0.0,0.0,0.0,0.0,0.0,0.0,0.0,0.0,0.0
1,0,0.0,0.0,0.0,0.0,0.0,0.0,0.0,0.0,0.0,0.0
1,0,0.0,0.0,0.0,0.0,0.0,0.0,0.0,0.0,0.0,0.0
1,0,0.0,0.0,0.0,0.0,0.0,0.0,0.0,0.0,0.0,0.0
1,0,0.0,0.0,0.0,0.0,0.0,0.0,0.0,0.0,0.0,0.0
1,0,0.0,0.0,0.0,0.0,0.0,0.0,0.0,0.0,0.0,0.0
1,0,0.0,0.0,0.0,0.0,0.0,0.0,0.0,0.0,0.0,0.0
1,0,0.0,0.0,0.0,0.0,0.0,0.0,0.0,0.0,0.0,0.0
1,0,0.0,0.0,0.0,0.0,0.0,0.0,0.0,0.0,0.0,0.0
1,0,0.0,0.0,0.0,0.0,0.0,0.0,0.0,0.0,0.0,0.0
1,0,0.0,0.0,0.0,0.0,0.0,0.0,0.0,0.0,0.0,0.0
1,0,0.0,0.0,0.0,0.0,0.0,0.0,0.0,0.0,0.0,0.0
1,0,0.0,0.0,0.0,0.0,0.0,0.0,0.0,0.0,0.0,0.0
1,0,0.0,0.0,0.0,0.0,0.0,0.0,0.0,0.0,0.0,0.0
1,0,0.0,0.0,0.0,0.0,0.0,0.0,0.0,0.0,0.0,0.0
1,0,0.0,0.0,0.0,0.0,0.0,0.0,0.0,0.0,0.0,0.0
1,0,0.0,0.0,0.0,0.0,0.0,0.0,0.0,0.0,0.0,0.0
1,0,0.0,0.0,0.0,0.0,0.0,0.0,0.0,0.0,0.0,0.0
1,0,0.0,0.0,0.0,0.0,0.0,0.0,0.0,0.0,0.0,0.0
1,0,0.0,0.0,0.0,0.0,0.0,0.0,0.0,0.0,0.0,0.0
1,0,0.0,0.0,0.0,0.0,0.0,0.0,0.0,0.0,0.0,0.0
1,0,0.0,0.0,0.0,0.0,0.0,0.0,0.0,0.0,0.0,0.0
1,0,0.0,0.0,0.0,0.0,0.0,0.0,0.0,0.0,0.0,0.0
1,0,0.0,0.0,0.0,0.0,0.0,0.0,0.0,0.0,0.0,0.0
1,0,0.0,0.0,0.0,0.0,0.0,0.0,0.0,0.0,0.0,0.0
1,0,0.0,0.0,0.0,0.0,0.0,0.0,0.0,0.0,0.0,0.0
1,0,0.0,0.0,0.0,0.0,0.0,0.0,0.0,0.0,0.0,0.0
1,0,0.0,0.0,0.0,0.0,0.0,0.0,0.0,0.0,0.0,0.0
1,0,0.0,0.0,0.0,0.0,0.0,0.0,0.0,0.0,0.0,0.0
1,0,0.0,0.0,0.0,0.0,0.0,0.0,0.0,0.0,0.0,0.0
1,0,0.0,0.0,0.0,0.0,0.0,0.0,0.0,0.0,0.0,0.0
1,0,0.0,0.0,0.0,0.0,0.0,0.0,0.0,0.0,0.0,0.0
1,0,0.0,0.0,0.0,0.0,0.0,0.0,0.0,0.0,0.0,0.0
1,0,0.0,0.0,0.0,0.0,0.0,0.0,0.0,0.0,0.0,0.0
1,0,0.0,0.0,0.0,0.0,0.0,0.0,0.0,0.0,0.0,0.0
1,0,0.0,0.0,0.0,0.0,0.0,0.0,0.0,0.0,0.0,0.0
1,0,0.0,0.0,0.0,0.0,0.0,0.0,0.0,0.0,0.0,0.0
1,0,0.0,0.0,0.0,0.0,0.0,0.0,0.0,0.0,0.0,0.0
1,0,0.0,0.0,0.0,0.0,0.0,0.0,0.0,0.0,0.0,0.0
1,0,0.0,0.0,0.0,0.0,0.0,0.0,0.0,0.0,0.0,0.0
1,0,0.0,0.0,0.0,0.0,0.0,0.0,0.0,0.0,0.0,0.0
1,0,0.0,0.0,0.0,0.0,0.0,0.0,0.0,0.0,0.0,0.0
1,0,0.0,0.0,0.0,0.0,0.0,0.0,0.0,0.0,0.0,0.0
1,0,0.0,0.0,0.0,0.0,0.0,0.0,0.0,0.0,0.0,0.0
1,0,0.0,0.0,0.0,0.0,0.0,0.0,0.0,0.0,0.0,0.0
1,0,0.0,0.0,0.0,0.0,0.0,0.0,0.0,0.0,0.0,0.0
1,0,0.0,0.0,0.0,0.0,0.0,0.0,0.0,0.0,0.0,0.0
1,0,0.0,0.0,0.0,0.0,0.0,0.0,0.0,0.0,0.0,0.0
1,0,0.0,0.0,0.0,0.0,0.0,0.0,0.0,0.0,0.0,0.0
1,0,0.0,0.0,0.0,0.0,0.0,0.0,0.0,0.0,0.0,0.0
1,0,0.0,0.0,0.0,0.0,0.0,0.0,0.0,0.0,0.0,0.0
1,0,0.0,0.0,0.0,0.0,0.0,0.0,0.0,0.0,0.0,0.0
1,0,0.0,0.0,0.0,0.0,0.0,0.0,0.0,0.0,0.0,0.0
1,0,0.0,0.0,0.0,0.0,0.0,0.0,0.0,0.0,0.0,0.0
1,0,0.0,0.0,0.0,0.0,0.0,0.0,0.0,0.0,0.0,0.0
1,0,0.0,0.0,0.0,0.0,0.0,0.0,0.0,0.0,0.0,0.0
1,0,0.0,0.0,0.0,0.0,0.0,0.0,0.0,0.0,0.0,0.0
1,0,0.0,0.0,0.0,0.0,0.0,0.0,0.0,0.0,0.0,0.0
1,0,0.0,0.0,0.0,0.0,0.0,0.0,0.0,0.0,0.0,0.0
1,0,0.0,0.0,0.0,0.0,0.0,0.0,0.0,0.0,0.0,0.0
1,0,0.0,0.0,0.0,0.0,0.0,0.0,0.0,0.0,0.0,0.0
1,0,0.0,0.0,0.0,0.0,0.0,0.0,0.0,0.0,0.0,0.0
1,0,0.0,0.0,0.0,0.0,0.0,0.0,0.0,0.0,0.0,0.0
1,0,0.0,0.0,0.0,0.0,0.0,0.0,0.0,0.0,0.0,0.0
1,0,0.0,0.0,0.0,0.0,0.0,0.0,0.0,0.0,0.0,0.0
1,0,0.0,0.0,0.0,0.0,0.0,0.0,0.0,0.0,0.0,0.0
1,0,0.0,0.0,0.0,0.0,0.0,0.0,0.0,0.0,0.0,0.0
1,0,0.0,0.0,0.0,0.0,0.0,0.0,0.0,0.0,0.0,0.0
1,0,0.0,0.0,0.0,0.0,0.0,0.0,0.0,0.0,0.0,0.0
1,0,0.0,0.0,0.0,0.0,0.0,0.0,0.0,0.0,0.0,0.0
1,0,0.0,0.0,0.0,0.0,0.0,0.0,0.0,0.0,0.0,0.0
1,0,0.0,0.0,0.0,0.0,0.0,0.0,0.0,0.0,0.0,0.0
1,0,0.0,0.0,0.0,0.0,0.0,0.0,0.0,0.0,0.0,0.0
1,0,0.0,0.0,0.0,0.0,0.0,0.0,0.0,0.0,0.0,0.0
1,0,0.0,0.0,0.0,0.0,0.0,0.0,0.0,0.0,0.0,0.0
1,0,0.0,0.0,0.0,0.0,0.0,0.0,0.0,0.0,0.0,0.0
1,0,0.0,0.0,0.0,0.0,0.0,0.0,0.0,0.0,0.0,0.0
1,0,0.0,0.0,0.0,0.0,0.0,0.0,0.0,0.0,0.0,0.0
1,0,0.0,0.0,0.0,0.0,0.0,0.0,0.0,0.0,0.0,0.0
1,0,0.0,0.0,0.0,0.0,0.0,0.0,0.0,0.0,0.0,0.0
1,0,0.0,0.0,0.0,0.0,0.0,0.0,0.0,0.0,0.0,0.0
1,0,0.0,0.0,0.0,0.0,0.0,0.0,0.0,0.0,0.0,0.0
1,0,0.0,0.0,0.0,0.0,0.0,0.0,0.0,0.0,0.0,0.0
1,0,0.0,0.0,0.0,0.0,0.0,0.0,0.0,0.0,0.0,0.0
1,0,0.0,0.0,0.0,0.0,0.0,0.0,0.0,0.0,0.0,0.0
1,0,0.0,0.0,0.0,0.0,0.0,0.0,0.0,0.0,0.0,0.0
1,0,0.0,0.0,0.0,0.0,0.0,0.0,0.0,0.0,0.0,0.0
1,0,0.0,0.0,0.0,0.0,0.0,0.0,0.0,0.0,0.0,0.0
1,0,0.0,0.0,0.0,0.0,0.0,0.0,0.0,0.0,0.0,0.0
1,0,0.0,0.0,0.0,0.0,0.0,0.0,0.0,0.0,0.0,0.0
1,0,0.0,0.0,0.0,0.0,0.0,0.0,0.0,0.0,0.0,0.0
1,0,0.0,0.0,0.0,0.0,0.0,0.0,0.0,0.0,0.0,0.0
1,0,0.0,0.0,0.0,0.0,0.0,0.0,0.0,0.0,0.0,0.0
1,0,0.0,0.0,0.0,0.0,0.0,0.0,0.0,0.0,0.0,0.0
1,0,0.0,0.0,0.0,0.0,0.0,0.0,0.0,0.0,0.0,0.0
1,0,0.0,0.0,0.0,0.0,0.0,0.0,0.0,0.0,0.0,0.0
1,0,0.0,0.0,0.0,0.0,0.0,0.0,0.0,0.0,0.0,0.0
1,0,0.0,0.0,0.0,0.0,0.0,0.0,0.0,0.0,0.0,0.0
1,0,0.0,0.0,0.0,0.0,0.0,0.0,0.0,0.0,0.0,0.0
1,0,0.0,0.0,0.0,0.0,0.0,0.0,0.0,0.0,0.0,0.0
1,0,0.0,0.0,0.0,0.0,0.0,0.0,0.0,0.0,0.0,0.0
1,0,0.0,0.0,0.0,0.0,0.0,0.0,0.0,0.0,0.0,0.0
1,0,0.0,0.0,0.0,0.0,0.0,0.0,0.0,0.0,0.0,0.0
1,0,0.0,0.0,0.0,0.0,0.0,0.0,0.0,0.0,0.0,0.0
1,0,0.0,0.0,0.0,0.0,0.0,0.0,0.0,0.0,0.0,0.0
1,0,0.0,0.0,0.0,0.0,0.0,0.0,0.0,0.0,0.0,0.0
1,0,0.0,0.0,0.0,0.0,0.0,0.0,0.0,0.0,0.0,0.0
1,0,0.0,0.0,0.0,0.0,0.0,0.0,0.0,0.0,0.0,0.0
1,0,0.0,0.0,0.0,0.0,0.0,0.0,0.0,0.0,0.0,0.0
1,0,0.0,0.0,0.0,0.0,0.0,0.0,0.0,0.0,0.0,0.0
1,0,0.0,0.0,0.0,0.0,0.0,0.0,0.0,0.0,0.0,0.0
1,0,0.0,0.0,0.0,0.0,0.0,0.0,0.0,0.0,0.0,0.0
1,0,0.0,0.0,0.0,0.0,0.0,0.0,0.0,0.0,0.0,0.0
1,0,0.0,0.0,0.0,0.0,0.0,0.0,0.0,0.0,0.0,0.0
1,0,0.0,0.0,0.0,0.0,0.0,0.0,0.0,0.0,0.0,0.0
1,0,0.0,0.0,0.0,0.0,0.0,0.0,0.0,0.0,0.0,0.0
1,0,0.0,0.0,0.0,0.0,0.0,0.0,0.0,0.0,0.0,0.0
1,0,0.0,0.0,0.0,0.0,0.0,0.0,0.0,0.0,0.0,0.0
1,0,0.0,0.0,0.0,0.0,0.0,0.0,0.0,0.0,0.0,0.0
1,0,0.0,0.0,0.0,0.0,0.0,0.0,0.0,0.0,0.0,0.0
1,0,0.0,0.0,0.0,0.0,0.0,0.0,0.0,0.0,0.0,0.0
1,0,0.0,0.0,0.0,0.0,0.0,0.0,0.0,0.0,0.0,0.0
1,0,0.0,0.0,0.0,0.0,0.0,0.0,0.0,0.0,0.0,0.0
1,0,0.0,0.0,0.0,0.0,0.0,0.0,0.0,0.0,0.0,0.0
1,0,0.0,0.0,0.0,0.0,0.0,0.0,0.0,0.0,0.0,0.0
1,0,0.0,0.0,0.0,0.0,0.0,0.0,0.0,0.0,0.0,0.0
1,0,0.0,0.0,0.0,0.0,0.0,0.0,0.0,0.0,0.0,0.0
1,0,0.0,0.0,0.0,0.0,0.0,0.0,0.0,0.0,0.0,0.0
1,0,0.0,0.0,0.0,0.0,0.0,0.0,0.0,0.0,0.0,0.0
1,0,0.0,0.0,0.0,0.0,0.0,0.0,0.0,0.0,0.0,0.0
1,0,0.0,0.0,0.0,0.0,0.0,0.0,0.0,0.0,0.0,0.0
1,0,0.0,0.0,0.0,0.0,0.0,0.0,0.0,0.0,0.0,0.0
1,0,0.0,0.0,0.0,0.0,0.0,0.0,0.0,0.0,0.0,0.0
1,0,0.0,0.0,0.0,0.0,0.0,0.0,0.0,0.0,0.0,0.0
1,0,0.0,0.0,0.0,0.0,0.0,0.0,0.0,0.0,0.0,0.0
1,0,0.0,0.0,0.0,0.0,0.0,0.0,0.0,0.0,0.0,0.0
1,0,0.0,0.0,0.0,0.0,0.0,0.0,0.0,0.0,0.0,0.0
1,0,0.0,0.0,0.0,0.0,0.0,0.0,0.0,0.0,0.0,0.0
1,0,0.0,0.0,0.0,0.0,0.0,0.0,0.0,0.0,0.0,0.0
1,0,0.0,0.0,0.0,0.0,0.0,0.0,0.0,0.0,0.0,0.0
1,0,0.0,0.0,0.0,0.0,0.0,0.0,0.0,0.0,0.0,0.0
1,0,0.0,0.0,0.0,0.0,0.0,0.0,0.0,0.0,0.0,0.0
1,0,0.0,0.0,0.0,0.0,0.0,0.0,0.0,0.0,0.0,0.0
1,0,0.0,0.0,0.0,0.0,0.0,0.0,0.0,0.0,0.0,0.0
1,0,0.0,0.0,0.0,0.0,0.0,0.0,0.0,0.0,0.0,0.0
1,0,0.0,0.0,0.0,0.0,0.0,0.0,0.0,0.0,0.0,0.0
1,0,0.0,0.0,0.0,0.0,0.0,0.0,0.0,0.0,0.0,0.0
1,0,0.0,0.0,0.0,0.0,0.0,0.0,0.0,0.0,0.0,0.0
1,0,0.0,0.0,0.0,0.0,0.0,0.0,0.0,0.0,0.0,0.0
1,0,0.0,0.0,0.0,0.0,0.0,0.0,0.0,0.0,0.0,0.0
1,0,0.0,0.0,0.0,0.0,0.0,0.0,0.0,0.0,0.0,0.0
1,0,0.0,0.0,0.0,0.0,0.0,0.0,0.0,0.0,0.0,0.0
1,0,0.0,0.0,0.0,0.0,0.0,0.0,0.0,0.0,0.0,0.0
1,0,0.0,0.0,0.0,0.0,0.0,0.0,0.0,0.0,0.0,0.0
1,0,0.0,0.0,0.0,0.0,0.0,0.0,0.0,0.0,0.0,0.0
1,0,0.0,0.0,0.0,0.0,0.0,0.0,0.0,0.0,0.0,0.0
1,0,0.0,0.0,0.0,0.0,0.0,0.0,0.0,0.0,0.0,0.0
1,0,0.0,0.0,0.0,0.0,0.0,0.0,0.0,0.0,0.0,0.0
1,0,0.0,0.0,0.0,0.0,0.0,0.0,0.0,0.0,0.0,0.0
1,0,0.0,0.0,0.0,0.0,0.0,0.0,0.0,0.0,0.0,0.0
1,0,0.0,0.0,0.0,0.0,0.0,0.0,0.0,0.0,0.0,0.0
1,0,0.0,0.0,0.0,0.0,0.0,0.0,0.0,0.0,0.0,0.0
1,0,0.0,0.0,0.0,0.0,0.0,0.0,0.0,0.0,0.0,0.0
1,0,0.0,0.0,0.0,0.0,0.0,0.0,0.0,0.0,0.0,0.0
1,0,0.0,0.0,0.0,0.0,0.0,0.0,0.0,0.0,0.0,0.0
1,0,0.0,0.0,0.0,0.0,0.0,0.0,0.0,0.0,0.0,0.0
1,0,0.0,0.0,0.0,0.0,0.0,0.0,0.0,0.0,0.0,0.0
1,0,0.0,0.0,0.0,0.0,0.0,0.0,0.0,0.0,0.0,0.0
1,0,0.0,0.0,0.0,0.0,0.0,0.0,0.0,0.0,0.0,0.0
1,0,0.0,0.0,0.0,0.0,0.0,0.0,0.0,0.0,0.0,0.0
1,0,0.0,0.0,0.0,0.0,0.0,0.0,0.0,0.0,0.0,0.0
1,0,0.0,0.0,0.0,0.0,0.0,0.0,0.0,0.0,0.0,0.0
1,0,0.0,0.0,0.0,0.0,0.0,0.0,0.0,0.0,0.0,0.0
1,0,0.0,0.0,0.0,0.0,0.0,0.0,0.0,0.0,0.0,0.0
1,0,0.0,0.0,0.0,0.0,0.0,0.0,0.0,0.0,0.0,0.0
1,0,0.0,0.0,0.0,0.0,0.0,0.0,0.0,0.0,0.0,0.0
1,0,0.0,0.0,0.0,0.0,0.0,0.0,0.0,0.0,0.0,0.0
1,0,0.0,0.0,0.0,0.0,0.0,0.0,0.0,0.0,0.0,0.0
1,0,0.0,0.0,0.0,0.0,0.0,0.0,0.0,0.0,0.0,0.0
1,0,0.0,0.0,0.0,0.0,0.0,0.0,0.0,0.0,0.0,0.0
1,0,0.0,0.0,0.0,0.0,0.0,0.0,0.0,0.0,0.0,0.0
1,0,0.0,0.0,0.0,0.0,0.0,0.0,0.0,0.0,0.0,0.0
1,0,0.0,0.0,0.0,0.0,0.0,0.0,0.0,0.0,0.0,0.0
1,0,0.0,0.0,0.0,0.0,0.0,0.0,0.0,0.0,0.0,0.0
1,0,0.0,0.0,0.0,0.0,0.0,0.0,0.0,0.0,0.0,0.0
1,0,0.0,0.0,0.0,0.0,0.0,0.0,0.0,0.0,0.0,0.0
1,0,0.0,0.0,0.0,0.0,0.0,0.0,0.0,0.0,0.0,0.0
1,0,0.0,0.0,0.0,0.0,0.0,0.0,0.0,0.0,0.0,0.0
1,0,0.0,0.0,0.0,0.0,0.0,0.0,0.0,0.0,0.0,0.0
1,0,0.0,0.0,0.0,0.0,0.0,0.0,0.0,0.0,0.0,0.0
1,0,0.0,0.0,0.0,0.0,0.0,0.0,0.0,0.0,0.0,0.0
1,0,0.0,0.0,0.0,0.0,0.0,0.0,0.0,0.0,0.0,0.0
1,0,0.0,0.0,0.0,0.0,0.0,0.0,0.0,0.0,0.0,0.0
1,0,0.0,0.0,0.0,0.0,0.0,0.0,0.0,0.0,0.0,0.0
1,0,0.0,0.0,0.0,0.0,0.0,0.0,0.0,0.0,0.0,0.0
1,0,0.0,0.0,0.0,0.0,0.0,0.0,0.0,0.0,0.0,0.0
1,0,0.0,0.0,0.0,0.0,0.0,0.0,0.0,0.0,0.0,0.0
1,0,0.0,0.0,0.0,0.0,0.0,0.0,0.0,0.0,0.0,0.0
1,0,0.0,0.0,0.0,0.0,0.0,0.0,0.0,0.0,0.0,0.0
1,0,0.0,0.0,0.0,0.0,0.0,0.0,0.0,0.0,0.0,0.0
1,0,0.0,0.0,0.0,0.0,0.0,0.0,0.0,0.0,0.0,0.0
1,0,0.0,0.0,0.0,0.0,0.0,0.0,0.0,0.0,0.0,0.0
1,0,0.0,0.0,0.0,0.0,0.0,0.0,0.0,0.0,0.0,0.0
1,0,0.0,0.0,0.0,0.0,0.0,0.0,0.0,0.0,0.0,0.0
1,0,0.0,0.0,0.0,0.0,0.0,0.0,0.0,0.0,0.0,0.0
1,0,0.0,0.0,0.0,0.0,0.0,0.0,0.0,0.0,0.0,0.0
1,0,0.0,0.0,0.0,0.0,0.0,0.0,0.0,0.0,0.0,0.0
1,0,0.0,0.0,0.0,0.0,0.0,0.0,0.0,0.0,0.0,0.0
1,0,0.0,0.0,0.0,0.0,0.0,0.0,0.0,0.0,0.0,0.0
1,0,0.0,0.0,0.0,0.0,0.0,0.0,0.0,0.0,0.0,0.0
1,0,0.0,0.0,0.0,0.0,0.0,0.0,0.0,0.0,0.0,0.0
1,0,0.0,0.0,0.0,0.0,0.0,0.0,0.0,0.0,0.0,0.0
1,0,0.0,0.0,0.0,0.0,0.0,0.0,0.0,0.0,0.0,0.0
1,0,0.0,0.0,0.0,0.0,0.0,0.0,0.0,0.0,0.0,0.0
1,0,0.0,0.0,0.0,0.0,0.0,0.0,0.0,0.0,0.0,0.0
1,0,0.0,0.0,0.0,0.0,0.0,0.0,0.0,0.0,0.0,0.0
1,0,0.0,0.0,0.0,0.0,0.0,0.0,0.0,0.0,0.0,0.0
1,0,0.0,0.0,0.0,0.0,0.0,0.0,0.0,0.0,0.0,0.0
1,0,0.0,0.0,0.0,0.0,0.0,0.0,0.0,0.0,0.0,0.0
1,0,0.0,0.0,0.0,0.0,0.0,0.0,0.0,0.0,0.0,0.0
1,0,0.0,0.0,0.0,0.0,0.0,0.0,0.0,0.0,0.0,0.0
1,0,0.0,0.0,0.0,0.0,0.0,0.0,0.0,0.0,0.0,0.0
1,0,0.0,0.0,0.0,0.0,0.0,0.0,0.0,0.0,0.0,0.0
1,0,0.0,0.0,0.0,0.0,0.0,0.0,0.0,0.0,0.0,0.0
1,0,0.0,0.0,0.0,0.0,0.0,0.0,0.0,0.0,0.0,0.0
1,0,0.0,0.0,0.0,0.0,0.0,0.0,0.0,0.0,0.0,0.0
1,0,0.0,0.0,0.0,0.0,0.0,0.0,0.0,0.0,0.0,0.0
1,0,0.0,0.0,0.0,0.0,0.0,0.0,0.0,0.0,0.0,0.0
1,0,0.0,0.0,0.0,0.0,0.0,0.0,0.0,0.0,0.0,0.0
1,0,0.0,0.0,0.0,0.0,0.0,0.0,0.0,0.0,0.0,0.0
1,0,0.0,0.0,0.0,0.0,0.0,0.0,0.0,0.0,0.0,0.0
1,0,0.0,0.0,0.0,0.0,0.0,0.0,0.0,0.0,0.0,0.0
1,0,0.0,0.0,0.0,0.0,0.0,0.0,0.0,0.0,0.0,0.0
1,0,0.0,0.0,0.0,0.0,0.0,0.0,0.0,0.0,0.0,0.0
1,0,0.0,0.0,0.0,0.0,0.0,0.0,0.0,0.0,0.0,0.0
1,0,0.0,0.0,0.0,0.0,0.0,0.0,0.0,0.0,0.0,0.0
1,0,0.0,0.0,0.0,0.0,0.0,0.0,0.0,0.0,0.0,0.0
1,0,0.0,0.0,0.0,0.0,0.0,0.0,0.0,0.0,0.0,0.0
1,0,0.0,0.0,0.0,0.0,0.0,0.0,0.0,0.0,0.0,0.0
1,0,0.0,0.0,0.0,0.0,0.0,0.0,0.0,0.0,0.0,0.0
1,0,0.0,0.0,0.0,0.0,0.0,0.0,0.0,0.0,0.0,0.0
1,0,0.0,0.0,0.0,0.0,0.0,0.0,0.0,0.0,0.0,0.0
1,0,0.0,0.0,0.0,0.0,0.0,0.0,0.0,0.0,0.0,0.0
1,0,0.0,0.0,0.0,0.0,0.0,0.0,0.0,0.0,0.0,0.0
1,0,0.0,0.0,0.0,0.0,0.0,0.0,0.0,0.0,0.0,0.0
1,0,0.0,0.0,0.0,0.0,0.0,0.0,0.0,0.0,0.0,0.0
1,0,0.0,0.0,0.0,0.0,0.0,0.0,0.0,0.0,0.0,0.0
1,0,0.0,0.0,0.0,0.0,0.0,0.0,0.0,0.0,0.0,0.0
1,0,0.0,0.0,0.0,0.0,0.0,0.0,0.0,0.0,0.0,0.0
1,0,0.0,0.0,0.0,0.0,0.0,0.0,0.0,0.0,0.0,0.0
1,0,0.0,0.0,0.0,0.0,0.0,0.0,0.0,0.0,0.0,0.0
1,0,0.0,0.0,0.0,0.0,0.0,0.0,0.0,0.0,0.0,0.0
1,0,0.0,0.0,0.0,0.0,0.0,0.0,0.0,0.0,0.0,0.0
1,0,0.0,0.0,0.0,0.0,0.0,0.0,0.0,0.0,0.0,0.0
1,0,0.0,0.0,0.0,0.0,0.0,0.0,0.0,0.0,0.0,0.0
1,0,0.0,0.0,0.0,0.0,0.0,0.0,0.0,0.0,0.0,0.0
1,0,0.0,0.0,0.0,0.0,0.0,0.0,0.0,0.0,0.0,0.0
1,0,0.0,0.0,0.0,0.0,0.0,0.0,0.0,0.0,0.0,0.0
1,0,0.0,0.0,0.0,0.0,0.0,0.0,0.0,0.0,0.0,0.0
1,0,0.0,0.0,0.0,0.0,0.0,0.0,0.0,0.0,0.0,0.0
1,0,0.0,0.0,0.0,0.0,0.0,0.0,0.0,0.0,0.0,0.0
1,0,0.0,0.0,0.0,0.0,0.0,0.0,0.0,0.0,0.0,0.0
1,0,0.0,0.0,0.0,0.0,0.0,0.0,0.0,0.0,0.0,0.0
1,0,0.0,0.0,0.0,0.0,0.0,0.0,0.0,0.0,0.0,0.0
1,0,0.0,0.0,0.0,0.0,0.0,0.0,0.0,0.0,0.0,0.0
1,0,0.0,0.0,0.0,0.0,0.0,0.0,0.0,0.0,0.0,0.0
1,0,0.0,0.0,0.0,0.0,0.0,0.0,0.0,0.0,0.0,0.0
1,0,0.0,0.0,0.0,0.0,0.0,0.0,0.0,0.0,0.0,0.0
1,0,0.0,0.0,0.0,0.0,0.0,0.0,0.0,0.0,0.0,0.0
1,0,0.0,0.0,0.0,0.0,0.0,0.0,0.0,0.0,0.0,0.0
1,0,0.0,0.0,0.0,0.0,0.0,0.0,0.0,0.0,0.0,0.0
1,0,0.0,0.0,0.0,0.0,0.0,0.0,0.0,0.0,0.0,0.0
1,0,0.0,0.0,0.0,0.0,0.0,0.0,0.0,0.0,0.0,0.0
1,0,0.0,0.0,0.0,0.0,0.0,0.0,0.0,0.0,0.0,0.0
1,0,0.0,0.0,0.0,0.0,0.0,0.0,0.0,0.0,0.0,0.0
1,0,0.0,0.0,0.0,0.0,0.0,0.0,0.0,0.0,0.0,0.0
1,0,0.0,0.0,0.0,0.0,0.0,0.0,0.0,0.0,0.0,0.0
1,0,0.0,0.0,0.0,0.0,0.0,0.0,0.0,0.0,0.0,0.0
1,0,0.0,0.0,0.0,0.0,0.0,0.0,0.0,0.0,0.0,0.0
1,0,0.0,0.0,0.0,0.0,0.0,0.0,0.0,0.0,0.0,0.0
1,0,0.0,0.0,0.0,0.0,0.0,0.0,0.0,0.0,0.0,0.0
1,0,0.0,0.0,0.0,0.0,0.0,0.0,0.0,0.0,0.0,0.0
1,0,0.0,0.0,0.0,0.0,0.0,0.0,0.0,0.0,0.0,0.0
1,0,0.0,0.0,0.0,0.0,0.0,0.0,0.0,0.0,0.0,0.0
1,0,0.0,0.0,0.0,0.0,0.0,0.0,0.0,0.0,0.0,0.0
1,0,0.0,0.0,0.0,0.0,0.0,0.0,0.0,0.0,0.0,0.0
1,0,0.0,0.0,0.0,0.0,0.0,0.0,0.0,0.0,0.0,0.0
1,0,0.0,0.0,0.0,0.0,0.0,0.0,0.0,0.0,0.0,0.0
1,0,0.0,0.0,0.0,0.0,0.0,0.0,0.0,0.0,0.0,0.0
1,0,0.0,0.0,0.0,0.0,0.0,0.0,0.0,0.0,0.0,0.0
1,0,0.0,0.0,0.0,0.0,0.0,0.0,0.0,0.0,0.0,0.0
1,0,0.0,0.0,0.0,0.0,0.0,0.0,0.0,0.0,0.0,0.0
1,0,0.0,0.0,0.0,0.0,0.0,0.0,0.0,0.0,0.0,0.0
1,0,0.0,0.0,0.0,0.0,0.0,0.0,0.0,0.0,0.0,0.0
1,0,0.0,0.0,0.0,0.0,0.0,0.0,0.0,0.0,0.0,0.0
1,0,0.0,0.0,0.0,0.0,0.0,0.0,0.0,0.0,0.0,0.0
1,0,0.0,0.0,0.0,0.0,0.0,0.0,0.0,0.0,0.0,0.0
1,0,0.0,0.0,0.0,0.0,0.0,0.0,0.0,0.0,0.0,0.0
1,0,0.0,0.0,0.0,0.0,0.0,0.0,0.0,0.0,0.0,0.0
1,0,0.0,0.0,0.0,0.0,0.0,0.0,0.0,0.0,0.0,0.0
1,0,0.0,0.0,0.0,0.0,0.0,0.0,0.0,0.0,0.0,0.0
1,0,0.0,0.0,0.0,0.0,0.0,0.0,0.0,0.0,0.0,0.0
1,0,0.0,0.0,0.0,0.0,0.0,0.0,0.0,0.0,0.0,0.0
1,0,0.0,0.0,0.0,0.0,0.0,0.0,0.0,0.0,0.0,0.0
1,0,0.0,0.0,0.0,0.0,0.0,0.0,0.0,0.0,0.0,0.0
1,0,0.0,0.0,0.0,0.0,0.0,0.0,0.0,0.0,0.0,0.0
1,0,0.0,0.0,0.0,0.0,0.0,0.0,0.0,0.0,0.0,0.0
1,0,0.0,0.0,0.0,0.0,0.0,0.0,0.0,0.0,0.0,0.0
1,0,0.0,0.0,0.0,0.0,0.0,0.0,0.0,0.0,0.0,0.0
1,0,0.0,0.0,0.0,0.0,0.0,0.0,0.0,0.0,0.0,0.0
1,0,0.0,0.0,0.0,0.0,0.0,0.0,0.0,0.0,0.0,0.0
1,0,0.0,0.0,0.0,0.0,0.0,0.0,0.0,0.0,0.0,0.0
1,0,0.0,0.0,0.0,0.0,0.0,0.0,0.0,0.0,0.0,0.0
1,0,0.0,0.0,0.0,0.0,0.0,0.0,0.0,0.0,0.0,0.0
1,0,0.0,0.0,0.0,0.0,0.0,0.0,0.0,0.0,0.0,0.0
1,0,0.0,0.0,0.0,0.0,0.0,0.0,0.0,0.0,0.0,0.0
1,0,0.0,0.0,0.0,0.0,0.0,0.0,0.0,0.0,0.0,0.0
1,0,0.0,0.0,0.0,0.0,0.0,0.0,0.0,0.0,0.0,0.0
1,0,0.0,0.0,0.0,0.0,0.0,0.0,0.0,0.0,0.0,0.0
1,0,0.0,0.0,0.0,0.0,0.0,0.0,0.0,0.0,0.0,0.0
1,0,0.0,0.0,0.0,0.0,0.0,0.0,0.0,0.0,0.0,0.0
1,0,0.0,0.0,0.0,0.0,0.0,0.0,0.0,0.0,0.0,0.0
1,0,0.0,0.0,0.0,0.0,0.0,0.0,0.0,0.0,0.0,0.0
1,0,0.0,0.0,0.0,0.0,0.0,0.0,0.0,0.0,0.0,0.0
1,0,0.0,0.0,0.0,0.0,0.0,0.0,0.0,0.0,0.0,0.0
1,0,0.0,0.0,0.0,0.0,0.0,0.0,0.0,0.0,0.0,0.0
1,0,0.0,0.0,0.0,0.0,0.0,0.0,0.0,0.0,0.0,0.0
1,0,0.0,0.0,0.0,0.0,0.0,0.0,0.0,0.0,0.0,0.0
1,0,0.0,0.0,0.0,0.0,0.0,0.0,0.0,0.0,0.0,0.0
1,0,0.0,0.0,0.0,0.0,0.0,0.0,0.0,0.0,0.0,0.0
1,0,0.0,0.0,0.0,0.0,0.0,0.0,0.0,0.0,0.0,0.0
1,0,0.0,0.0,0.0,0.0,0.0,0.0,0.0,0.0,0.0,0.0
1,0,0.0,0.0,0.0,0.0,0.0,0.0,0.0,0.0,0.0,0.0
1,0,0.0,0.0,0.0,0.0,0.0,0.0,0.0,0.0,0.0,0.0
1,0,0.0,0.0,0.0,0.0,0.0,0.0,0.0,0.0,0.0,0.0
1,0,0.0,0.0,0.0,0.0,0.0,0.0,0.0,0.0,0.0,0.0
1,0,0.0,0.0,0.0,0.0,0.0,0.0,0.0,0.0,0.0,0.0
1,0,0.0,0.0,0.0,0.0,0.0,0.0,0.0,0.0,0.0,0.0
1,0,0.0,0.0,0.0,0.0,0.0,0.0,0.0,0.0,0.0,0.0
1,0,0.0,0.0,0.0,0.0,0.0,0.0,0.0,0.0,0.0,0.0
1,0,0.0,0.0,0.0,0.0,0.0,0.0,0.0,0.0,0.0,0.0
1,0,0.0,0.0,0.0,0.0,0.0,0.0,0.0,0.0,0.0,0.0
1,0,0.0,0.0,0.0,0.0,0.0,0.0,0.0,0.0,0.0,0.0
1,0,0.0,0.0,0.0,0.0,0.0,0.0,0.0,0.0,0.0,0.0
1,0,0.0,0.0,0.0,0.0,0.0,0.0,0.0,0.0,0.0,0.0
1,0,0.0,0.0,0.0,0.0,0.0,0.0,0.0,0.0,0.0,0.0
1,0,0.0,0.0,0.0,0.0,0.0,0.0,0.0,0.0,0.0,0.0
1,0,0.0,0.0,0.0,0.0,0.0,0.0,0.0,0.0,0.0,0.0
1,0,0.0,0.0,0.0,0.0,0.0,0.0,0.0,0.0,0.0,0.0
1,0,0.0,0.0,0.0,0.0,0.0,0.0,0.0,0.0,0.0,0.0
1,0,0.0,0.0,0.0,0.0,0.0,0.0,0.0,0.0,0.0,0.0
1,0,0.0,0.0,0.0,0.0,0.0,0.0,0.0,0.0,0.0,0.0
1,0,0.0,0.0,0.0,0.0,0.0,0.0,0.0,0.0,0.0,0.0
1,0,0.0,0.0,0.0,0.0,0.0,0.0,0.0,0.0,0.0,0.0
1,0,0.0,0.0,0.0,0.0,0.0,0.0,0.0,0.0,0.0,0.0
1,0,0.0,0.0,0.0,0.0,0.0,0.0,0.0,0.0,0.0,0.0
1,0,0.0,0.0,0.0,0.0,0.0,0.0,0.0,0.0,0.0,0.0
1,0,0.0,0.0,0.0,0.0,0.0,0.0,0.0,0.0,0.0,0.0
1,0,0.0,0.0,0.0,0.0,0.0,0.0,0.0,0.0,0.0,0.0
1,0,0.0,0.0,0.0,0.0,0.0,0.0,0.0,0.0,0.0,0.0
1,0,0.0,0.0,0.0,0.0,0.0,0.0,0.0,0.0,0.0,0.0
1,0,0.0,0.0,0.0,0.0,0.0,0.0,0.0,0.0,0.0,0.0
1,0,0.0,0.0,0.0,0.0,0.0,0.0,0.0,0.0,0.0,0.0
1,0,0.0,0.0,0.0,0.0,0.0,0.0,0.0,0.0,0.0,0.0
1,0,0.0,0.0,0.0,0.0,0.0,0.0,0.0,0.0,0.0,0.0
1,0,0.0,0.0,0.0,0.0,0.0,0.0,0.0,0.0,0.0,0.0
1,0,0.0,0.0,0.0,0.0,0.0,0.0,0.0,0.0,0.0,0.0
1,0,0.0,0.0,0.0,0.0,0.0,0.0,0.0,0.0,0.0,0.0
1,0,0.0,0.0,0.0,0.0,0.0,0.0,0.0,0.0,0.0,0.0
1,0,0.0,0.0,0.0,0.0,0.0,0.0,0.0,0.0,0.0,0.0
1,0,0.0,0.0,0.0,0.0,0.0,0.0,0.0,0.0,0.0,0.0
1,0,0.0,0.0,0.0,0.0,0.0,0.0,0.0,0.0,0.0,0.0
1,0,0.0,0.0,0.0,0.0,0.0,0.0,0.0,0.0,0.0,0.0
1,0,0.0,0.0,0.0,0.0,0.0,0.0,0.0,0.0,0.0,0.0
1,0,0.0,0.0,0.0,0.0,0.0,0.0,0.0,0.0,0.0,0.0
1,0,0.0,0.0,0.0,0.0,0.0,0.0,0.0,0.0,0.0,0.0
1,0,0.0,0.0,0.0,0.0,0.0,0.0,0.0,0.0,0.0,0.0
1,0,0.0,0.0,0.0,0.0,0.0,0.0,0.0,0.0,0.0,0.0
1,0,0.0,0.0,0.0,0.0,0.0,0.0,0.0,0.0,0.0,0.0
1,0,0.0,0.0,0.0,0.0,0.0,0.0,0.0,0.0,0.0,0.0
1,0,0.0,0.0,0.0,0.0,0.0,0.0,0.0,0.0,0.0,0.0
1,0,0.0,0.0,0.0,0.0,0.0,0.0,0.0,0.0,0.0,0.0
1,0,0.0,0.0,0.0,0.0,0.0,0.0,0.0,0.0,0.0,0.0
1,0,0.0,0.0,0.0,0.0,0.0,0.0,0.0,0.0,0.0,0.0
1,0,0.0,0.0,0.0,0.0,0.0,0.0,0.0,0.0,0.0,0.0
1,0,0.0,0.0,0.0,0.0,0.0,0.0,0.0,0.0,0.0,0.0
1,0,0.0,0.0,0.0,0.0,0.0,0.0,0.0,0.0,0.0,0.0
1,0,0.0,0.0,0.0,0.0,0.0,0.0,0.0,0.0,0.0,0.0
1,0,0.0,0.0,0.0,0.0,0.0,0.0,0.0,0.0,0.0,0.0
1,0,0.0,0.0,0.0,0.0,0.0,0.0,0.0,0.0,0.0,0.0
1,0,0.0,0.0,0.0,0.0,0.0,0.0,0.0,0.0,0.0,0.0
1,0,0.0,0.0,0.0,0.0,0.0,0.0,0.0,0.0,0.0,0.0
1,0,0.0,0.0,0.0,0.0,0.0,0.0,0.0,0.0,0.0,0.0
1,0,0.0,0.0,0.0,0.0,0.0,0.0,0.0,0.0,0.0,0.0
1,0,0.0,0.0,0.0,0.0,0.0,0.0,0.0,0.0,0.0,0.0
1,0,0.0,0.0,0.0,0.0,0.0,0.0,0.0,0.0,0.0,0.0
1,0,0.0,0.0,0.0,0.0,0.0,0.0,0.0,0.0,0.0,0.0
1,0,0.0,0.0,0.0,0.0,0.0,0.0,0.0,0.0,0.0,0.0
1,0,0.0,0.0,0.0,0.0,0.0,0.0,0.0,0.0,0.0,0.0
1,0,0.0,0.0,0.0,0.0,0.0,0.0,0.0,0.0,0.0,0.0
1,0,0.0,0.0,0.0,0.0,0.0,0.0,0.0,0.0,0.0,0.0
1,0,0.0,0.0,0.0,0.0,0.0,0.0,0.0,0.0,0.0,0.0
1,0,0.0,0.0,0.0,0.0,0.0,0.0,0.0,0.0,0.0,0.0
1,0,0.0,0.0,0.0,0.0,0.0,0.0,0.0,0.0,0.0,0.0
1,0,0.0,0.0,0.0,0.0,0.0,0.0,0.0,0.0,0.0,0.0
1,0,0.0,0.0,0.0,0.0,0.0,0.0,0.0,0.0,0.0,0.0
1,0,0.0,0.0,0.0,0.0,0.0,0.0,0.0,0.0,0.0,0.0
1,0,0.0,0.0,0.0,0.0,0.0,0.0,0.0,0.0,0.0,0.0
1,0,0.0,0.0,0.0,0.0,0.0,0.0,0.0,0.0,0.0,0.0
1,0,0.0,0.0,0.0,0.0,0.0,0.0,0.0,0.0,0.0,0.0
1,0,0.0,0.0,0.0,0.0,0.0,0.0,0.0,0.0,0.0,0.0
1,0,0.0,0.0,0.0,0.0,0.0,0.0,0.0,0.0,0.0,0.0
1,0,0.0,0.0,0.0,0.0,0.0,0.0,0.0,0.0,0.0,0.0
1,0,0.0,0.0,0.0,0.0,0.0,0.0,0.0,0.0,0.0,0.0
1,0,0.0,0.0,0.0,0.0,0.0,0.0,0.0,0.0,0.0,0.0
1,0,0.0,0.0,0.0,0.0,0.0,0.0,0.0,0.0,0.0,0.0
1,0,0.0,0.0,0.0,0.0,0.0,0.0,0.0,0.0,0.0,0.0
1,0,0.0,0.0,0.0,0.0,0.0,0.0,0.0,0.0,0.0,0.0
1,0,0.0,0.0,0.0,0.0,0.0,0.0,0.0,0.0,0.0,0.0
1,0,0.0,0.0,0.0,0.0,0.0,0.0,0.0,0.0,0.0,0.0
1,0,0.0,0.0,0.0,0.0,0.0,0.0,0.0,0.0,0.0,0.0
1,0,0.0,0.0,0.0,0.0,0.0,0.0,0.0,0.0,0.0,0.0
1,0,0.0,0.0,0.0,0.0,0.0,0.0,0.0,0.0,0.0,0.0
1,0,0.0,0.0,0.0,0.0,0.0,0.0,0.0,0.0,0.0,0.0
1,0,0.0,0.0,0.0,0.0,0.0,0.0,0.0,0.0,0.0,0.0
1,0,0.0,0.0,0.0,0.0,0.0,0.0,0.0,0.0,0.0,0.0
1,0,0.0,0.0,0.0,0.0,0.0,0.0,0.0,0.0,0.0,0.0
1,0,0.0,0.0,0.0,0.0,0.0,0.0,0.0,0.0,0.0,0.0
1,0,0.0,0.0,0.0,0.0,0.0,0.0,0.0,0.0,0.0,0.0
1,0,0.0,0.0,0.0,0.0,0.0,0.0,0.0,0.0,0.0,0.0
1,0,0.0,0.0,0.0,0.0,0.0,0.0,0.0,0.0,0.0,0.0
1,0,0.0,0.0,0.0,0.0,0.0,0.0,0.0,0.0,0.0,0.0
1,0,0.0,0.0,0.0,0.0,0.0,0.0,0.0,0.0,0.0,0.0
1,0,0.0,0.0,0.0,0.0,0.0,0.0,0.0,0.0,0.0,0.0
1,0,0.0,0.0,0.0,0.0,0.0,0.0,0.0,0.0,0.0,0.0
1,0,0.0,0.0,0.0,0.0,0.0,0.0,0.0,0.0,0.0,0.0
1,0,0.0,0.0,0.0,0.0,0.0,0.0,0.0,0.0,0.0,0.0
1,0,0.0,0.0,0.0,0.0,0.0,0.0,0.0,0.0,0.0,0.0
1,0,0.0,0.0,0.0,0.0,0.0,0.0,0.0,0.0,0.0,0.0
1,0,0.0,0.0,0.0,0.0,0.0,0.0,0.0,0.0,0.0,0.0
1,0,0.0,0.0,0.0,0.0,0.0,0.0,0.0,0.0,0.0,0.0
1,0,0.0,0.0,0.0,0.0,0.0,0.0,0.0,0.0,0.0,0.0
1,0,0.0,0.0,0.0,0.0,0.0,0.0,0.0,0.0,0.0,0.0
1,0,0.0,0.0,0.0,0.0,0.0,0.0,0.0,0.0,0.0,0.0
1,0,0.0,0.0,0.0,0.0,0.0,0.0,0.0,0.0,0.0,0.0
1,0,0.0,0.0,0.0,0.0,0.0,0.0,0.0,0.0,0.0,0.0
1,0,0.0,0.0,0.0,0.0,0.0,0.0,0.0,0.0,0.0,0.0
1,0,0.0,0.0,0.0,0.0,0.0,0.0,0.0,0.0,0.0,0.0
1,0,0.0,0.0,0.0,0.0,0.0,0.0,0.0,0.0,0.0,0.0
1,0,0.0,0.0,0.0,0.0,0.0,0.0,0.0,0.0,0.0,0.0
1,0,0.0,0.0,0.0,0.0,0.0,0.0,0.0,0.0,0.0,0.0
1,0,0.0,0.0,0.0,0.0,0.0,0.0,0.0,0.0,0.0,0.0
1,0,0.0,0.0,0.0,0.0,0.0,0.0,0.0,0.0,0.0,0.0
1,0,0.0,0.0,0.0,0.0,0.0,0.0,0.0,0.0,0.0,0.0
1,0,0.0,0.0,0.0,0.0,0.0,0.0,0.0,0.0,0.0,0.0
1,0,0.0,0.0,0.0,0.0,0.0,0.0,0.0,0.0,0.0,0.0
1,0,0.0,0.0,0.0,0.0,0.0,0.0,0.0,0.0,0.0,0.0
1,0,0.0,0.0,0.0,0.0,0.0,0.0,0.0,0.0,0.0,0.0
1,0,0.0,0.0,0.0,0.0,0.0,0.0,0.0,0.0,0.0,0.0
1,0,0.0,0.0,0.0,0.0,0.0,0.0,0.0,0.0,0.0,0.0
1,0,0.0,0.0,0.0,0.0,0.0,0.0,0.0,0.0,0.0,0.0
1,0,0.0,0.0,0.0,0.0,0.0,0.0,0.0,0.0,0.0,0.0
1,0,0.0,0.0,0.0,0.0,0.0,0.0,0.0,0.0,0.0,0.0
1,0,0.0,0.0,0.0,0.0,0.0,0.0,0.0,0.0,0.0,0.0
1,0,0.0,0.0,0.0,0.0,0.0,0.0,0.0,0.0,0.0,0.0
1,0,0.0,0.0,0.0,0.0,0.0,0.0,0.0,0.0,0.0,0.0
1,0,0.0,0.0,0.0,0.0,0.0,0.0,0.0,0.0,0.0,0.0
1,0,0.0,0.0,0.0,0.0,0.0,0.0,0.0,0.0,0.0,0.0
1,0,0.0,0.0,0.0,0.0,0.0,0.0,0.0,0.0,0.0,0.0
1,0,0.0,0.0,0.0,0.0,0.0,0.0,0.0,0.0,0.0,0.0
1,0,0.0,0.0,0.0,0.0,0.0,0.0,0.0,0.0,0.0,0.0
1,0,0.0,0.0,0.0,0.0,0.0,0.0,0.0,0.0,0.0,0.0
1,0,0.0,0.0,0.0,0.0,0.0,0.0,0.0,0.0,0.0,0.0
1,0,0.0,0.0,0.0,0.0,0.0,0.0,0.0,0.0,0.0,0.0
1,0,0.0,0.0,0.0,0.0,0.0,0.0,0.0,0.0,0.0,0.0
1,0,0.0,0.0,0.0,0.0,0.0,0.0,0.0,0.0,0.0,0.0
1,0,0.0,0.0,0.0,0.0,0.0,0.0,0.0,0.0,0.0,0.0
1,0,0.0,0.0,0.0,0.0,0.0,0.0,0.0,0.0,0.0,0.0
1,0,0.0,0.0,0.0,0.0,0.0,0.0,0.0,0.0,0.0,0.0
1,0,0.0,0.0,0.0,0.0,0.0,0.0,0.0,0.0,0.0,0.0
1,0,0.0,0.0,0.0,0.0,0.0,0.0,0.0,0.0,0.0,0.0
1,0,0.0,0.0,0.0,0.0,0.0,0.0,0.0,0.0,0.0,0.0
1,0,0.0,0.0,0.0,0.0,0.0,0.0,0.0,0.0,0.0,0.0
1,0,0.0,0.0,0.0,0.0,0.0,0.0,0.0,0.0,0.0,0.0
1,0,0.0,0.0,0.0,0.0,0.0,0.0,0.0,0.0,0.0,0.0
1,0,0.0,0.0,0.0,0.0,0.0,0.0,0.0,0.0,0.0,0.0
1,0,0.0,0.0,0.0,0.0,0.0,0.0,0.0,0.0,0.0,0.0
1,0,0.0,0.0,0.0,0.0,0.0,0.0,0.0,0.0,0.0,0.0
1,0,0.0,0.0,0.0,0.0,0.0,0.0,0.0,0.0,0.0,0.0
1,0,0.0,0.0,0.0,0.0,0.0,0.0,0.0,0.0,0.0,0.0
1,0,0.0,0.0,0.0,0.0,0.0,0.0,0.0,0.0,0.0,0.0
1,0,0.0,0.0,0.0,0.0,0.0,0.0,0.0,0.0,0.0,0.0
1,0,0.0,0.0,0.0,0.0,0.0,0.0,0.0,0.0,0.0,0.0
1,0,0.0,0.0,0.0,0.0,0.0,0.0,0.0,0.0,0.0,0.0
1,0,0.0,0.0,0.0,0.0,0.0,0.0,0.0,0.0,0.0,0.0
1,0,0.0,0.0,0.0,0.0,0.0,0.0,0.0,0.0,0.0,0.0
1,0,0.0,0.0,0.0,0.0,0.0,0.0,0.0,0.0,0.0,0.0
1,0,0.0,0.0,0.0,0.0,0.0,0.0,0.0,0.0,0.0,0.0
1,0,0.0,0.0,0.0,0.0,0.0,0.0,0.0,0.0,0.0,0.0
1,0,0.0,0.0,0.0,0.0,0.0,0.0,0.0,0.0,0.0,0.0
1,0,0.0,0.0,0.0,0.0,0.0,0.0,0.0,0.0,0.0,0.0
1,0,0.0,0.0,0.0,0.0,0.0,0.0,0.0,0.0,0.0,0.0
1,0,0.0,0.0,0.0,0.0,0.0,0.0,0.0,0.0,0.0,0.0
1,0,0.0,0.0,0.0,0.0,0.0,0.0,0.0,0.0,0.0,0.0
1,0,0.0,0.0,0.0,0.0,0.0,0.0,0.0,0.0,0.0,0.0
1,0,0.0,0.0,0.0,0.0,0.0,0.0,0.0,0.0,0.0,0.0
1,0,0.0,0.0,0.0,0.0,0.0,0.0,0.0,0.0,0.0,0.0
1,0,0.0,0.0,0.0,0.0,0.0,0.0,0.0,0.0,0.0,0.0
1,0,0.0,0.0,0.0,0.0,0.0,0.0,0.0,0.0,0.0,0.0
1,0,0.0,0.0,0.0,0.0,0.0,0.0,0.0,0.0,0.0,0.0
1,0,0.0,0.0,0.0,0.0,0.0,0.0,0.0,0.0,0.0,0.0
1,0,0.0,0.0,0.0,0.0,0.0,0.0,0.0,0.0,0.0,0.0
1,0,0.0,0.0,0.0,0.0,0.0,0.0,0.0,0.0,0.0,0.0
1,0,0.0,0.0,0.0,0.0,0.0,0.0,0.0,0.0,0.0,0.0
1,0,0.0,0.0,0.0,0.0,0.0,0.0,0.0,0.0,0.0,0.0
1,0,0.0,0.0,0.0,0.0,0.0,0.0,0.0,0.0,0.0,0.0
1,0,0.0,0.0,0.0,0.0,0.0,0.0,0.0,0.0,0.0,0.0
1,0,0.0,0.0,0.0,0.0,0.0,0.0,0.0,0.0,0.0,0.0
1,0,0.0,0.0,0.0,0.0,0.0,0.0,0.0,0.0,0.0,0.0
1,0,0.0,0.0,0.0,0.0,0.0,0.0,0.0,0.0,0.0,0.0
1,0,0.0,0.0,0.0,0.0,0.0,0.0,0.0,0.0,0.0,0.0
1,0,0.0,0.0,0.0,0.0,0.0,0.0,0.0,0.0,0.0,0.0
1,0,0.0,0.0,0.0,0.0,0.0,0.0,0.0,0.0,0.0,0.0
1,0,0.0,0.0,0.0,0.0,0.0,0.0,0.0,0.0,0.0,0.0
1,0,0.0,0.0,0.0,0.0,0.0,0.0,0.0,0.0,0.0,0.0
1,0,0.0,0.0,0.0,0.0,0.0,0.0,0.0,0.0,0.0,0.0
1,0,0.0,0.0,0.0,0.0,0.0,0.0,0.0,0.0,0.0,0.0
1,0,0.0,0.0,0.0,0.0,0.0,0.0,0.0,0.0,0.0,0.0
1,0,0.0,0.0,0.0,0.0,0.0,0.0,0.0,0.0,0.0,0.0
1,0,0.0,0.0,0.0,0.0,0.0,0.0,0.0,0.0,0.0,0.0
1,0,0.0,0.0,0.0,0.0,0.0,0.0,0.0,0.0,0.0,0.0
1,0,0.0,0.0,0.0,0.0,0.0,0.0,0.0,0.0,0.0,0.0
1,0,0.0,0.0,0.0,0.0,0.0,0.0,0.0,0.0,0.0,0.0
1,0,0.0,0.0,0.0,0.0,0.0,0.0,0.0,0.0,0.0,0.0
1,0,0.0,0.0,0.0,0.0,0.0,0.0,0.0,0.0,0.0,0.0
1,0,0.0,0.0,0.0,0.0,0.0,0.0,0.0,0.0,0.0,0.0
1,0,0.0,0.0,0.0,0.0,0.0,0.0,0.0,0.0,0.0,0.0
1,0,0.0,0.0,0.0,0.0,0.0,0.0,0.0,0.0,0.0,0.0
1,0,0.0,0.0,0.0,0.0,0.0,0.0,0.0,0.0,0.0,0.0
1,0,0.0,0.0,0.0,0.0,0.0,0.0,0.0,0.0,0.0,0.0
1,0,0.0,0.0,0.0,0.0,0.0,0.0,0.0,0.0,0.0,0.0
1,0,0.0,0.0,0.0,0.0,0.0,0.0,0.0,0.0,0.0,0.0
1,0,0.0,0.0,0.0,0.0,0.0,0.0,0.0,0.0,0.0,0.0
1,0,0.0,0.0,0.0,0.0,0.0,0.0,0.0,0.0,0.0,0.0
1,0,0.0,0.0,0.0,0.0,0.0,0.0,0.0,0.0,0.0,0.0
1,0,0.0,0.0,0.0,0.0,0.0,0.0,0.0,0.0,0.0,0.0
1,0,0.0,0.0,0.0,0.0,0.0,0.0,0.0,0.0,0.0,0.0
1,0,0.0,0.0,0.0,0.0,0.0,0.0,0.0,0.0,0.0,0.0
1,0,0.0,0.0,0.0,0.0,0.0,0.0,0.0,0.0,0.0,0.0
1,0,0.0,0.0,0.0,0.0,0.0,0.0,0.0,0.0,0.0,0.0
1,0,0.0,0.0,0.0,0.0,0.0,0.0,0.0,0.0,0.0,0.0
1,0,0.0,0.0,0.0,0.0,0.0,0.0,0.0,0.0,0.0,0.0
1,0,0.0,0.0,0.0,0.0,0.0,0.0,0.0,0.0,0.0,0.0
1,0,0.0,0.0,0.0,0.0,0.0,0.0,0.0,0.0,0.0,0.0
1,0,0.0,0.0,0.0,0.0,0.0,0.0,0.0,0.0,0.0,0.0
1,0,0.0,0.0,0.0,0.0,0.0,0.0,0.0,0.0,0.0,0.0
1,0,0.0,0.0,0.0,0.0,0.0,0.0,0.0,0.0,0.0,0.0
1,0,0.0,0.0,0.0,0.0,0.0,0.0,0.0,0.0,0.0,0.0
1,0,0.0,0.0,0.0,0.0,0.0,0.0,0.0,0.0,0.0,0.0
1,0,0.0,0.0,0.0,0.0,0.0,0.0,0.0,0.0,0.0,0.0
1,0,0.0,0.0,0.0,0.0,0.0,0.0,0.0,0.0,0.0,0.0
1,0,0.0,0.0,0.0,0.0,0.0,0.0,0.0,0.0,0.0,0.0
1,0,0.0,0.0,0.0,0.0,0.0,0.0,0.0,0.0,0.0,0.0
1,0,0.0,0.0,0.0,0.0,0.0,0.0,0.0,0.0,0.0,0.0
1,0,0.0,0.0,0.0,0.0,0.0,0.0,0.0,0.0,0.0,0.0
1,0,0.0,0.0,0.0,0.0,0.0,0.0,0.0,0.0,0.0,0.0
1,0,0.0,0.0,0.0,0.0,0.0,0.0,0.0,0.0,0.0,0.0
1,0,0.0,0.0,0.0,0.0,0.0,0.0,0.0,0.0,0.0,0.0
1,0,0.0,0.0,0.0,0.0,0.0,0.0,0.0,0.0,0.0,0.0
1,0,0.0,0.0,0.0,0.0,0.0,0.0,0.0,0.0,0.0,0.0
1,0,0.0,0.0,0.0,0.0,0.0,0.0,0.0,0.0,0.0,0.0
1,0,0.0,0.0,0.0,0.0,0.0,0.0,0.0,0.0,0.0,0.0
1,0,0.0,0.0,0.0,0.0,0.0,0.0,0.0,0.0,0.0,0.0
1,0,0.0,0.0,0.0,0.0,0.0,0.0,0.0,0.0,0.0,0.0
1,0,0.0,0.0,0.0,0.0,0.0,0.0,0.0,0.0,0.0,0.0
1,0,0.0,0.0,0.0,0.0,0.0,0.0,0.0,0.0,0.0,0.0
1,0,0.0,0.0,0.0,0.0,0.0,0.0,0.0,0.0,0.0,0.0
1,0,0.0,0.0,0.0,0.0,0.0,0.0,0.0,0.0,0.0,0.0
1,0,0.0,0.0,0.0,0.0,0.0,0.0,0.0,0.0,0.0,0.0
1,0,0.0,0.0,0.0,0.0,0.0,0.0,0.0,0.0,0.0,0.0
1,0,0.0,0.0,0.0,0.0,0.0,0.0,0.0,0.0,0.0,0.0
1,0,0.0,0.0,0.0,0.0,0.0,0.0,0.0,0.0,0.0,0.0
1,0,0.0,0.0,0.0,0.0,0.0,0.0,0.0,0.0,0.0,0.0
1,0,0.0,0.0,0.0,0.0,0.0,0.0,0.0,0.0,0.0,0.0
1,0,0.0,0.0,0.0,0.0,0.0,0.0,0.0,0.0,0.0,0.0
1,0,0.0,0.0,0.0,0.0,0.0,0.0,0.0,0.0,0.0,0.0
1,0,0.0,0.0,0.0,0.0,0.0,0.0,0.0,0.0,0.0,0.0
1,0,0.0,0.0,0.0,0.0,0.0,0.0,0.0,0.0,0.0,0.0
1,0,0.0,0.0,0.0,0.0,0.0,0.0,0.0,0.0,0.0,0.0
1,0,0.0,0.0,0.0,0.0,0.0,0.0,0.0,0.0,0.0,0.0
1,0,0.0,0.0,0.0,0.0,0.0,0.0,0.0,0.0,0.0,0.0
1,0,0.0,0.0,0.0,0.0,0.0,0.0,0.0,0.0,0.0,0.0
1,0,0.0,0.0,0.0,0.0,0.0,0.0,0.0,0.0,0.0,0.0
1,0,0.0,0.0,0.0,0.0,0.0,0.0,0.0,0.0,0.0,0.0
1,0,0.0,0.0,0.0,0.0,0.0,0.0,0.0,0.0,0.0,0.0
1,0,0.0,0.0,0.0,0.0,0.0,0.0,0.0,0.0,0.0,0.0
1,0,0.0,0.0,0.0,0.0,0.0,0.0,0.0,0.0,0.0,0.0
1,0,0.0,0.0,0.0,0.0,0.0,0.0,0.0,0.0,0.0,0.0
1,0,0.0,0.0,0.0,0.0,0.0,0.0,0.0,0.0,0.0,0.0
1,0,0.0,0.0,0.0,0.0,0.0,0.0,0.0,0.0,0.0,0.0
1,0,0.0,0.0,0.0,0.0,0.0,0.0,0.0,0.0,0.0,0.0
1,0,0.0,0.0,0.0,0.0,0.0,0.0,0.0,0.0,0.0,0.0
1,0,0.0,0.0,0.0,0.0,0.0,0.0,0.0,0.0,0.0,0.0
1,0,0.0,0.0,0.0,0.0,0.0,0.0,0.0,0.0,0.0,0.0
1,0,0.0,0.0,0.0,0.0,0.0,0.0,0.0,0.0,0.0,0.0
1,0,0.0,0.0,0.0,0.0,0.0,0.0,0.0,0.0,0.0,0.0
1,0,0.0,0.0,0.0,0.0,0.0,0.0,0.0,0.0,0.0,0.0
1,0,0.0,0.0,0.0,0.0,0.0,0.0,0.0,0.0,0.0,0.0
1,0,0.0,0.0,0.0,0.0,0.0,0.0,0.0,0.0,0.0,0.0
1,0,0.0,0.0,0.0,0.0,0.0,0.0,0.0,0.0,0.0,0.0
1,0,0.0,0.0,0.0,0.0,0.0,0.0,0.0,0.0,0.0,0.0
1,0,0.0,0.0,0.0,0.0,0.0,0.0,0.0,0.0,0.0,0.0
1,0,0.0,0.0,0.0,0.0,0.0,0.0,0.0,0.0,0.0,0.0
1,0,0.0,0.0,0.0,0.0,0.0,0.0,0.0,0.0,0.0,0.0
1,0,0.0,0.0,0.0,0.0,0.0,0.0,0.0,0.0,0.0,0.0
1,0,0.0,0.0,0.0,0.0,0.0,0.0,0.0,0.0,0.0,0.0
1,0,0.0,0.0,0.0,0.0,0.0,0.0,0.0,0.0,0.0,0.0
1,0,0.0,0.0,0.0,0.0,0.0,0.0,0.0,0.0,0.0,0.0
1,0,0.0,0.0,0.0,0.0,0.0,0.0,0.0,0.0,0.0,0.0
1,0,0.0,0.0,0.0,0.0,0.0,0.0,0.0,0.0,0.0,0.0
1,1,0.0,0.0,0.0,0.0,0.0,0.0,0.0,0.0,0.0,0.0
1,1,0.0,0.0,0.0,0.0,0.0,0.0,0.0,0.0,0.0,0.0
1,1,0.0,0.0,0.0,0.0,0.0,0.0,0.0,0.0,0.0,0.0
1,1,0.0,0.0,0.0,0.0,0.0,0.0,0.0,0.0,0.0,0.0
1,1,0.0,0.0,0.0,0.0,0.0,0.0,0.0,0.0,0.0,0.0
1,1,0.0,0.0,0.0,0.0,0.0,0.0,0.0,0.0,0.0,0.0
1,1,0.0,0.0,0.0,0.0,0.0,0.0,0.0,0.0,0.0,0.0
1,1,0.0,0.0,0.0,0.0,0.0,0.0,0.0,0.0,0.0,0.0
1,1,0.0,0.0,0.0,0.0,0.0,0.0,0.0,0.0,0.0,0.0
1,1,0.0,0.0,0.0,0.0,0.0,0.0,0.0,0.0,0.0,0.0
1,1,0.0,0.0,0.0,0.0,0.0,0.0,0.0,0.0,0.0,0.0
1,1,0.0,0.0,0.0,0.0,0.0,0.0,0.0,0.0,0.0,0.0
1,1,0.0,0.0,0.0,0.0,0.0,0.0,0.0,0.0,0.0,0.0
1,1,0.0,0.0,0.0,0.0,0.0,0.0,0.0,0.0,0.0,0.0
1,1,0.0,0.0,0.0,0.0,0.0,0.0,0.0,0.0,0.0,0.0
1,1,0.0,0.0,0.0,0.0,0.0,0.0,0.0,0.0,0.0,0.0
1,1,0.0,0.0,0.0,0.0,0.0,0.0,0.0,0.0,0.0,0.0
1,1,0.0,0.0,0.0,0.0,0.0,0.0,0.0,0.0,0.0,0.0
1,1,0.0,0.0,0.0,0.0,0.0,0.0,0.0,0.0,0.0,0.0
1,1,0.0,0.0,0.0,0.0,0.0,0.0,0.0,0.0,0.0,0.0
1,1,0.0,0.0,0.0,0.0,0.0,0.0,0.0,0.0,0.0,0.0
1,1,0.0,0.0,0.0,0.0,0.0,0.0,0.0,0.0,0.0,0.0
1,1,0.0,0.0,0.0,0.0,0.0,0.0,0.0,0.0,0.0,0.0
1,1,0.0,0.0,0.0,0.0,0.0,0.0,0.0,0.0,0.0,0.0
1,1,0.0,0.0,0.0,0.0,0.0,0.0,0.0,0.0,0.0,0.0
1,1,0.0,0.0,0.0,0.0,0.0,0.0,0.0,0.0,0.0,0.0
1,1,0.0,0.0,0.0,0.0,0.0,0.0,0.0,0.0,0.0,0.0
1,1,0.0,0.0,0.0,0.0,0.0,0.0,0.0,0.0,0.0,0.0
1,1,0.0,0.0,0.0,0.0,0.0,0.0,0.0,0.0,0.0,0.0
1,1,0.0,0.0,0.0,0.0,0.0,0.0,0.0,0.0,0.0,0.0
1,1,0.0,0.0,0.0,0.0,0.0,0.0,0.0,0.0,0.0,0.0
1,1,0.0,0.0,0.0,0.0,0.0,0.0,0.0,0.0,0.0,0.0
1,1,0.0,0.0,0.0,0.0,0.0,0.0,0.0,0.0,0.0,0.0
1,1,0.0,0.0,0.0,0.0,0.0,0.0,0.0,0.0,0.0,0.0
1,1,0.0,0.0,0.0,0.0,0.0,0.0,0.0,0.0,0.0,0.0
1,1,0.0,0.0,0.0,0.0,0.0,0.0,0.0,0.0,0.0,0.0
1,1,0.0,0.0,0.0,0.0,0.0,0.0,0.0,0.0,0.0,0.0
1,1,0.0,0.0,0.0,0.0,0.0,0.0,0.0,0.0,0.0,0.0
1,1,0.0,0.0,0.0,0.0,0.0,0.0,0.0,0.0,0.0,0.0
1,1,0.0,0.0,0.0,0.0,0.0,0.0,0.0,0.0,0.0,0.0
1,1,0.0,0.0,0.0,0.0,0.0,0.0,0.0,0.0,0.0,0.0
1,1,0.0,0.0,0.0,0.0,0.0,0.0,0.0,0.0,0.0,0.0
1,1,0.0,0.0,0.0,0.0,0.0,0.0,0.0,0.0,0.0,0.0
1,1,0.0,0.0,0.0,0.0,0.0,0.0,0.0,0.0,0.0,0.0
1,1,0.0,0.0,0.0,0.0,0.0,0.0,0.0,0.0,0.0,0.0
1,1,0.0,0.0,0.0,0.0,0.0,0.0,0.0,0.0,0.0,0.0
1,1,0.0,0.0,0.0,0.0,0.0,0.0,0.0,0.0,0.0,0.0
1,1,0.0,0.0,0.0,0.0,0.0,0.0,0.0,0.0,0.0,0.0
1,1,0.0,0.0,0.0,0.0,0.0,0.0,0.0,0.0,0.0,0.0
1,1,0.0,0.0,0.0,0.0,0.0,0.0,0.0,0.0,0.0,0.0
1,1,0.0,0.0,0.0,0.0,0.0,0.0,0.0,0.0,0.0,0.0
1,1,0.0,0.0,0.0,0.0,0.0,0.0,0.0,0.0,0.0,0.0
1,1,0.0,0.0,0.0,0.0,0.0,0.0,0.0,0.0,0.0,0.0
1,1,0.0,0.0,0.0,0.0,0.0,0.0,0.0,0.0,0.0,0.0
1,1,0.0,0.0,0.0,0.0,0.0,0.0,0.0,0.0,0.0,0.0
1,1,0.0,0.0,0.0,0.0,0.0,0.0,0.0,0.0,0.0,0.0
1,1,0.0,0.0,0.0,0.0,0.0,0.0,0.0,0.0,0.0,0.0
1,1,0.0,0.0,0.0,0.0,0.0,0.0,0.0,0.0,0.0,0.0
1,1,0.0,0.0,0.0,0.0,0.0,0.0,0.0,0.0,0.0,0.0
1,1,0.0,0.0,0.0,0.0,0.0,0.0,0.0,0.0,0.0,0.0
1,1,0.0,0.0,0.0,0.0,0.0,0.0,0.0,0.0,0.0,0.0
1,1,0.0,0.0,0.0,0.0,0.0,0.0,0.0,0.0,0.0,0.0
1,1,0.0,0.0,0.0,0.0,0.0,0.0,0.0,0.0,0.0,0.0
1,1,0.0,0.0,0.0,0.0,0.0,0.0,0.0,0.0,0.0,0.0
1,1,0.0,0.0,0.0,0.0,0.0,0.0,0.0,0.0,0.0,0.0
1,1,0.0,0.0,0.0,0.0,0.0,0.0,0.0,0.0,0.0,0.0
1,1,0.0,0.0,0.0,0.0,0.0,0.0,0.0,0.0,0.0,0.0
1,1,0.0,0.0,0.0,0.0,0.0,0.0,0.0,0.0,0.0,0.0
1,1,0.0,0.0,0.0,0.0,0.0,0.0,0.0,0.0,0.0,0.0
1,1,0.0,0.0,0.0,0.0,0.0,0.0,0.0,0.0,0.0,0.0
1,1,0.0,0.0,0.0,0.0,0.0,0.0,0.0,0.0,0.0,0.0
1,1,0.0,0.0,0.0,0.0,0.0,0.0,0.0,0.0,0.0,0.0
1,1,0.0,0.0,0.0,0.0,0.0,0.0,0.0,0.0,0.0,0.0
1,1,0.0,0.0,0.0,0.0,0.0,0.0,0.0,0.0,0.0,0.0
1,1,0.0,0.0,0.0,0.0,0.0,0.0,0.0,0.0,0.0,0.0
1,1,0.0,0.0,0.0,0.0,0.0,0.0,0.0,0.0,0.0,0.0
1,1,0.0,0.0,0.0,0.0,0.0,0.0,0.0,0.0,0.0,0.0
1,1,0.0,0.0,0.0,0.0,0.0,0.0,0.0,0.0,0.0,0.0
1,1,0.0,0.0,0.0,0.0,0.0,0.0,0.0,0.0,0.0,0.0
1,1,0.0,0.0,0.0,0.0,0.0,0.0,0.0,0.0,0.0,0.0
1,1,0.0,0.0,0.0,0.0,0.0,0.0,0.0,0.0,0.0,0.0
1,1,0.0,0.0,0.0,0.0,0.0,0.0,0.0,0.0,0.0,0.0
1,1,0.0,0.0,0.0,0.0,0.0,0.0,0.0,0.0,0.0,0.0
1,1,0.0,0.0,0.0,0.0,0.0,0.0,0.0,0.0,0.0,0.0
1,1,0.0,0.0,0.0,0.0,0.0,0.0,0.0,0.0,0.0,0.0
1,1,0.0,0.0,0.0,0.0,0.0,0.0,0.0,0.0,0.0,0.0
1,1,0.0,0.0,0.0,0.0,0.0,0.0,0.0,0.0,0.0,0.0
1,1,0.0,0.0,0.0,0.0,0.0,0.0,0.0,0.0,0.0,0.0
1,1,0.0,0.0,0.0,0.0,0.0,0.0,0.0,0.0,0.0,0.0
1,1,0.0,0.0,0.0,0.0,0.0,0.0,0.0,0.0,0.0,0.0
1,1,0.0,0.0,0.0,0.0,0.0,0.0,0.0,0.0,0.0,0.0
1,1,0.0,0.0,0.0,0.0,0.0,0.0,0.0,0.0,0.0,0.0
1,1,0.0,0.0,0.0,0.0,0.0,0.0,0.0,0.0,0.0,0.0
1,1,0.0,0.0,0.0,0.0,0.0,0.0,0.0,0.0,0.0,0.0
1,1,0.0,0.0,0.0,0.0,0.0,0.0,0.0,0.0,0.0,0.0
1,1,0.0,0.0,0.0,0.0,0.0,0.0,0.0,0.0,0.0,0.0
1,1,0.0,0.0,0.0,0.0,0.0,0.0,0.0,0.0,0.0,0.0
1,1,0.0,0.0,0.0,0.0,0.0,0.0,0.0,0.0,0.0,0.0
1,1,0.0,0.0,0.0,0.0,0.0,0.0,0.0,0.0,0.0,0.0
1,1,0.0,0.0,0.0,0.0,0.0,0.0,0.0,0.0,0.0,0.0
1,1,0.8837209302,0.4285714286,0.4285714286,0.02857142857,0.01428571429,0.0,0.0,0.0,0.08571428571,0.01428571429
1,1,0.9007633588,0.527027027,0.3783783784,0.02702702703,0.0,0.01351351351,0.0,0.0,0.04054054054,0.01351351351
1,1,0.9253731343,0.1785714286,0.5,0.1547619048,0.0119047619,0.0,0.0,0.0,0.04761904762,0.1071428571
1,1,0.8636363636,0.453125,0.546875,0.0,0.0,0.0,0.0,0.0,0.0,0.0
1,1,0.9037037037,0.5616438356,0.4383561644,0.0,0.0,0.0,0.0,0.0,0.0,0.0
1,1,0.8307692308,0.5303030303,0.4696969697,0.0,0.0,0.0,0.0,0.0,0.0,0.0
1,1,0.8870967742,0.4848484848,0.5151515152,0.0,0.0,0.0,0.0,0.0,0.0,0.0
1,1,0.8721804511,0.4929577465,0.5070422535,0.0,0.0,0.0,0.0,0.0,0.0,0.0
1,1,0.8740740741,0.4084507042,0.3521126761,0.0,0.0,0.0,0.0,0.2394366197,0.0,0.0
1,1,0.8985507246,0.56,0.44,0.0,0.0,0.0,0.0,0.0,0.0,0.0
1,1,0.8787878788,0.4705882353,0.5294117647,0.0,0.0,0.0,0.0,0.0,0.0,0.0
1,1,0.8484848485,0.4761904762,0.5238095238,0.0,0.0,0.0,0.0,0.0,0.0,0.0
1,1,0.8852459016,0.4426229508,0.5573770492,0.0,0.0,0.0,0.0,0.0,0.0,0.0
1,1,0.9285714286,0.2872340426,0.09574468085,0.1382978723,0.414893617,0.0,0.0,0.0,0.06382978723,0.0
1,1,0.9130434783,0.5324675325,0.4675324675,0.0,0.0,0.0,0.0,0.0,0.0,0.0
1,1,0.8787878788,0.4603174603,0.4603174603,0.0,0.0,0.0,0.0,0.06349206349,0.01587301587,0.0
1,1,0.8461538462,0.46875,0.53125,0.0,0.0,0.0,0.0,0.0,0.0,0.0
1,1,0.9275362319,0.5217391304,0.2608695652,0.0,0.0,0.1739130435,0.0,0.0,0.04347826087,0.0
1,1,0.9064748201,0.5205479452,0.4794520548,0.0,0.0,0.0,0.0,0.0,0.0,0.0
1,1,0.8372093023,0.4576271186,0.5423728814,0.0,0.0,0.0,0.0,0.0,0.0,0.0
1,1,0.9130434783,0.5394736842,0.4605263158,0.0,0.0,0.0,0.0,0.0,0.0,0.0
1,1,0.9051094891,0.5466666667,0.4533333333,0.0,0.0,0.0,0.0,0.0,0.0,0.0
1,1,0.9064748201,0.56,0.44,0.0,0.0,0.0,0.0,0.0,0.0,0.0
1,1,0.9370629371,0.527027027,0.2702702703,0.0,0.0,0.1621621622,0.0,0.0,0.04054054054,0.0
1,1,0.8837209302,0.4305555556,0.375,0.09722222222,0.0,0.0,0.0,0.0,0.08333333333,0.01388888889
1,1,0.8549618321,0.4285714286,0.5714285714,0.0,0.0,0.0,0.0,0.0,0.0,0.0
1,1,0.8571428571,0.4492753623,0.4057971014,0.0,0.0,0.0,0.0,0.1449275362,0.0,0.0
1,1,0.8780487805,0.4848484848,0.5151515152,0.0,0.0,0.0,0.0,0.0,0.0,0.0
1,1,0.8595041322,0.406779661,0.593220339,0.0,0.0,0.0,0.0,0.0,0.0,0.0
1,1,0.8905109489,0.527027027,0.472972973,0.0,0.0,0.0,0.0,0.0,0.0,0.0
1,1,0.8656716418,0.4347826087,0.347826087,0.0,0.0,0.0,0.0,0.2173913043,0.0,0.0
1,1,0.828125,0.5166666667,0.4666666667,0.0,0.0,0.0,0.0,0.0,0.0,0.01666666667
1,1,0.8805970149,0.4769230769,0.4153846154,0.0,0.0,0.0,0.0,0.09230769231,0.01538461538,0.0
1,1,0.8970588235,0.5342465753,0.4657534247,0.0,0.0,0.0,0.0,0.0,0.0,0.0
1,1,0.8905109489,0.5416666667,0.4583333333,0.0,0.0,0.0,0.0,0.0,0.0,0.0
1,1,0.9352517986,0.2333333333,0.4666666667,0.1444444444,0.01111111111,0.0,0.0,0.0,0.05555555556,0.08888888889
1,1,0.921875,0.4677419355,0.3064516129,0.0,0.0,0.1774193548,0.0,0.0,0.04838709677,0.0
1,1,0.8888888889,0.4776119403,0.447761194,0.0,0.0,0.0,0.0,0.07462686567,0.0,0.0
1,1,0.8615384615,0.4927536232,0.5072463768,0.0,0.0,0.0,0.0,0.0,0.0,0.0
1,1,0.8787878788,0.447761194,0.552238806,0.0,0.0,0.0,0.0,0.0,0.0,0.0
1,1,0.8031496063,0.4333333333,0.4333333333,0.0,0.0,0.0,0.0,0.1333333333,0.0,0.0
1,1,0.8571428571,0.4782608696,0.4057971014,0.0,0.0,0.0,0.0,0.115942029,0.0,0.0
1,1,0.8396946565,0.5606060606,0.4393939394,0.0,0.0,0.0,0.0,0.0,0.0,0.0
1,1,0.8769230769,0.5238095238,0.4285714286,0.0,0.0,0.0,0.0,0.04761904762,0.0,0.0
1,1,0.8549618321,0.5072463768,0.347826087,0.0,0.0,0.01449275362,0.0,0.115942029,0.01449275362,0.0
1,1,0.9130434783,0.5324675325,0.4675324675,0.0,0.0,0.0,0.0,0.0,0.0,0.0
1,1,0.8992248062,0.3333333333,0.3461538462,0.1282051282,0.0,0.07692307692,0.0,0.0,0.1025641026,0.01282051282
1,1,0.8721804511,0.4923076923,0.4461538462,0.0,0.0,0.0,0.0,0.04615384615,0.01538461538,0.0
1,1,0.9051094891,0.527027027,0.472972973,0.0,0.0,0.0,0.0,0.0,0.0,0.0
1,1,0.9037037037,0.5,0.5,0.0,0.0,0.0,0.0,0.0,0.0,0.0
1,1,0.8769230769,0.4328358209,0.5671641791,0.0,0.0,0.0,0.0,0.0,0.0,0.0
1,1,0.8905109489,0.5342465753,0.4657534247,0.0,0.0,0.0,0.0,0.0,0.0,0.0
1,1,0.8870967742,0.4776119403,0.5223880597,0.0,0.0,0.0,0.0,0.0,0.0,0.0
1,1,0.9130434783,0.5373134328,0.2537313433,0.0,0.0,0.1641791045,0.0,0.0,0.0447761194,0.0
1,1,0.8905109489,0.5616438356,0.4383561644,0.0,0.0,0.0,0.0,0.0,0.0,0.0
1,1,0.8787878788,0.4558823529,0.5441176471,0.0,0.0,0.0,0.0,0.0,0.0,0.0
1,1,0.9352517986,0.5142857143,0.2714285714,0.0,0.0,0.1714285714,0.0,0.0,0.04285714286,0.0
1,1,0.8985507246,0.425,0.325,0.05,0.0125,0.1,0.0,0.0,0.0625,0.025
1,1,0.8769230769,0.421875,0.40625,0.0,0.0,0.0,0.0,0.15625,0.015625,0.0
1,1,0.8888888889,0.5675675676,0.4324324324,0.0,0.0,0.0,0.0,0.0,0.0,0.0
1,1,0.8636363636,0.5151515152,0.4393939394,0.0,0.0,0.0,0.0,0.04545454545,0.0,0.0
1,1,0.8721804511,0.5,0.5,0.0,0.0,0.0,0.0,0.0,0.0,0.0
1,1,0.8549618321,0.5147058824,0.4852941176,0.0,0.0,0.0,0.0,0.0,0.0,0.0
1,1,0.8721804511,0.4722222222,0.3611111111,0.0,0.0,0.01388888889,0.0,0.1388888889,0.01388888889,0.0
1,1,0.9130434783,0.5454545455,0.4545454545,0.0,0.0,0.0,0.0,0.0,0.0,0.0
1,1,0.8484848485,0.552238806,0.447761194,0.0,0.0,0.0,0.0,0.0,0.0,0.0
1,1,0.9051094891,0.56,0.44,0.0,0.0,0.0,0.0,0.0,0.0,0.0
1,1,0.8787878788,0.4769230769,0.4307692308,0.0,0.0,0.0,0.0,0.07692307692,0.01538461538,0.0
1,1,0.8985507246,0.2345679012,0.4814814815,0.1481481481,0.01234567901,0.0,0.0,0.0,0.03703703704,0.08641975309
1,1,0.8524590164,0.5,0.5,0.0,0.0,0.0,0.0,0.0,0.0,0.0
1,1,0.9051094891,0.5068493151,0.4931506849,0.0,0.0,0.0,0.0,0.0,0.0,0.0
1,1,0.8721804511,0.5070422535,0.4929577465,0.0,0.0,0.0,0.0,0.0,0.0,0.0
1,1,0.8721804511,0.447761194,0.552238806,0.0,0.0,0.0,0.0,0.0,0.0,0.0
1,1,0.8636363636,0.5294117647,0.4705882353,0.0,0.0,0.0,0.0,0.0,0.0,0.0
1,1,0.8721804511,0.447761194,0.552238806,0.0,0.0,0.0,0.0,0.0,0.0,0.0
1,1,0.9051094891,0.5657894737,0.4342105263,0.0,0.0,0.0,0.0,0.0,0.0,0.0
1,1,0.816,0.5147058824,0.3970588235,0.0,0.0,0.01470588235,0.0,0.0,0.07352941176,0.0
1,1,0.8852459016,0.4406779661,0.4237288136,0.0,0.0,0.0,0.0,0.1016949153,0.03389830508,0.0
1,1,0.868852459,0.4736842105,0.4210526316,0.0,0.0,0.0,0.0,0.0701754386,0.0350877193,0.0
1,1,0.8939393939,0.2592592593,0.4814814815,0.1234567901,0.01234567901,0.0,0.0,0.0,0.03703703704,0.08641975309
1,1,0.8787878788,0.5151515152,0.4242424242,0.0,0.0,0.0,0.0,0.04545454545,0.01515151515,0.0
1,1,0.8721804511,0.4603174603,0.380952381,0.0,0.0,0.01587301587,0.0,0.126984127,0.01587301587,0.0
1,1,0.8721804511,0.4558823529,0.3970588235,0.0,0.0,0.0,0.0,0.1323529412,0.01470588235,0.0
1,1,0.8656716418,0.4366197183,0.4225352113,0.0,0.0,0.0,0.0,0.1408450704,0.0,0.0
1,1,0.8870967742,0.4444444444,0.5555555556,0.0,0.0,0.0,0.0,0.0,0.0,0.0
1,1,0.8307692308,0.5161290323,0.3225806452,0.0,0.0,0.01612903226,0.0,0.1451612903,0.0,0.0
1,1,0.9051094891,0.4925373134,0.447761194,0.0,0.0,0.0,0.0,0.0,0.05970149254,0.0
1,1,0.8721804511,0.4516129032,0.4516129032,0.0,0.0,0.0,0.0,0.08064516129,0.01612903226,0.0
1,1,0.8888888889,0.4516129032,0.4677419355,0.0,0.0,0.0,0.0,0.06451612903,0.01612903226,0.0
1,1,0.8549618321,0.5147058824,0.3676470588,0.0,0.0,0.0,0.0,0.1176470588,0.0,0.0
1,1,0.8360655738,0.5084745763,0.3728813559,0.0,0.0,0.0,0.0,0.0,0.0,0.1186440678
1,1,0.8636363636,0.4925373134,0.5074626866,0.0,0.0,0.0,0.0,0.0,0.0,0.0
1,1,0.8571428571,0.4637681159,0.4202898551,0.0,0.0,0.0,0.0,0.115942029,0.0,0.0
1,1,0.9051094891,0.5,0.5,0.0,0.0,0.0,0.0,0.0,0.0,0.0
1,1,0.8095238095,0.4626865672,0.4626865672,0.0,0.0,0.0,0.0,0.01492537313,0.05970149254,0.0
1,1,0.8780487805,0.4333333333,0.4166666667,0.0,0.0,0.0,0.0,0.1333333333,0.01666666667,0.0
1,1,0.9051094891,0.5466666667,0.4533333333,0.0,0.0,0.0,0.0,0.0,0.0,0.0
1,1,0.8905109489,0.4861111111,0.5138888889,0.0,0.0,0.0,0.0,0.0,0.0,0.0
1,1,0.868852459,0.4262295082,0.3770491803,0.0,0.0,0.01639344262,0.0,0.1639344262,0.01639344262,0.0
1,1,0.8721804511,0.5416666667,0.4583333333,0.0,0.0,0.0,0.0,0.0,0.0,0.0
1,1,0.8372093023,0.5,0.3666666667,0.0,0.0,0.01666666667,0.0,0.1166666667,0.0,0.0
1,1,0.9076923077,0.4303797468,0.3291139241,0.1265822785,0.0,0.0,0.0,0.0,0.1139240506,0.0
1,1,0.8549618321,0.5230769231,0.4307692308,0.0,0.0,0.0,0.0,0.04615384615,0.0,0.0
1,1,0.8636363636,0.4927536232,0.5072463768,0.0,0.0,0.0,0.0,0.0,0.0,0.0
1,1,0.8740740741,0.5,0.5,0.0,0.0,0.0,0.0,0.0,0.0,0.0
1,1,0.8787878788,0.4615384615,0.4461538462,0.0,0.0,0.0,0.0,0.07692307692,0.01538461538,0.0
1,1,0.8636363636,0.4426229508,0.4590163934,0.0,0.0,0.0,0.0,0.08196721311,0.01639344262,0.0
1,1,0.8549618321,0.4375,0.5625,0.0,0.0,0.0,0.0,0.0,0.0,0.0
1,1,0.8346456693,0.4915254237,0.3559322034,0.0,0.0,0.01694915254,0.0,0.1186440678,0.01694915254,0.0
1,1,0.8484848485,0.4769230769,0.4461538462,0.0,0.0,0.0,0.0,0.07692307692,0.0,0.0
1,1,0.8656716418,0.5074626866,0.447761194,0.0,0.0,0.0,0.0,0.0447761194,0.0,0.0
1,1,0.828125,0.4761904762,0.5238095238,0.0,0.0,0.0,0.0,0.0,0.0,0.0
1,1,0.8,0.5689655172,0.3103448276,0.0,0.03448275862,0.08620689655,0.0,0.0,0.0,0.0
1,1,0.9160305344,0.1625,0.5125,0.1625,0.0125,0.0,0.0,0.0,0.05,0.1
1,1,0.8721804511,0.4590163934,0.4754098361,0.0,0.0,0.0,0.0,0.04918032787,0.01639344262,0.0
1,1,0.8636363636,0.5652173913,0.4347826087,0.0,0.0,0.0,0.0,0.0,0.0,0.0
1,1,0.9130434783,0.5641025641,0.4358974359,0.0,0.0,0.0,0.0,0.0,0.0,0.0
1,1,0.8805970149,0.4782608696,0.5217391304,0.0,0.0,0.0,0.0,0.0,0.0,0.0
1,1,0.8253968254,0.4333333333,0.5666666667,0.0,0.0,0.0,0.0,0.0,0.0,0.0
1,1,0.9037037037,0.56,0.44,0.0,0.0,0.0,0.0,0.0,0.0,0.0
1,1,0.9130434783,0.5584415584,0.4415584416,0.0,0.0,0.0,0.0,0.0,0.0,0.0
1,1,0.8615384615,0.46875,0.53125,0.0,0.0,0.0,0.0,0.0,0.0,0.0
1,1,0.8985507246,0.5,0.5,0.0,0.0,0.0,0.0,0.0,0.0,0.0
1,1,0.7666666667,0.4827586207,0.4137931034,0.0,0.0,0.0,0.0,0.0,0.08620689655,0.01724137931
1,1,0.9160305344,0.3928571429,0.369047619,0.130952381,0.0,0.0,0.0,0.0,0.1071428571,0.0
1,1,0.8805970149,0.5277777778,0.4722222222,0.0,0.0,0.0,0.0,0.0,0.0,0.0
1,1,0.8307692308,0.4769230769,0.3230769231,0.0,0.0,0.01538461538,0.0,0.1846153846,0.0,0.0
1,1,0.8571428571,0.447761194,0.328358209,0.0,0.0,0.0,0.0,0.223880597,0.0,0.0
1,1,0.8805970149,0.4848484848,0.4393939394,0.0,0.0,0.0,0.0,0.06060606061,0.01515151515,0.0
1,1,0.8787878788,0.4696969697,0.4090909091,0.0,0.0,0.0,0.0,0.1060606061,0.01515151515,0.0
1,1,0.8636363636,0.4126984127,0.5873015873,0.0,0.0,0.0,0.0,0.0,0.0,0.0
1,1,0.8346456693,0.5079365079,0.4920634921,0.0,0.0,0.0,0.0,0.0,0.0,0.0
1,1,0.8307692308,0.4833333333,0.5166666667,0.0,0.0,0.0,0.0,0.0,0.0,0.0
1,1,0.8615384615,0.4761904762,0.4444444444,0.0,0.0,0.0,0.0,0.06349206349,0.01587301587,0.0
1,1,0.8188976378,0.5084745763,0.4745762712,0.0,0.0,0.0,0.0,0.0,0.0,0.01694915254
1,1,0.9090909091,0.5,0.2875,0.125,0.0125,0.0,0.0,0.0,0.075,0.0
1,1,0.912,0.4745762712,0.2881355932,0.0,0.0,0.186440678,0.0,0.0,0.05084745763,0.0
1,1,0.9051094891,0.527027027,0.472972973,0.0,0.0,0.0,0.0,0.0,0.0,0.0
1,1,0.8740740741,0.5342465753,0.4657534247,0.0,0.0,0.0,0.0,0.0,0.0,0.0
1,1,0.8549618321,0.447761194,0.552238806,0.0,0.0,0.0,0.0,0.0,0.0,0.0
1,1,0.85,0.4107142857,0.3928571429,0.0,0.0,0.0,0.0,0.1785714286,0.01785714286,0.0
1,1,0.8721804511,0.5142857143,0.4142857143,0.0,0.0,0.0,0.0,0.07142857143,0.0,0.0
1,1,0.8461538462,0.5303030303,0.4696969697,0.0,0.0,0.0,0.0,0.0,0.0,0.0
1,1,0.8682170543,0.4375,0.5625,0.0,0.0,0.0,0.0,0.0,0.0,0.0
1,1,0.8188976378,0.4920634921,0.5079365079,0.0,0.0,0.0,0.0,0.0,0.0,0.0
1,1,0.868852459,0.4426229508,0.5573770492,0.0,0.0,0.0,0.0,0.0,0.0,0.0
1,1,0.8905109489,0.5180722892,0.2771084337,0.0843373494,0.0,0.01204819277,0.0,0.0,0.09638554217,0.01204819277
1,1,0.8780487805,0.4310344828,0.4655172414,0.0,0.0,0.0,0.0,0.08620689655,0.01724137931,0.0
1,1,0.8549618321,0.4307692308,0.4307692308,0.0,0.0,0.0,0.0,0.1230769231,0.01538461538,0.0
1,1,0.7903225806,0.5333333333,0.3833333333,0.0,0.0,0.01666666667,0.0,0.0,0.06666666667,0.0
1,1,0.8805970149,0.4615384615,0.4307692308,0.0,0.0,0.0,0.0,0.09230769231,0.01538461538,0.0
1,1,0.8549618321,0.4769230769,0.3076923077,0.0,0.0,0.01538461538,0.0,0.1846153846,0.01538461538,0.0
1,1,0.8787878788,0.4393939394,0.4242424242,0.0,0.0,0.0,0.0,0.1363636364,0.0,0.0
1,1,0.8636363636,0.5,0.5,0.0,0.0,0.0,0.0,0.0,0.0,0.0
1,1,0.8702290076,0.453125,0.546875,0.0,0.0,0.0,0.0,0.0,0.0,0.0
1,1,0.8721804511,0.484375,0.4375,0.0,0.0,0.0,0.0,0.0625,0.015625,0.0
1,1,0.8760330579,0.5079365079,0.4920634921,0.0,0.0,0.0,0.0,0.0,0.0,0.0
1,1,0.8923076923,0.4166666667,0.4166666667,0.02777777778,0.01388888889,0.04166666667,0.0,0.0,0.04166666667,0.04166666667
1,1,0.8721804511,0.4857142857,0.5142857143,0.0,0.0,0.0,0.0,0.0,0.0,0.0
1,1,0.8970588235,0.5211267606,0.4788732394,0.0,0.0,0.0,0.0,0.0,0.0,0.0
1,1,0.7768595041,0.5185185185,0.4814814815,0.0,0.0,0.0,0.0,0.0,0.0,0.0
1,1,0.85,0.4736842105,0.3859649123,0.0,0.0,0.0,0.0,0.1052631579,0.0350877193,0.0
1,1,0.8872180451,0.4769230769,0.4307692308,0.0,0.0,0.0,0.0,0.07692307692,0.01538461538,0.0
1,1,0.9051094891,0.5135135135,0.4864864865,0.0,0.0,0.0,0.0,0.0,0.0,0.0
1,1,0.8656716418,0.4852941176,0.5147058824,0.0,0.0,0.0,0.0,0.0,0.0,0.0
1,1,0.9051094891,0.5405405405,0.4594594595,0.0,0.0,0.0,0.0,0.0,0.0,0.0
1,1,0.8780487805,0.4776119403,0.5223880597,0.0,0.0,0.0,0.0,0.0,0.0,0.0
1,1,0.8888888889,0.5,0.5,0.0,0.0,0.0,0.0,0.0,0.0,0.0
1,1,0.9219858156,0.3085106383,0.4361702128,0.01063829787,0.01063829787,0.0,0.0,0.0,0.1170212766,0.1170212766
1,1,0.8636363636,0.4393939394,0.5606060606,0.0,0.0,0.0,0.0,0.0,0.0,0.0
1,1,0.8636363636,0.5303030303,0.4696969697,0.0,0.0,0.0,0.0,0.0,0.0,0.0
1,1,0.8571428571,0.46875,0.453125,0.0,0.0,0.0,0.0,0.078125,0.0,0.0
1,1,0.8571428571,0.462962963,0.4259259259,0.0,0.0,0.0,0.0,0.07407407407,0.03703703704,0.0
1,1,0.8888888889,0.5540540541,0.4459459459,0.0,0.0,0.0,0.0,0.0,0.0,0.0
1,1,0.8823529412,0.4929577465,0.5070422535,0.0,0.0,0.0,0.0,0.0,0.0,0.0
1,1,0.9117647059,0.5147058824,0.2794117647,0.0,0.0,0.1911764706,0.0,0.0,0.01470588235,0.0
1,1,0.8709677419,0.4677419355,0.5322580645,0.0,0.0,0.0,0.0,0.0,0.0,0.0
1,1,0.8805970149,0.4677419355,0.4516129032,0.0,0.0,0.0,0.0,0.06451612903,0.01612903226,0.0
1,1,0.890625,0.4153846154,0.4307692308,0.0,0.0,0.0,0.0,0.1384615385,0.01538461538,0.0
1,1,0.8740740741,0.3714285714,0.4,0.1285714286,0.0,0.07142857143,0.0,0.0,0.01428571429,0.01428571429
1,1,0.9436619718,0.5205479452,0.2739726027,0.0,0.0,0.1643835616,0.0,0.0,0.04109589041,0.0
1,1,0.8721804511,0.4929577465,0.5070422535,0.0,0.0,0.0,0.0,0.0,0.0,0.0
1,1,0.9037037037,0.527027027,0.472972973,0.0,0.0,0.0,0.0,0.0,0.0,0.0
1,1,0.9130434783,0.5584415584,0.4415584416,0.0,0.0,0.0,0.0,0.0,0.0,0.0
1,1,0.8805970149,0.4714285714,0.5285714286,0.0,0.0,0.0,0.0,0.0,0.0,0.0
1,1,0.8666666667,0.4642857143,0.4285714286,0.0,0.0,0.0,0.0,0.08928571429,0.01785714286,0.0
1,1,0.8805970149,0.4193548387,0.4677419355,0.0,0.0,0.0,0.0,0.09677419355,0.01612903226,0.0
1,1,0.828125,0.4310344828,0.5689655172,0.0,0.0,0.0,0.0,0.0,0.0,0.0
1,1,0.8805970149,0.4920634921,0.4285714286,0.0,0.0,0.0,0.0,0.06349206349,0.01587301587,0.0
1,1,0.88,0.4,0.6,0.0,0.0,0.0,0.0,0.0,0.0,0.0
1,1,0.9022556391,0.3975903614,0.3253012048,0.1084337349,0.01204819277,0.04819277108,0.0,0.0,0.09638554217,0.01204819277
1,1,0.8888888889,0.4696969697,0.4545454545,0.0,0.0,0.0,0.0,0.06060606061,0.01515151515,0.0
1,1,0.8571428571,0.4642857143,0.4285714286,0.0,0.0,0.0,0.0,0.08928571429,0.01785714286,0.0
1,1,0.8787878788,0.4558823529,0.5441176471,0.0,0.0,0.0,0.0,0.0,0.0,0.0
1,1,0.8527131783,0.435483871,0.564516129,0.0,0.0,0.0,0.0,0.0,0.0,0.0
1,1,0.9051094891,0.5657894737,0.4342105263,0.0,0.0,0.0,0.0,0.0,0.0,0.0
1,1,0.8461538462,0.4516129032,0.5483870968,0.0,0.0,0.0,0.0,0.0,0.0,0.0
1,1,0.8805970149,0.4571428571,0.5428571429,0.0,0.0,0.0,0.0,0.0,0.0,0.0
1,1,0.8721804511,0.4558823529,0.5441176471,0.0,0.0,0.0,0.0,0.0,0.0,0.0
1,1,0.8549618321,0.5454545455,0.4545454545,0.0,0.0,0.0,0.0,0.0,0.0,0.0
1,1,0.8854961832,0.5076923077,0.4153846154,0.0,0.0,0.0,0.0,0.06153846154,0.01538461538,0.0
1,1,0.8307692308,0.4696969697,0.4090909091,0.01515151515,0.0,0.0,0.0,0.0,0.01515151515,0.09090909091
1,1,0.8787878788,0.5714285714,0.4285714286,0.0,0.0,0.0,0.0,0.0,0.0,0.0
1,1,0.8970588235,0.5205479452,0.4794520548,0.0,0.0,0.0,0.0,0.0,0.0,0.0
1,1,0.8872180451,0.4705882353,0.4264705882,0.0,0.0,0.0,0.0,0.08823529412,0.01470588235,0.0
1,1,0.8595041322,0.4545454545,0.3818181818,0.0,0.0,0.01818181818,0.0,0.1090909091,0.03636363636,0.0
1,1,0.8636363636,0.4927536232,0.5072463768,0.0,0.0,0.0,0.0,0.0,0.0,0.0
1,1,0.8970588235,0.5540540541,0.4459459459,0.0,0.0,0.0,0.0,0.0,0.0,0.0
1,1,0.9051094891,0.5540540541,0.4459459459,0.0,0.0,0.0,0.0,0.0,0.0,0.0
1,1,0.8870967742,0.4776119403,0.5223880597,0.0,0.0,0.0,0.0,0.0,0.0,0.0
1,1,0.9051094891,0.5333333333,0.4666666667,0.0,0.0,0.0,0.0,0.0,0.0,0.0
1,1,0.832,0.4576271186,0.406779661,0.0,0.0,0.0,0.0,0.1355932203,0.0,0.0
1,1,0.9253731343,0.2666666667,0.05555555556,0.1222222222,0.4777777778,0.0,0.0,0.0,0.07777777778,0.0
1,1,0.828125,0.5084745763,0.4745762712,0.0,0.0,0.0,0.0,0.0,0.0,0.01694915254
1,1,0.8571428571,0.4259259259,0.4074074074,0.0,0.0,0.0,0.0,0.1481481481,0.01851851852,0.0
1,1,0.8620689655,0.4444444444,0.4074074074,0.0,0.0,0.0,0.0,0.1111111111,0.03703703704,0.0
1,1,0.9051094891,0.5070422535,0.4929577465,0.0,0.0,0.0,0.0,0.0,0.0,0.0
1,1,0.8970588235,0.5135135135,0.4864864865,0.0,0.0,0.0,0.0,0.0,0.0,0.0
1,1,0.8484848485,0.4603174603,0.4603174603,0.0,0.0,0.0,0.0,0.07936507937,0.0,0.0
1,1,0.868852459,0.46875,0.53125,0.0,0.0,0.0,0.0,0.0,0.0,0.0
1,1,0.8636363636,0.5,0.5,0.0,0.0,0.0,0.0,0.0,0.0,0.0
1,1,0.8031496063,0.5074626866,0.4179104478,0.0,0.0,0.0,0.0,0.0,0.07462686567,0.0
1,1,0.8970588235,0.5205479452,0.4794520548,0.0,0.0,0.0,0.0,0.0,0.0,0.0
1,1,0.8888888889,0.5185185185,0.2839506173,0.06172839506,0.0,0.01234567901,0.0,0.0,0.0987654321,0.02469135802
1,1,0.8837209302,0.4096385542,0.3614457831,0.07228915663,0.0,0.0,0.0,0.0,0.1325301205,0.02409638554
1,1,0.8636363636,0.5076923077,0.4461538462,0.0,0.0,0.0,0.0,0.04615384615,0.0,0.0
1,1,0.8805970149,0.4782608696,0.5217391304,0.0,0.0,0.0,0.0,0.0,0.0,0.0
1,1,0.8484848485,0.5,0.453125,0.0,0.0,0.0,0.0,0.046875,0.0,0.0
1,1,0.9117647059,0.527027027,0.472972973,0.0,0.0,0.0,0.0,0.0,0.0,0.0
1,1,0.8275862069,0.4776119403,0.2089552239,0.0,0.0,0.01492537313,0.0,0.2985074627,0.0,0.0
1,1,0.8970588235,0.5138888889,0.4861111111,0.0,0.0,0.0,0.0,0.0,0.0,0.0
1,1,0.8656716418,0.5285714286,0.4714285714,0.0,0.0,0.0,0.0,0.0,0.0,0.0
1,1,0.8805970149,0.4637681159,0.3623188406,0.0,0.0,0.0,0.0,0.1594202899,0.01449275362,0.0
1,1,0.8852459016,0.4848484848,0.5151515152,0.0,0.0,0.0,0.0,0.0,0.0,0.0
1,1,0.8721804511,0.5151515152,0.4090909091,0.0,0.0,0.0,0.0,0.06060606061,0.01515151515,0.0
1,1,0.9022556391,0.5,0.4054054054,0.02702702703,0.0,0.01351351351,0.0,0.0,0.04054054054,0.01351351351
1,1,0.8125,0.4677419355,0.5322580645,0.0,0.0,0.0,0.0,0.0,0.0,0.0
1,1,0.8474576271,0.5,0.4074074074,0.0,0.0,0.0,0.0,0.05555555556,0.03703703704,0.0
1,1,0.8760330579,0.4761904762,0.5238095238,0.0,0.0,0.0,0.0,0.0,0.0,0.0
1,1,0.8549618321,0.4923076923,0.4,0.0,0.0,0.0,0.0,0.09230769231,0.01538461538,0.0
1,1,0.8376068376,0.4074074074,0.4074074074,0.0,0.0,0.0,0.0,0.1851851852,0.0,0.0
1,1,0.8805970149,0.4761904762,0.4444444444,0.0,0.0,0.0,0.0,0.06349206349,0.01587301587,0.0
1,1,0.9104477612,0.5138888889,0.4861111111,0.0,0.0,0.0,0.0,0.0,0.0,0.0
1,1,0.9117647059,0.5135135135,0.4864864865,0.0,0.0,0.0,0.0,0.0,0.0,0.0
1,1,0.8656716418,0.4776119403,0.5223880597,0.0,0.0,0.0,0.0,0.0,0.0,0.0
1,1,0.8888888889,0.5,0.4264705882,0.0,0.0,0.0,0.0,0.07352941176,0.0,0.0
1,1,0.890625,0.4109589041,0.3561643836,0.05479452055,0.0,0.05479452055,0.0,0.0,0.06849315068,0.05479452055
1,1,0.8571428571,0.4626865672,0.4328358209,0.0,0.0,0.0,0.0,0.1044776119,0.0,0.0
1,1,0.9051094891,0.5657894737,0.4342105263,0.0,0.0,0.0,0.0,0.0,0.0,0.0
1,1,0.84375,0.4838709677,0.5161290323,0.0,0.0,0.0,0.0,0.0,0.0,0.0
1,1,0.8636363636,0.4615384615,0.5384615385,0.0,0.0,0.0,0.0,0.0,0.0,0.0
1,1,0.8549618321,0.5074626866,0.4925373134,0.0,0.0,0.0,0.0,0.0,0.0,0.0
1,1,0.8970588235,0.5147058824,0.4852941176,0.0,0.0,0.0,0.0,0.0,0.0,0.0
1,1,0.8787878788,0.5571428571,0.4428571429,0.0,0.0,0.0,0.0,0.0,0.0,0.0
1,1,0.7833333333,0.5161290323,0.4032258065,0.0,0.0,0.0,0.0,0.0,0.08064516129,0.0
1,1,0.8549618321,0.5,0.4242424242,0.0,0.0,0.0,0.0,0.07575757576,0.0,0.0
1,1,0.8636363636,0.4637681159,0.5362318841,0.0,0.0,0.0,0.0,0.0,0.0,0.0
1,1,0.8333333333,0.5263157895,0.350877193,0.0,0.0,0.0,0.0,0.0,0.0,0.1228070175
1,1,0.9051094891,0.5454545455,0.4545454545,0.0,0.0,0.0,0.0,0.0,0.0,0.0
1,1,0.8721804511,0.4776119403,0.3880597015,0.0,0.0,0.0,0.0,0.1343283582,0.0,0.0
1,1,0.8780487805,0.4745762712,0.3728813559,0.0,0.0,0.0,0.0,0.1355932203,0.01694915254,0.0
1,1,0.8955223881,0.5072463768,0.4927536232,0.0,0.0,0.0,0.0,0.0,0.0,0.0
1,1,0.8666666667,0.484375,0.515625,0.0,0.0,0.0,0.0,0.0,0.0,0.0
1,1,0.9037037037,0.5416666667,0.4583333333,0.0,0.0,0.0,0.0,0.0,0.0,0.0
1,1,0.8549618321,0.435483871,0.564516129,0.0,0.0,0.0,0.0,0.0,0.0,0.0
1,1,0.8721804511,0.4929577465,0.5070422535,0.0,0.0,0.0,0.0,0.0,0.0,0.0
1,1,0.9117647059,0.5,0.5,0.0,0.0,0.0,0.0,0.0,0.0,0.0
1,1,0.8571428571,0.4848484848,0.4393939394,0.0,0.0,0.0,0.0,0.07575757576,0.0,0.0
1,1,0.9022556391,0.5977011494,0.367816092,0.0,0.0,0.0,0.0,0.0,0.0,0.03448275862
1,1,0.8888888889,0.4571428571,0.5428571429,0.0,0.0,0.0,0.0,0.0,0.0,0.0
1,1,0.9130434783,0.52,0.48,0.0,0.0,0.0,0.0,0.0,0.0,0.0
1,1,0.8549618321,0.552238806,0.447761194,0.0,0.0,0.0,0.0,0.0,0.0,0.0
1,1,0.8372093023,0.5,0.4838709677,0.0,0.0,0.0,0.0,0.0,0.0,0.01612903226
1,1,0.8636363636,0.4375,0.5625,0.0,0.0,0.0,0.0,0.0,0.0,0.0
1,1,0.8970588235,0.5138888889,0.4861111111,0.0,0.0,0.0,0.0,0.0,0.0,0.0
1,1,0.8852459016,0.484375,0.515625,0.0,0.0,0.0,0.0,0.0,0.0,0.0
1,1,0.8833333333,0.53125,0.46875,0.0,0.0,0.0,0.0,0.0,0.0,0.0
1,1,0.8805970149,0.4507042254,0.3098591549,0.0,0.0,0.0,0.0,0.2394366197,0.0,0.0
1,1,0.8721804511,0.4558823529,0.5441176471,0.0,0.0,0.0,0.0,0.0,0.0,0.0
1,1,0.9090909091,0.175,0.5,0.1625,0.0125,0.0,0.0,0.0,0.05,0.1
1,1,0.9022556391,0.5142857143,0.4857142857,0.0,0.0,0.0,0.0,0.0,0.0,0.0
1,1,0.8527131783,0.4666666667,0.4666666667,0.0,0.0,0.0,0.0,0.06666666667,0.0,0.0
1,1,0.9130434783,0.5066666667,0.4933333333,0.0,0.0,0.0,0.0,0.0,0.0,0.0
1,1,0.8955223881,0.5405405405,0.4594594595,0.0,0.0,0.0,0.0,0.0,0.0,0.0
1,1,0.8780487805,0.4756097561,0.3414634146,0.0,0.0,0.0,0.0,0.1585365854,0.0,0.0243902439
1,1,0.9352517986,0.4857142857,0.2857142857,0.0,0.0,0.1857142857,0.0,0.0,0.04285714286,0.0
1,1,0.8702290076,0.4426229508,0.4590163934,0.0,0.0,0.0,0.0,0.08196721311,0.01639344262,0.0
1,1,0.8780487805,0.453125,0.546875,0.0,0.0,0.0,0.0,0.0,0.0,0.0
1,1,0.8805970149,0.4545454545,0.4393939394,0.0,0.0,0.0,0.0,0.09090909091,0.01515151515,0.0
1,1,0.8721804511,0.4626865672,0.5373134328,0.0,0.0,0.0,0.0,0.0,0.0,0.0
1,1,0.9051094891,0.4,0.3176470588,0.1176470588,0.0,0.0,0.0,0.0,0.1529411765,0.01176470588
1,1,0.8549618321,0.4516129032,0.3225806452,0.0,0.0,0.01612903226,0.0,0.1935483871,0.01612903226,0.0
1,1,0.8721804511,0.4637681159,0.5362318841,0.0,0.0,0.0,0.0,0.0,0.0,0.0
1,1,0.8549618321,0.4776119403,0.3731343284,0.0,0.0,0.0,0.0,0.1343283582,0.01492537313,0.0
1,1,0.8780487805,0.5076923077,0.4923076923,0.0,0.0,0.0,0.0,0.0,0.0,0.0
1,1,0.8970588235,0.5277777778,0.4722222222,0.0,0.0,0.0,0.0,0.0,0.0,0.0
1,1,0.8721804511,0.4558823529,0.3970588235,0.0,0.0,0.0,0.0,0.1323529412,0.01470588235,0.0
1,1,0.9037037037,0.527027027,0.472972973,0.0,0.0,0.0,0.0,0.0,0.0,0.0
1,1,0.8636363636,0.4754098361,0.4426229508,0.0,0.0,0.0,0.0,0.06557377049,0.01639344262,0.0
1,1,0.8852459016,0.406779661,0.593220339,0.0,0.0,0.0,0.0,0.0,0.0,0.0
1,1,0.8188976378,0.5172413793,0.4827586207,0.0,0.0,0.0,0.0,0.0,0.0,0.0
1,1,0.873015873,0.3522727273,0.3181818182,0.07954545455,0.0,0.0,0.0,0.0,0.2045454545,0.04545454545
1,1,0.8636363636,0.421875,0.40625,0.0,0.0,0.0,0.0,0.15625,0.015625,0.0
1,1,0.8721804511,0.4929577465,0.5070422535,0.0,0.0,0.0,0.0,0.0,0.0,0.0
1,1,0.8780487805,0.5,0.5,0.0,0.0,0.0,0.0,0.0,0.0,0.0
1,1,0.8739495798,0.5230769231,0.4769230769,0.0,0.0,0.0,0.0,0.0,0.0,0.0
1,1,0.85,0.4237288136,0.5762711864,0.0,0.0,0.0,0.0,0.0,0.0,0.0
1,1,0.8769230769,0.4461538462,0.4153846154,0.0,0.0,0.0,0.0,0.1384615385,0.0,0.0
1,1,0.8721804511,0.4262295082,0.4754098361,0.0,0.0,0.0,0.0,0.09836065574,0.0,0.0
1,1,0.8780487805,0.4310344828,0.4310344828,0.0,0.0,0.0,0.0,0.1034482759,0.03448275862,0.0
1,1,0.828125,0.4761904762,0.5238095238,0.0,0.0,0.0,0.0,0.0,0.0,0.0
1,1,0.8739495798,0.4285714286,0.4285714286,0.0,0.0,0.0,0.0,0.125,0.01785714286,0.0
1,1,0.890625,0.4307692308,0.3692307692,0.1230769231,0.0,0.06153846154,0.0,0.0,0.0,0.01538461538
1,1,0.9051094891,0.5466666667,0.4533333333,0.0,0.0,0.0,0.0,0.0,0.0,0.0
1,1,0.8702290076,0.4677419355,0.5322580645,0.0,0.0,0.0,0.0,0.0,0.0,0.0
1,1,0.8721804511,0.4920634921,0.4285714286,0.0,0.0,0.0,0.0,0.06349206349,0.01587301587,0.0
1,1,0.8739495798,0.4920634921,0.5079365079,0.0,0.0,0.0,0.0,0.0,0.0,0.0
1,1,0.8549618321,0.4516129032,0.5483870968,0.0,0.0,0.0,0.0,0.0,0.0,0.0
1,1,0.8870967742,0.4237288136,0.4406779661,0.0,0.0,0.0,0.0,0.1016949153,0.03389830508,0.0
1,1,0.8702290076,0.5,0.4375,0.0,0.0,0.0,0.0,0.046875,0.015625,0.0
1,1,0.9051094891,0.5,0.5,0.0,0.0,0.0,0.0,0.0,0.0,0.0
1,1,0.8721804511,0.4558823529,0.5441176471,0.0,0.0,0.0,0.0,0.0,0.0,0.0
1,1,0.8805970149,0.4558823529,0.3970588235,0.0,0.0,0.0,0.0,0.1323529412,0.01470588235,0.0
1,1,0.8661417323,0.5352112676,0.2535211268,0.02816901408,0.02816901408,0.1126760563,0.0,0.0,0.04225352113,0.0
1,1,0.9361702128,0.5205479452,0.2739726027,0.0,0.0,0.1643835616,0.0,0.0,0.04109589041,0.0
1,1,0.8805970149,0.5352112676,0.4647887324,0.0,0.0,0.0,0.0,0.0,0.0,0.0
1,1,0.8547008547,0.4078947368,0.3684210526,0.0,0.01315789474,0.07894736842,0.0,0.1052631579,0.0,0.02631578947
1,1,0.9051094891,0.5,0.5,0.0,0.0,0.0,0.0,0.0,0.0,0.0
1,1,0.8448275862,0.5409836066,0.4590163934,0.0,0.0,0.0,0.0,0.0,0.0,0.0
1,1,0.9130434783,0.5263157895,0.4736842105,0.0,0.0,0.0,0.0,0.0,0.0,0.0
1,1,0.9051094891,0.5135135135,0.4864864865,0.0,0.0,0.0,0.0,0.0,0.0,0.0
1,1,0.8888888889,0.453125,0.546875,0.0,0.0,0.0,0.0,0.0,0.0,0.0
1,1,0.8474576271,0.45,0.55,0.0,0.0,0.0,0.0,0.0,0.0,0.0
1,1,0.8666666667,0.4655172414,0.3965517241,0.0,0.0,0.0,0.0,0.1206896552,0.01724137931,0.0
1,1,0.9172932331,0.5063291139,0.2911392405,0.1139240506,0.01265822785,0.0,0.0,0.0,0.07594936709,0.0
1,1,0.9253731343,0.4096385542,0.421686747,0.02409638554,0.01204819277,0.01204819277,0.0,0.0,0.1084337349,0.01204819277
1,1,0.8970588235,0.56,0.44,0.0,0.0,0.0,0.0,0.0,0.0,0.0
1,1,0.9051094891,0.5405405405,0.4594594595,0.0,0.0,0.0,0.0,0.0,0.0,0.0
1,1,0.8721804511,0.4925373134,0.5074626866,0.0,0.0,0.0,0.0,0.0,0.0,0.0
1,1,0.8888888889,0.5072463768,0.4202898551,0.0,0.0,0.0,0.0,0.07246376812,0.0,0.0
1,1,0.8852459016,0.4920634921,0.5079365079,0.0,0.0,0.0,0.0,0.0,0.0,0.0
1,1,0.8636363636,0.4925373134,0.5074626866,0.0,0.0,0.0,0.0,0.0,0.0,0.0
1,1,0.8760330579,0.484375,0.515625,0.0,0.0,0.0,0.0,0.0,0.0,0.0
1,1,0.8571428571,0.4848484848,0.4393939394,0.0,0.0,0.0,0.0,0.07575757576,0.0,0.0
1,1,0.8805970149,0.4714285714,0.5285714286,0.0,0.0,0.0,0.0,0.0,0.0,0.0
1,1,0.8985507246,0.5205479452,0.4794520548,0.0,0.0,0.0,0.0,0.0,0.0,0.0
1,1,0.8429752066,0.4237288136,0.3728813559,0.1355932203,0.0,0.01694915254,0.0,0.0,0.03389830508,0.01694915254
1,1,0.8636363636,0.453125,0.453125,0.0,0.0,0.0,0.0,0.078125,0.015625,0.0
1,1,0.8780487805,0.4590163934,0.4098360656,0.0,0.0,0.0,0.0,0.1147540984,0.01639344262,0.0
1,1,0.8275862069,0.515625,0.453125,0.0,0.0,0.0,0.0,0.0,0.03125,0.0
1,1,0.8307692308,0.484375,0.4375,0.0,0.0,0.0,0.0,0.078125,0.0,0.0
1,1,0.859375,0.453125,0.546875,0.0,0.0,0.0,0.0,0.0,0.0,0.0
1,1,0.8721804511,0.4393939394,0.5606060606,0.0,0.0,0.0,0.0,0.0,0.0,0.0
1,1,0.8656716418,0.5070422535,0.4225352113,0.0,0.0,0.0,0.0,0.07042253521,0.0,0.0
1,1,0.8970588235,0.5211267606,0.4788732394,0.0,0.0,0.0,0.0,0.0,0.0,0.0
1,1,0.8615384615,0.421875,0.3125,0.0,0.0,0.015625,0.0,0.234375,0.015625,0.0
1,1,0.8666666667,0.4137931034,0.3965517241,0.0,0.0,0.0,0.0,0.1724137931,0.01724137931,0.0
1,1,0.8854961832,0.48,0.3466666667,0.02666666667,0.01333333333,0.01333333333,0.0,0.0,0.09333333333,0.02666666667
1,1,0.9051094891,0.5584415584,0.4415584416,0.0,0.0,0.0,0.0,0.0,0.0,0.0
1,1,0.85,0.4745762712,0.5254237288,0.0,0.0,0.0,0.0,0.0,0.0,0.0
1,1,0.8721804511,0.5147058824,0.4852941176,0.0,0.0,0.0,0.0,0.0,0.0,0.0
1,1,0.8721804511,0.4929577465,0.5070422535,0.0,0.0,0.0,0.0,0.0,0.0,0.0
1,1,0.8970588235,0.5479452055,0.4520547945,0.0,0.0,0.0,0.0,0.0,0.0,0.0
1,1,0.8636363636,0.5,0.5,0.0,0.0,0.0,0.0,0.0,0.0,0.0
1,1,0.8702290076,0.4848484848,0.5151515152,0.0,0.0,0.0,0.0,0.0,0.0,0.0
1,1,0.8870967742,0.4262295082,0.4262295082,0.0,0.0,0.0,0.0,0.131147541,0.01639344262,0.0
1,1,0.8805970149,0.4444444444,0.4444444444,0.0,0.0,0.0,0.0,0.09523809524,0.01587301587,0.0
1,1,0.8217054264,0.484375,0.375,0.0,0.0,0.015625,0.0,0.125,0.0,0.0
1,1,0.875,0.3295454545,0.3636363636,0.03409090909,0.01136363636,0.1590909091,0.0,0.0,0.09090909091,0.01136363636
1,1,0.8805970149,0.5285714286,0.4714285714,0.0,0.0,0.0,0.0,0.0,0.0,0.0
1,1,0.8461538462,0.5538461538,0.4461538462,0.0,0.0,0.0,0.0,0.0,0.0,0.0
1,1,0.9117647059,0.5333333333,0.4666666667,0.0,0.0,0.0,0.0,0.0,0.0,0.0
1,1,0.8985507246,0.527027027,0.472972973,0.0,0.0,0.0,0.0,0.0,0.0,0.0
1,1,0.8636363636,0.4193548387,0.5806451613,0.0,0.0,0.0,0.0,0.0,0.0,0.0
1,1,0.8721804511,0.5492957746,0.4507042254,0.0,0.0,0.0,0.0,0.0,0.0,0.0
1,1,0.8721804511,0.5151515152,0.4848484848,0.0,0.0,0.0,0.0,0.0,0.0,0.0
1,1,0.8031496063,0.4655172414,0.5344827586,0.0,0.0,0.0,0.0,0.0,0.0,0.0
1,1,0.8787878788,0.4637681159,0.5362318841,0.0,0.0,0.0,0.0,0.0,0.0,0.0
1,1,0.9352517986,0.5142857143,0.2714285714,0.0,0.0,0.1714285714,0.0,0.0,0.04285714286,0.0
1,1,0.9420289855,0.4431818182,0.3295454545,0.2045454545,0.0,0.0,0.0,0.0,0.02272727273,0.0
1,1,0.8721804511,0.4615384615,0.4307692308,0.0,0.0,0.0,0.0,0.1076923077,0.0,0.0
1,1,0.8549618321,0.5652173913,0.4347826087,0.0,0.0,0.0,0.0,0.0,0.0,0.0
1,1,0.8656716418,0.4583333333,0.4027777778,0.0,0.0,0.0,0.0,0.1388888889,0.0,0.0
1,1,0.8549618321,0.4516129032,0.4032258065,0.0,0.0,0.0,0.0,0.1290322581,0.01612903226,0.0
1,1,0.8721804511,0.5,0.5,0.0,0.0,0.0,0.0,0.0,0.0,0.0
1,1,0.9130434783,0.5205479452,0.4794520548,0.0,0.0,0.0,0.0,0.0,0.0,0.0
1,1,0.8721804511,0.4558823529,0.3676470588,0.0,0.0,0.0,0.0,0.1617647059,0.01470588235,0.0
1,1,0.8905109489,0.5333333333,0.4666666667,0.0,0.0,0.0,0.0,0.0,0.0,0.0
1,1,0.8636363636,0.4857142857,0.5142857143,0.0,0.0,0.0,0.0,0.0,0.0,0.0
1,1,0.8721804511,0.447761194,0.552238806,0.0,0.0,0.0,0.0,0.0,0.0,0.0
1,1,0.9090909091,0.4861111111,0.4027777778,0.02777777778,0.0,0.01388888889,0.0,0.0,0.04166666667,0.02777777778
1,1,0.8823529412,0.5070422535,0.4929577465,0.0,0.0,0.0,0.0,0.0,0.0,0.0
1,1,0.8805970149,0.4857142857,0.5142857143,0.0,0.0,0.0,0.0,0.0,0.0,0.0
1,1,0.9117647059,0.5263157895,0.4736842105,0.0,0.0,0.0,0.0,0.0,0.0,0.0
1,1,0.8721804511,0.5072463768,0.347826087,0.0,0.0,0.01449275362,0.0,0.115942029,0.01449275362,0.0
1,1,0.8888888889,0.4366197183,0.3943661972,0.0,0.0,0.0,0.0,0.1549295775,0.01408450704,0.0
1,1,0.8985507246,0.5277777778,0.4722222222,0.0,0.0,0.0,0.0,0.0,0.0,0.0
1,1,0.8805970149,0.4782608696,0.5217391304,0.0,0.0,0.0,0.0,0.0,0.0,0.0
1,1,0.8527131783,0.4666666667,0.5333333333,0.0,0.0,0.0,0.0,0.0,0.0,0.0
1,1,0.8970588235,0.5070422535,0.4929577465,0.0,0.0,0.0,0.0,0.0,0.0,0.0
1,1,0.8636363636,0.4754098361,0.4590163934,0.0,0.0,0.0,0.0,0.04918032787,0.01639344262,0.0
1,1,0.8571428571,0.48,0.36,0.0,0.0,0.01333333333,0.0,0.0,0.09333333333,0.05333333333
1,1,0.8702290076,0.4927536232,0.5072463768,0.0,0.0,0.0,0.0,0.0,0.0,0.0
1,1,0.9117647059,0.5,0.5,0.0,0.0,0.0,0.0,0.0,0.0,0.0
1,1,0.8571428571,0.5,0.5,0.0,0.0,0.0,0.0,0.0,0.0,0.0
1,1,0.8888888889,0.5,0.5,0.0,0.0,0.0,0.0,0.0,0.0,0.0
1,1,0.8780487805,0.5223880597,0.4776119403,0.0,0.0,0.0,0.0,0.0,0.0,0.0
1,1,0.8595041322,0.4915254237,0.3728813559,0.0,0.0,0.0,0.0,0.1186440678,0.01694915254,0.0
1,1,0.8721804511,0.390625,0.328125,0.0,0.0,0.0,0.0,0.265625,0.015625,0.0
1,1,0.8595041322,0.4745762712,0.5254237288,0.0,0.0,0.0,0.0,0.0,0.0,0.0
1,1,0.8823529412,0.5147058824,0.4852941176,0.0,0.0,0.0,0.0,0.0,0.0,0.0
1,1,0.8888888889,0.4776119403,0.4179104478,0.0,0.0,0.0,0.0,0.08955223881,0.01492537313,0.0
1,1,0.9007633588,0.5056179775,0.3370786517,0.0,0.02247191011,0.0,0.0,0.0,0.08988764045,0.04494382022
1,1,0.8484848485,0.4603174603,0.4920634921,0.0,0.0,0.0,0.0,0.04761904762,0.0,0.0
1,1,0.8888888889,0.5205479452,0.4794520548,0.0,0.0,0.0,0.0,0.0,0.0,0.0
1,1,0.8823529412,0.5068493151,0.4931506849,0.0,0.0,0.0,0.0,0.0,0.0,0.0
1,1,0.8666666667,0.4677419355,0.5322580645,0.0,0.0,0.0,0.0,0.0,0.0,0.0
1,1,0.8636363636,0.4696969697,0.4090909091,0.0,0.0,0.0,0.0,0.1212121212,0.0,0.0
1,1,0.9064748201,0.5342465753,0.4657534247,0.0,0.0,0.0,0.0,0.0,0.0,0.0
1,1,0.8823529412,0.5205479452,0.4794520548,0.0,0.0,0.0,0.0,0.0,0.0,0.0
1,1,0.8571428571,0.4464285714,0.3928571429,0.0,0.0,0.0,0.0,0.1428571429,0.01785714286,0.0
1,1,0.8721804511,0.4782608696,0.3913043478,0.0,0.0,0.0,0.0,0.115942029,0.01449275362,0.0
1,1,0.8549618321,0.4705882353,0.4117647059,0.0,0.0,0.0,0.0,0.1176470588,0.0,0.0
1,1,0.8709677419,0.4677419355,0.3548387097,0.1451612903,0.01612903226,0.0,0.0,0.0,0.0,0.01612903226
1,1,0.8188976378,0.5079365079,0.3968253968,0.0,0.0,0.0,0.0,0.01587301587,0.07936507937,0.0
1,1,0.868852459,0.4761904762,0.5238095238,0.0,0.0,0.0,0.0,0.0,0.0,0.0
1,1,0.868852459,0.4482758621,0.4137931034,0.0,0.0,0.0,0.0,0.1034482759,0.03448275862,0.0
1,1,0.8484848485,0.5074626866,0.4179104478,0.0,0.0,0.0,0.0,0.07462686567,0.0,0.0
1,1,0.8760330579,0.4920634921,0.5079365079,0.0,0.0,0.0,0.0,0.0,0.0,0.0
1,1,0.8372093023,0.5,0.3939393939,0.0,0.0,0.0,0.0,0.09090909091,0.01515151515,0.0
1,1,0.8396946565,0.4769230769,0.5230769231,0.0,0.0,0.0,0.0,0.0,0.0,0.0
1,1,0.8595041322,0.4545454545,0.3272727273,0.0,0.0,0.01818181818,0.0,0.1818181818,0.01818181818,0.0
1,1,0.9130434783,0.5641025641,0.4358974359,0.0,0.0,0.0,0.0,0.0,0.0,0.0
1,1,0.8461538462,0.4852941176,0.3676470588,0.0,0.0,0.0,0.0,0.1470588235,0.0,0.0
1,1,0.9172932331,0.4418604651,0.3720930233,0.09302325581,0.0,0.0,0.0,0.0,0.09302325581,0.0
1,1,0.9064748201,0.5135135135,0.4864864865,0.0,0.0,0.0,0.0,0.0,0.0,0.0
1,1,0.8656716418,0.4366197183,0.4225352113,0.0,0.0,0.0,0.0,0.1408450704,0.0,0.0
1,1,0.828125,0.5230769231,0.4769230769,0.0,0.0,0.0,0.0,0.0,0.0,0.0
1,1,0.8656716418,0.5428571429,0.4571428571,0.0,0.0,0.0,0.0,0.0,0.0,0.0
1,1,0.8888888889,0.4857142857,0.4,0.0,0.0,0.0,0.0,0.1,0.01428571429,0.0
1,1,0.9051094891,0.527027027,0.472972973,0.0,0.0,0.0,0.0,0.0,0.0,0.0
1,1,0.9130434783,0.5333333333,0.4666666667,0.0,0.0,0.0,0.0,0.0,0.0,0.0
1,1,0.9361702128,0.5142857143,0.2714285714,0.0,0.0,0.1714285714,0.0,0.0,0.04285714286,0.0
1,1,0.8870967742,0.5217391304,0.4782608696,0.0,0.0,0.0,0.0,0.0,0.0,0.0
1,1,0.859375,0.4769230769,0.5230769231,0.0,0.0,0.0,0.0,0.0,0.0,0.0
1,1,0.9172932331,0.4777777778,0.3666666667,0.0,0.02222222222,0.0,0.0,0.0,0.08888888889,0.04444444444
1,1,0.8854961832,0.4225352113,0.3802816901,0.07042253521,0.01408450704,0.07042253521,0.0,0.0,0.04225352113,0.0
1,1,0.912,0.5365853659,0.3658536585,0.0,0.0,0.03658536585,0.0,0.0,0.03658536585,0.0243902439
1,1,0.8787878788,0.4782608696,0.5217391304,0.0,0.0,0.0,0.0,0.0,0.0,0.0
1,1,0.8656716418,0.4626865672,0.5373134328,0.0,0.0,0.0,0.0,0.0,0.0,0.0
1,1,0.8905109489,0.5616438356,0.4383561644,0.0,0.0,0.0,0.0,0.0,0.0,0.0
1,1,0.8721804511,0.4461538462,0.4307692308,0.0,0.0,0.0,0.0,0.1076923077,0.01538461538,0.0
1,1,0.8484848485,0.447761194,0.4328358209,0.0,0.0,0.0,0.0,0.1194029851,0.0,0.0
1,1,0.7768595041,0.5535714286,0.4464285714,0.0,0.0,0.0,0.0,0.0,0.0,0.0
1,1,0.8780487805,0.4,0.4166666667,0.0,0.0,0.0,0.0,0.1666666667,0.01666666667,0.0
1,1,0.8571428571,0.4714285714,0.3714285714,0.0,0.0,0.0,0.0,0.1571428571,0.0,0.0
1,1,0.9208633094,0.5696202532,0.4303797468,0.0,0.0,0.0,0.0,0.0,0.0,0.0
1,1,0.8709677419,0.4193548387,0.4032258065,0.0,0.01612903226,0.06451612903,0.0,0.0,0.06451612903,0.03225806452
1,1,0.8805970149,0.4925373134,0.4328358209,0.0,0.0,0.0,0.0,0.05970149254,0.01492537313,0.0
1,1,0.8721804511,0.5217391304,0.4782608696,0.0,0.0,0.0,0.0,0.0,0.0,0.0
1,1,0.8656716418,0.5074626866,0.447761194,0.0,0.0,0.0,0.0,0.0447761194,0.0,0.0
1,1,0.8307692308,0.4590163934,0.5409836066,0.0,0.0,0.0,0.0,0.0,0.0,0.0
1,1,0.8656716418,0.552238806,0.447761194,0.0,0.0,0.0,0.0,0.0,0.0,0.0
1,1,0.8805970149,0.484375,0.4375,0.0,0.0,0.0,0.0,0.0625,0.015625,0.0
1,1,0.9,0.4736842105,0.2807017544,0.0,0.0,0.1929824561,0.0,0.0,0.05263157895,0.0
1,1,0.8740740741,0.5138888889,0.4861111111,0.0,0.0,0.0,0.0,0.0,0.0,0.0
1,1,0.8372093023,0.4545454545,0.3939393939,0.0,0.0,0.0,0.0,0.1515151515,0.0,0.0
1,1,0.8549618321,0.5,0.5,0.0,0.0,0.0,0.0,0.0,0.0,0.0
1,1,0.8939393939,0.4,0.3857142857,0.1285714286,0.0,0.05714285714,0.0,0.0,0.01428571429,0.01428571429
1,1,0.8307692308,0.4925373134,0.3880597015,0.0,0.0,0.0,0.0,0.1194029851,0.0,0.0
1,1,0.8188976378,0.5671641791,0.3582089552,0.0,0.0,0.0,0.0,0.0,0.05970149254,0.01492537313
1,1,0.8549618321,0.453125,0.453125,0.0,0.0,0.0,0.0,0.09375,0.0,0.0
1,1,0.8769230769,0.3968253968,0.3174603175,0.0,0.0,0.0,0.0,0.2698412698,0.01587301587,0.0
1,1,0.8970588235,0.5657894737,0.4342105263,0.0,0.0,0.0,0.0,0.0,0.0,0.0
1,1,0.8396946565,0.4590163934,0.5409836066,0.0,0.0,0.0,0.0,0.0,0.0,0.0
1,1,0.8721804511,0.5,0.5,0.0,0.0,0.0,0.0,0.0,0.0,0.0
1,1,0.8549618321,0.4852941176,0.3088235294,0.0,0.0,0.01470588235,0.0,0.1764705882,0.01470588235,0.0
1,1,0.8474576271,0.4363636364,0.5636363636,0.0,0.0,0.0,0.0,0.0,0.0,0.0
1,1,0.8702290076,0.4927536232,0.5072463768,0.0,0.0,0.0,0.0,0.0,0.0,0.0
1,1,0.90625,0.6,0.3647058824,0.0,0.0,0.0,0.0,0.0,0.0,0.03529411765
1,1,0.8780487805,0.4696969697,0.5303030303,0.0,0.0,0.0,0.0,0.0,0.0,0.0
1,1,0.8372093023,0.4603174603,0.5396825397,0.0,0.0,0.0,0.0,0.0,0.0,0.0
1,1,0.8461538462,0.5373134328,0.4626865672,0.0,0.0,0.0,0.0,0.0,0.0,0.0
1,1,0.9037037037,0.5405405405,0.4594594595,0.0,0.0,0.0,0.0,0.0,0.0,0.0
1,1,0.8721804511,0.447761194,0.552238806,0.0,0.0,0.0,0.0,0.0,0.0,0.0
1,1,0.8905109489,0.4931506849,0.5068493151,0.0,0.0,0.0,0.0,0.0,0.0,0.0
1,1,0.8805970149,0.46875,0.453125,0.0,0.0,0.0,0.0,0.0625,0.015625,0.0
1,1,0.8970588235,0.5068493151,0.4931506849,0.0,0.0,0.0,0.0,0.0,0.0,0.0
1,1,0.9051094891,0.5342465753,0.4657534247,0.0,0.0,0.0,0.0,0.0,0.0,0.0
1,1,0.9051094891,0.5138888889,0.4861111111,0.0,0.0,0.0,0.0,0.0,0.0,0.0
1,1,0.9312977099,0.2359550562,0.4831460674,0.1011235955,0.01123595506,0.0,0.0,0.0,0.05617977528,0.1123595506
1,1,0.9130434783,0.5641025641,0.4358974359,0.0,0.0,0.0,0.0,0.0,0.0,0.0
1,1,0.8549618321,0.4776119403,0.4179104478,0.0,0.0,0.0,0.0,0.1044776119,0.0,0.0
1,1,0.8805970149,0.4615384615,0.4461538462,0.0,0.0,0.0,0.0,0.07692307692,0.01538461538,0.0
1,1,0.9064748201,0.5342465753,0.4657534247,0.0,0.0,0.0,0.0,0.0,0.0,0.0
1,1,0.8666666667,0.4561403509,0.4035087719,0.0,0.0,0.0,0.0,0.1052631579,0.0350877193,0.0
1,1,0.8307692308,0.5223880597,0.3432835821,0.0,0.0,0.01492537313,0.0,0.1194029851,0.0,0.0
1,1,0.8396946565,0.4754098361,0.5245901639,0.0,0.0,0.0,0.0,0.0,0.0,0.0
1,1,0.8636363636,0.53125,0.421875,0.0,0.0,0.0,0.0,0.046875,0.0,0.0
1,1,0.8571428571,0.4637681159,0.3913043478,0.0,0.0,0.0,0.0,0.1449275362,0.0,0.0
1,1,0.9130434783,0.5066666667,0.4933333333,0.0,0.0,0.0,0.0,0.0,0.0,0.0
1,1,0.8548387097,0.6119402985,0.3432835821,0.0,0.0,0.01492537313,0.0,0.0,0.0,0.02985074627
1,1,0.8396946565,0.5230769231,0.4307692308,0.0,0.0,0.0,0.0,0.04615384615,0.0,0.0
1,1,0.896,0.4696969697,0.5303030303,0.0,0.0,0.0,0.0,0.0,0.0,0.0
1,1,0.828125,0.4262295082,0.4426229508,0.0,0.0,0.0,0.0,0.131147541,0.0,0.0
1,1,0.8205128205,0.4705882353,0.5294117647,0.0,0.0,0.0,0.0,0.0,0.0,0.0
1,1,0.8636363636,0.4776119403,0.4029850746,0.0,0.0,0.0,0.0,0.1194029851,0.0,0.0
1,1,0.8721804511,0.5,0.4242424242,0.0,0.0,0.0,0.0,0.06060606061,0.01515151515,0.0
1,1,0.8760330579,0.4406779661,0.406779661,0.0,0.0,0.0,0.0,0.1355932203,0.01694915254,0.0
1,1,0.9064748201,0.5068493151,0.4931506849,0.0,0.0,0.0,0.0,0.0,0.0,0.0
1,1,0.9130434783,0.5641025641,0.4358974359,0.0,0.0,0.0,0.0,0.0,0.0,0.0
1,1,0.8403361345,0.4861111111,0.4722222222,0.0,0.0,0.0,0.0,0.0,0.0,0.04166666667
1,1,0.896,0.36,0.3733333333,0.08,0.0,0.05333333333,0.0,0.0,0.09333333333,0.04
1,1,0.8527131783,0.4769230769,0.5230769231,0.0,0.0,0.0,0.0,0.0,0.0,0.0
1,1,0.9361702128,0.4927536232,0.2898550725,0.0,0.0,0.1739130435,0.0,0.0,0.04347826087,0.0
1,1,0.9361702128,0.5142857143,0.2714285714,0.0,0.0,0.1714285714,0.0,0.0,0.04285714286,0.0
1,1,0.8372093023,0.4461538462,0.3692307692,0.0,0.0,0.01538461538,0.0,0.1538461538,0.01538461538,0.0
1,1,0.8888888889,0.5540540541,0.4459459459,0.0,0.0,0.0,0.0,0.0,0.0,0.0
1,1,0.8872180451,0.4347826087,0.4202898551,0.0,0.0,0.0,0.0,0.1304347826,0.01449275362,0.0
1,1,0.8805970149,0.4558823529,0.3970588235,0.0,0.0,0.0,0.0,0.1323529412,0.01470588235,0.0
1,1,0.8780487805,0.4848484848,0.5151515152,0.0,0.0,0.0,0.0,0.0,0.0,0.0
1,1,0.7438016529,0.4561403509,0.4035087719,0.0,0.0,0.0,0.0,0.0,0.0,0.1403508772
1,1,0.8636363636,0.4705882353,0.5294117647,0.0,0.0,0.0,0.0,0.0,0.0,0.0
1,1,0.8818897638,0.3544303797,0.3544303797,0.06329113924,0.01265822785,0.0253164557,0.0,0.0,0.1518987342,0.03797468354
1,1,0.8872180451,0.4032258065,0.3709677419,0.0,0.0,0.0,0.0,0.2258064516,0.0,0.0
1,1,0.8787878788,0.4328358209,0.4029850746,0.0,0.0,0.0,0.0,0.1492537313,0.01492537313,0.0
1,1,0.8721804511,0.4923076923,0.4615384615,0.0,0.0,0.0,0.0,0.04615384615,0.0,0.0
1,1,0.8484848485,0.4788732394,0.3943661972,0.0,0.0,0.0,0.0,0.1267605634,0.0,0.0
1,1,0.8888888889,0.4647887324,0.3943661972,0.0,0.0,0.0,0.0,0.1267605634,0.01408450704,0.0
1,1,0.85,0.4107142857,0.3928571429,0.0,0.0,0.0,0.0,0.1785714286,0.01785714286,0.0
1,1,0.8721804511,0.4929577465,0.5070422535,0.0,0.0,0.0,0.0,0.0,0.0,0.0
1,1,0.8305084746,0.4339622642,0.3962264151,0.0,0.0,0.0,0.0,0.1509433962,0.01886792453,0.0
1,1,0.9022556391,0.5,0.5,0.0,0.0,0.0,0.0,0.0,0.0,0.0
1,1,0.8721804511,0.484375,0.4375,0.0,0.0,0.0,0.0,0.0625,0.015625,0.0
1,1,0.8571428571,0.5757575758,0.3787878788,0.0,0.0,0.01515151515,0.0,0.0,0.0,0.0303030303
1,1,0.9130434783,0.5066666667,0.4933333333,0.0,0.0,0.0,0.0,0.0,0.0,0.0
1,1,0.8702290076,0.4925373134,0.5074626866,0.0,0.0,0.0,0.0,0.0,0.0,0.0
1,1,0.8461538462,0.4516129032,0.5483870968,0.0,0.0,0.0,0.0,0.0,0.0,0.0
1,1,0.8721804511,0.4626865672,0.5373134328,0.0,0.0,0.0,0.0,0.0,0.0,0.0
1,1,0.8666666667,0.4655172414,0.4137931034,0.0,0.0,0.0,0.0,0.08620689655,0.03448275862,0.0
1,1,0.8474576271,0.4909090909,0.3818181818,0.0,0.0,0.0,0.0,0.09090909091,0.03636363636,0.0
1,1,0.8888888889,0.4761904762,0.4444444444,0.0,0.0,0.0,0.0,0.06349206349,0.01587301587,0.0
1,1,0.8484848485,0.46875,0.453125,0.0,0.0,0.0,0.0,0.078125,0.0,0.0
1,1,0.8780487805,0.4545454545,0.5454545455,0.0,0.0,0.0,0.0,0.0,0.0,0.0
1,1,0.8852459016,0.4761904762,0.5238095238,0.0,0.0,0.0,0.0,0.0,0.0,0.0
1,1,0.9411764706,0.4222222222,0.4666666667,0.0,0.0,0.01111111111,0.0,0.0,0.02222222222,0.07777777778
1,1,0.9051094891,0.52,0.48,0.0,0.0,0.0,0.0,0.0,0.0,0.0
1,1,0.85,0.3924050633,0.3417721519,0.0,0.01265822785,0.1012658228,0.0,0.1139240506,0.0,0.03797468354
1,1,0.8888888889,0.4927536232,0.5072463768,0.0,0.0,0.0,0.0,0.0,0.0,0.0
1,1,0.8702290076,0.4393939394,0.5606060606,0.0,0.0,0.0,0.0,0.0,0.0,0.0
1,1,0.8805970149,0.4696969697,0.4242424242,0.0,0.0,0.0,0.0,0.09090909091,0.01515151515,0.0
1,1,0.8985507246,0.527027027,0.472972973,0.0,0.0,0.0,0.0,0.0,0.0,0.0
1,1,0.8,0.4626865672,0.447761194,0.0,0.0,0.01492537313,0.0,0.0,0.07462686567,0.0
1,1,0.8125,0.5151515152,0.4848484848,0.0,0.0,0.0,0.0,0.0,0.0,0.0
1,1,0.8769230769,0.4153846154,0.4307692308,0.0,0.0,0.0,0.0,0.1384615385,0.01538461538,0.0
1,1,0.8828828829,0.537037037,0.2962962963,0.0,0.0,0.1481481481,0.0,0.0,0.01851851852,0.0
1,1,0.873015873,0.4626865672,0.4179104478,0.01492537313,0.01492537313,0.0,0.0,0.0,0.08955223881,0.0
1,1,0.9076923077,0.4,0.5333333333,0.0,0.0,0.01333333333,0.0,0.0,0.0,0.05333333333
1,1,0.8474576271,0.4736842105,0.4035087719,0.0,0.0,0.0,0.0,0.1052631579,0.01754385965,0.0
1,1,0.8721804511,0.4558823529,0.5441176471,0.0,0.0,0.0,0.0,0.0,0.0,0.0
1,1,0.8307692308,0.5245901639,0.4262295082,0.0,0.0,0.0,0.0,0.04918032787,0.0,0.0
1,1,0.9361702128,0.5142857143,0.2714285714,0.0,0.0,0.1714285714,0.0,0.0,0.04285714286,0.0
1,1,0.8636363636,0.5507246377,0.4492753623,0.0,0.0,0.0,0.0,0.0,0.0,0.0
1,1,0.8823529412,0.4782608696,0.5217391304,0.0,0.0,0.0,0.0,0.0,0.0,0.0
1,1,0.8571428571,0.4507042254,0.4084507042,0.0,0.0,0.0,0.0,0.1408450704,0.0,0.0
1,1,0.8787878788,0.4328358209,0.4029850746,0.0,0.0,0.0,0.0,0.1492537313,0.01492537313,0.0
1,1,0.8571428571,0.5238095238,0.4761904762,0.0,0.0,0.0,0.0,0.0,0.0,0.0
1,1,0.8615384615,0.46875,0.53125,0.0,0.0,0.0,0.0,0.0,0.0,0.0
1,1,0.9090909091,0.4047619048,0.3333333333,0.09523809524,0.0,0.07142857143,0.0,0.0,0.08333333333,0.0119047619
1,1,0.784,0.4918032787,0.3770491803,0.0,0.0,0.0,0.0,0.131147541,0.0,0.0
1,1,0.8666666667,0.5396825397,0.4603174603,0.0,0.0,0.0,0.0,0.0,0.0,0.0
1,1,0.8740740741,0.5352112676,0.4647887324,0.0,0.0,0.0,0.0,0.0,0.0,0.0
1,1,0.868852459,0.4655172414,0.4310344828,0.0,0.0,0.0,0.0,0.06896551724,0.03448275862,0.0
1,1,0.8721804511,0.4696969697,0.5303030303,0.0,0.0,0.0,0.0,0.0,0.0,0.0
1,1,0.8595041322,0.4137931034,0.5862068966,0.0,0.0,0.0,0.0,0.0,0.0,0.0
1,1,0.9051094891,0.5466666667,0.4533333333,0.0,0.0,0.0,0.0,0.0,0.0,0.0
1,1,0.8125,0.4920634921,0.3650793651,0.0,0.0,0.01587301587,0.0,0.126984127,0.0,0.0
1,1,0.8547008547,0.3818181818,0.4181818182,0.0,0.0,0.0,0.0,0.1818181818,0.01818181818,0.0
1,1,0.8656716418,0.4054054054,0.3378378378,0.0,0.0,0.01351351351,0.0,0.0,0.2432432432,0.0
1,1,0.8872180451,0.6081081081,0.2432432432,0.0,0.0,0.09459459459,0.0,0.04054054054,0.01351351351,0.0
1,1,0.8985507246,0.56,0.44,0.0,0.0,0.0,0.0,0.0,0.0,0.0
1,1,0.8636363636,0.4782608696,0.4202898551,0.0,0.0,0.0,0.0,0.08695652174,0.01449275362,0.0
1,1,0.8787878788,0.40625,0.453125,0.0,0.0,0.0,0.0,0.125,0.015625,0.0
1,1,0.8656716418,0.5285714286,0.4142857143,0.0,0.0,0.0,0.0,0.05714285714,0.0,0.0
1,1,0.8721804511,0.453125,0.4375,0.0,0.0,0.0,0.0,0.09375,0.015625,0.0
1,1,0.8595041322,0.45,0.55,0.0,0.0,0.0,0.0,0.0,0.0,0.0
1,1,0.8740740741,0.4929577465,0.4507042254,0.0,0.0,0.0,0.0,0.05633802817,0.0,0.0
1,1,0.9051094891,0.5066666667,0.4933333333,0.0,0.0,0.0,0.0,0.0,0.0,0.0
1,1,0.8396946565,0.5,0.5,0.0,0.0,0.0,0.0,0.0,0.0,0.0
1,1,0.8666666667,0.5,0.5,0.0,0.0,0.0,0.0,0.0,0.0,0.0
1,1,0.873015873,0.4473684211,0.3947368421,0.01315789474,0.01315789474,0.01315789474,0.0,0.0,0.1184210526,0.0
1,1,0.8571428571,0.4507042254,0.4084507042,0.0,0.0,0.0,0.0,0.1408450704,0.0,0.0
1,1,0.8760330579,0.4761904762,0.5238095238,0.0,0.0,0.0,0.0,0.0,0.0,0.0
1,1,0.8372093023,0.5230769231,0.4769230769,0.0,0.0,0.0,0.0,0.0,0.0,0.0
1,1,0.8805970149,0.4861111111,0.5138888889,0.0,0.0,0.0,0.0,0.0,0.0,0.0
1,1,0.912,0.4745762712,0.2711864407,0.0,0.0,0.2033898305,0.0,0.0,0.05084745763,0.0
1,1,0.8636363636,0.4615384615,0.5384615385,0.0,0.0,0.0,0.0,0.0,0.0,0.0
1,1,0.8661417323,0.4677419355,0.5322580645,0.0,0.0,0.0,0.0,0.0,0.0,0.0
1,1,0.8805970149,0.4264705882,0.3970588235,0.0,0.0,0.0,0.0,0.1617647059,0.01470588235,0.0
1,1,0.9051094891,0.5616438356,0.4383561644,0.0,0.0,0.0,0.0,0.0,0.0,0.0
1,1,0.8888888889,0.5070422535,0.4929577465,0.0,0.0,0.0,0.0,0.0,0.0,0.0
1,1,0.9219858156,0.2272727273,0.4772727273,0.1477272727,0.01136363636,0.0,0.0,0.0,0.04545454545,0.09090909091
1,1,0.8721804511,0.4927536232,0.5072463768,0.0,0.0,0.0,0.0,0.0,0.0,0.0
1,1,0.8985507246,0.5616438356,0.4383561644,0.0,0.0,0.0,0.0,0.0,0.0,0.0
1,1,0.8888888889,0.5211267606,0.4788732394,0.0,0.0,0.0,0.0,0.0,0.0,0.0
1,1,0.9051094891,0.5135135135,0.4864864865,0.0,0.0,0.0,0.0,0.0,0.0,0.0
1,1,0.8872180451,0.4857142857,0.5142857143,0.0,0.0,0.0,0.0,0.0,0.0,0.0
1,1,0.8656716418,0.5217391304,0.4347826087,0.0,0.0,0.0,0.0,0.04347826087,0.0,0.0
1,1,0.8571428571,0.4696969697,0.5303030303,0.0,0.0,0.0,0.0,0.0,0.0,0.0
1,1,0.8474576271,0.4821428571,0.5,0.0,0.0,0.0,0.0,0.0,0.0,0.01785714286
1,1,0.8872180451,0.5571428571,0.4428571429,0.0,0.0,0.0,0.0,0.0,0.0,0.0
1,1,0.8805970149,0.4307692308,0.2769230769,0.0,0.0,0.01538461538,0.0,0.2615384615,0.01538461538,0.0
1,1,0.9264705882,0.4189189189,0.4324324324,0.02702702703,0.01351351351,0.02702702703,0.0,0.0,0.08108108108,0.0
1,1,0.8666666667,0.4310344828,0.4137931034,0.0,0.0,0.0,0.0,0.1379310345,0.01724137931,0.0
1,1,0.8595041322,0.4035087719,0.4035087719,0.0,0.0,0.0,0.0,0.1754385965,0.01754385965,0.0
1,1,0.8805970149,0.5,0.5,0.0,0.0,0.0,0.0,0.0,0.0,0.0
1,1,0.8595041322,0.4107142857,0.5892857143,0.0,0.0,0.0,0.0,0.0,0.0,0.0
1,1,0.868852459,0.4406779661,0.406779661,0.0,0.0,0.01694915254,0.0,0.1186440678,0.01694915254,0.0
1,1,0.9051094891,0.5138888889,0.4861111111,0.0,0.0,0.0,0.0,0.0,0.0,0.0
1,1,0.8805970149,0.4571428571,0.5428571429,0.0,0.0,0.0,0.0,0.0,0.0,0.0
1,1,0.9285714286,0.5070422535,0.2816901408,0.0,0.0,0.1690140845,0.0,0.0,0.04225352113,0.0
1,1,0.8854961832,0.4852941176,0.3823529412,0.0,0.0,0.0,0.0,0.1176470588,0.01470588235,0.0
1,1,0.8666666667,0.4035087719,0.4035087719,0.0,0.0,0.0,0.0,0.1754385965,0.01754385965,0.0
1,1,0.8503937008,0.4375,0.35,0.0,0.025,0.025,0.0,0.0,0.1375,0.025
1,1,0.8780487805,0.4137931034,0.4482758621,0.0,0.0,0.0,0.0,0.1206896552,0.01724137931,0.0
1,1,0.9370629371,0.5068493151,0.2876712329,0.0,0.0,0.1643835616,0.0,0.0,0.04109589041,0.0
1,1,0.8985507246,0.5789473684,0.4210526316,0.0,0.0,0.0,0.0,0.0,0.0,0.0
1,1,0.8721804511,0.4179104478,0.4029850746,0.0,0.0,0.0,0.0,0.1641791045,0.01492537313,0.0
1,1,0.8571428571,0.4861111111,0.4027777778,0.0,0.0,0.0,0.0,0.1111111111,0.0,0.0
1,1,0.8805970149,0.5070422535,0.4929577465,0.0,0.0,0.0,0.0,0.0,0.0,0.0
1,1,0.8787878788,0.4705882353,0.5294117647,0.0,0.0,0.0,0.0,0.0,0.0,0.0
1,1,0.8905109489,0.5138888889,0.4861111111,0.0,0.0,0.0,0.0,0.0,0.0,0.0
1,1,0.8421052632,0.5254237288,0.4406779661,0.0,0.0,0.0,0.0,0.0,0.0,0.03389830508
1,1,0.8787878788,0.3846153846,0.3230769231,0.0,0.0,0.0,0.0,0.2769230769,0.01538461538,0.0
1,1,0.9172932331,0.4024390244,0.3536585366,0.2317073171,0.0,0.0,0.0,0.0,0.01219512195,0.0
1,1,0.8721804511,0.4857142857,0.5142857143,0.0,0.0,0.0,0.0,0.0,0.0,0.0
1,1,0.8739495798,0.4754098361,0.5245901639,0.0,0.0,0.0,0.0,0.0,0.0,0.0
1,1,0.8805970149,0.3870967742,0.3709677419,0.0,0.0,0.0,0.0,0.2419354839,0.0,0.0
1,1,0.8571428571,0.4769230769,0.5230769231,0.0,0.0,0.0,0.0,0.0,0.0,0.0
1,1,0.9064748201,0.527027027,0.472972973,0.0,0.0,0.0,0.0,0.0,0.0,0.0
1,1,0.8702290076,0.4615384615,0.5384615385,0.0,0.0,0.0,0.0,0.0,0.0,0.0
1,1,0.8805970149,0.4857142857,0.5142857143,0.0,0.0,0.0,0.0,0.0,0.0,0.0
1,1,0.8813559322,0.4920634921,0.5079365079,0.0,0.0,0.0,0.0,0.0,0.0,0.0
1,1,0.8970588235,0.5285714286,0.4714285714,0.0,0.0,0.0,0.0,0.0,0.0,0.0
1,1,0.8955223881,0.5070422535,0.4929577465,0.0,0.0,0.0,0.0,0.0,0.0,0.0
1,1,0.8780487805,0.2467532468,0.4935064935,0.02597402597,0.01298701299,0.0,0.0,0.0,0.1558441558,0.06493506494
1,1,0.8721804511,0.4696969697,0.4393939394,0.0,0.0,0.0,0.0,0.09090909091,0.0,0.0
1,1,0.8888888889,0.4637681159,0.3913043478,0.0,0.0,0.0,0.0,0.1304347826,0.01449275362,0.0
1,1,0.8760330579,0.3793103448,0.3103448276,0.0,0.0,0.0,0.0,0.2931034483,0.01724137931,0.0
1,1,0.912,0.4745762712,0.2881355932,0.0,0.0,0.186440678,0.0,0.0,0.05084745763,0.0
1,1,0.8656716418,0.4848484848,0.5151515152,0.0,0.0,0.0,0.0,0.0,0.0,0.0
1,1,0.8346456693,0.4482758621,0.5517241379,0.0,0.0,0.0,0.0,0.0,0.0,0.0
1,1,0.8925619835,0.4769230769,0.5230769231,0.0,0.0,0.0,0.0,0.0,0.0,0.0
1,1,0.8970588235,0.5342465753,0.4657534247,0.0,0.0,0.0,0.0,0.0,0.0,0.0
1,1,0.8615384615,0.4375,0.4375,0.0,0.0,0.0,0.0,0.109375,0.015625,0.0
1,1,0.8595041322,0.4259259259,0.3148148148,0.0,0.0,0.0,0.0,0.2592592593,0.0,0.0
1,1,0.8837209302,0.5555555556,0.3194444444,0.125,0.0,0.0,0.0,0.0,0.0,0.0
1,1,0.8805970149,0.4516129032,0.4677419355,0.0,0.0,0.0,0.0,0.06451612903,0.01612903226,0.0
1,1,0.8448275862,0.4615384615,0.4230769231,0.0,0.0,0.0,0.0,0.07692307692,0.03846153846,0.0
1,1,0.9016393443,0.4461538462,0.5538461538,0.0,0.0,0.0,0.0,0.0,0.0,0.0
1,1,0.8721804511,0.4393939394,0.5606060606,0.0,0.0,0.0,0.0,0.0,0.0,0.0
1,1,0.8721804511,0.4929577465,0.5070422535,0.0,0.0,0.0,0.0,0.0,0.0,0.0
1,1,0.8448275862,0.4406779661,0.5593220339,0.0,0.0,0.0,0.0,0.0,0.0,0.0
1,1,0.9361702128,0.5142857143,0.2714285714,0.0,0.0,0.1714285714,0.0,0.0,0.04285714286,0.0
1,1,0.9051094891,0.5405405405,0.4594594595,0.0,0.0,0.0,0.0,0.0,0.0,0.0
1,1,0.8888888889,0.4507042254,0.5492957746,0.0,0.0,0.0,0.0,0.0,0.0,0.0
1,1,0.8396946565,0.5151515152,0.303030303,0.0,0.0,0.01515151515,0.0,0.1666666667,0.0,0.0
1,1,0.8888888889,0.4,0.4533333333,0.08,0.0,0.0,0.0,0.0,0.06666666667,0.0
1,1,0.9147286822,0.2048192771,0.5060240964,0.03614457831,0.01204819277,0.0,0.0,0.0,0.1807228916,0.06024096386
1,1,0.8852459016,0.4838709677,0.5161290323,0.0,0.0,0.0,0.0,0.0,0.0,0.0
1,1,0.8721804511,0.5277777778,0.4027777778,0.0,0.0,0.0,0.0,0.06944444444,0.0,0.0
1,1,0.8484848485,0.5147058824,0.4852941176,0.0,0.0,0.0,0.0,0.0,0.0,0.0
1,1,0.928,0.4666666667,0.3,0.0,0.0,0.1833333333,0.0,0.0,0.05,0.0
1,1,0.8412698413,0.45,0.3833333333,0.0,0.0,0.0,0.0,0.15,0.01666666667,0.0
1,1,0.8805970149,0.4788732394,0.5211267606,0.0,0.0,0.0,0.0,0.0,0.0,0.0
1,1,0.8461538462,0.4754098361,0.4754098361,0.0,0.0,0.0,0.0,0.04918032787,0.0,0.0
1,1,0.8823529412,0.5,0.5,0.0,0.0,0.0,0.0,0.0,0.0,0.0
1,1,0.8095238095,0.5,0.5,0.0,0.0,0.0,0.0,0.0,0.0,0.0
1,1,0.8823529412,0.5,0.4324324324,0.0,0.01351351351,0.0,0.0,0.0,0.0,0.05405405405
1,1,0.8870967742,0.4558823529,0.3382352941,0.0,0.1176470588,0.02941176471,0.0,0.0,0.05882352941,0.0
1,1,0.8721804511,0.4558823529,0.5441176471,0.0,0.0,0.0,0.0,0.0,0.0,0.0
1,1,0.8615384615,0.5362318841,0.4637681159,0.0,0.0,0.0,0.0,0.0,0.0,0.0
1,1,0.8636363636,0.453125,0.328125,0.0,0.0,0.015625,0.0,0.1875,0.015625,0.0
1,1,0.9130434783,0.5641025641,0.4358974359,0.0,0.0,0.0,0.0,0.0,0.0,0.0
1,1,0.8985507246,0.52,0.48,0.0,0.0,0.0,0.0,0.0,0.0,0.0
1,1,0.8872180451,0.5285714286,0.4714285714,0.0,0.0,0.0,0.0,0.0,0.0,0.0
1,1,0.7603305785,0.5166666667,0.4,0.0,0.0,0.0,0.0,0.0,0.08333333333,0.0
1,1,0.9117647059,0.5135135135,0.4864864865,0.0,0.0,0.0,0.0,0.0,0.0,0.0
1,1,0.8636363636,0.5223880597,0.4776119403,0.0,0.0,0.0,0.0,0.0,0.0,0.0
1,1,0.8823529412,0.5405405405,0.4594594595,0.0,0.0,0.0,0.0,0.0,0.0,0.0
1,1,0.9090909091,0.4933333333,0.4,0.04,0.0,0.01333333333,0.0,0.0,0.02666666667,0.02666666667
1,1,0.9051094891,0.5,0.5,0.0,0.0,0.0,0.0,0.0,0.0,0.0
1,1,0.8793103448,0.4677419355,0.5322580645,0.0,0.0,0.0,0.0,0.0,0.0,0.0
1,1,0.8805970149,0.4923076923,0.4307692308,0.0,0.0,0.0,0.0,0.06153846154,0.01538461538,0.0
1,1,0.8682170543,0.4307692308,0.5692307692,0.0,0.0,0.0,0.0,0.0,0.0,0.0
1,1,0.8905109489,0.5,0.5,0.0,0.0,0.0,0.0,0.0,0.0,0.0
1,1,0.8970588235,0.56,0.44,0.0,0.0,0.0,0.0,0.0,0.0,0.0
1,1,0.8031496063,0.4754098361,0.3770491803,0.0,0.0,0.01639344262,0.0,0.131147541,0.0,0.0
1,1,0.8347826087,0.38,0.46,0.0,0.0,0.0,0.0,0.16,0.0,0.0
1,1,0.8740740741,0.5072463768,0.4927536232,0.0,0.0,0.0,0.0,0.0,0.0,0.0
1,1,0.8292682927,0.375,0.4642857143,0.0,0.01785714286,0.0,0.0,0.1428571429,0.0,0.0
1,1,0.9090909091,0.1851851852,0.4938271605,0.1604938272,0.01234567901,0.0,0.0,0.0,0.04938271605,0.0987654321
1,1,0.8461538462,0.4615384615,0.3846153846,0.0,0.0,0.01538461538,0.0,0.1230769231,0.01538461538,0.0
1,1,0.8787878788,0.4705882353,0.3676470588,0.0,0.0,0.0,0.0,0.1470588235,0.01470588235,0.0
1,1,0.8461538462,0.4444444444,0.5555555556,0.0,0.0,0.0,0.0,0.0,0.0,0.0
1,1,0.7967479675,0.46875,0.453125,0.0,0.0,0.0,0.0,0.015625,0.0625,0.0
1,1,0.8888888889,0.4848484848,0.4545454545,0.0,0.0,0.0,0.0,0.06060606061,0.0,0.0
1,1,0.8615384615,0.447761194,0.4776119403,0.0,0.0,0.0,0.0,0.07462686567,0.0,0.0
1,1,0.8787878788,0.4782608696,0.5217391304,0.0,0.0,0.0,0.0,0.0,0.0,0.0
1,1,0.8188976378,0.564516129,0.4032258065,0.0,0.0,0.0,0.0,0.0,0.0,0.03225806452
1,1,0.8636363636,0.5,0.4,0.0,0.0,0.0,0.0,0.1,0.0,0.0
1,1,0.8636363636,0.4769230769,0.5230769231,0.0,0.0,0.0,0.0,0.0,0.0,0.0
1,1,0.9219858156,0.2272727273,0.4772727273,0.1477272727,0.01136363636,0.0,0.0,0.0,0.04545454545,0.09090909091
1,1,0.8656716418,0.5211267606,0.4084507042,0.0,0.0,0.0,0.0,0.07042253521,0.0,0.0
1,1,0.8571428571,0.552238806,0.447761194,0.0,0.0,0.0,0.0,0.0,0.0,0.0
1,1,0.8615384615,0.4925373134,0.5074626866,0.0,0.0,0.0,0.0,0.0,0.0,0.0
1,1,0.8721804511,0.4545454545,0.5454545455,0.0,0.0,0.0,0.0,0.0,0.0,0.0
1,1,0.8888888889,0.5428571429,0.4571428571,0.0,0.0,0.0,0.0,0.0,0.0,0.0
1,1,0.84375,0.45,0.55,0.0,0.0,0.0,0.0,0.0,0.0,0.0
1,1,0.8721804511,0.5076923077,0.4923076923,0.0,0.0,0.0,0.0,0.0,0.0,0.0
1,1,0.8721804511,0.46875,0.421875,0.0,0.0,0.0,0.0,0.09375,0.015625,0.0
1,1,0.8666666667,0.5238095238,0.4761904762,0.0,0.0,0.0,0.0,0.0,0.0,0.0
1,1,0.8787878788,0.4393939394,0.5606060606,0.0,0.0,0.0,0.0,0.0,0.0,0.0
1,1,0.873015873,0.3783783784,0.3513513514,0.0,0.0,0.1756756757,0.0,0.0,0.0,0.09459459459
1,1,0.9130434783,0.5657894737,0.4342105263,0.0,0.0,0.0,0.0,0.0,0.0,0.0
1,1,0.859375,0.564516129,0.3870967742,0.0,0.0,0.0,0.0,0.0,0.04838709677,0.0
1,1,0.8955223881,0.5211267606,0.4788732394,0.0,0.0,0.0,0.0,0.0,0.0,0.0
1,1,0.9352517986,0.5217391304,0.2608695652,0.0,0.0,0.1739130435,0.0,0.0,0.04347826087,0.0
1,1,0.8549618321,0.4603174603,0.5396825397,0.0,0.0,0.0,0.0,0.0,0.0,0.0
1,1,0.8823529412,0.5694444444,0.4305555556,0.0,0.0,0.0,0.0,0.0,0.0,0.0
1,1,0.8,0.5606060606,0.3636363636,0.0,0.0,0.0,0.0,0.0,0.06060606061,0.01515151515
1,1,0.8823529412,0.5211267606,0.4788732394,0.0,0.0,0.0,0.0,0.0,0.0,0.0
1,1,0.8484848485,0.4923076923,0.5076923077,0.0,0.0,0.0,0.0,0.0,0.0,0.0
1,1,0.8888888889,0.5416666667,0.4583333333,0.0,0.0,0.0,0.0,0.0,0.0,0.0
1,1,0.90625,0.4545454545,0.3246753247,0.09090909091,0.01298701299,0.01298701299,0.0,0.0,0.1038961039,0.0
1,1,0.8615384615,0.390625,0.328125,0.0,0.0,0.015625,0.0,0.265625,0.0,0.0
1,1,0.8571428571,0.4848484848,0.4696969697,0.0,0.0,0.0,0.0,0.04545454545,0.0,0.0
1,1,0.7967479675,0.46875,0.421875,0.0,0.0,0.0,0.0,0.0,0.09375,0.015625
1,1,0.9064748201,0.5068493151,0.4931506849,0.0,0.0,0.0,0.0,0.0,0.0,0.0
1,1,0.8760330579,0.4754098361,0.5245901639,0.0,0.0,0.0,0.0,0.0,0.0,0.0
1,1,0.8721804511,0.4307692308,0.4307692308,0.0,0.0,0.0,0.0,0.1230769231,0.01538461538,0.0
1,1,0.8721804511,0.4393939394,0.5606060606,0.0,0.0,0.0,0.0,0.0,0.0,0.0
1,1,0.8721804511,0.5,0.4375,0.0,0.0,0.0,0.0,0.046875,0.015625,0.0
1,1,0.8549618321,0.435483871,0.564516129,0.0,0.0,0.0,0.0,0.0,0.0,0.0
1,1,0.8702290076,0.5,0.5,0.0,0.0,0.0,0.0,0.0,0.0,0.0
1,1,0.8455284553,0.3506493506,0.2727272727,0.2337662338,0.0,0.0,0.0,0.0,0.1298701299,0.01298701299
1,1,0.8721804511,0.4776119403,0.5223880597,0.0,0.0,0.0,0.0,0.0,0.0,0.0
1,1,0.8739495798,0.4406779661,0.5593220339,0.0,0.0,0.0,0.0,0.0,0.0,0.0
1,1,0.8396946565,0.546875,0.453125,0.0,0.0,0.0,0.0,0.0,0.0,0.0
1,1,0.8787878788,0.4090909091,0.3333333333,0.0,0.0,0.0,0.0,0.2575757576,0.0,0.0
1,1,0.8571428571,0.4727272727,0.4181818182,0.0,0.0,0.0,0.0,0.07272727273,0.03636363636,0.0
1,1,0.9142857143,0.5217391304,0.2608695652,0.0,0.0,0.1739130435,0.0,0.0,0.04347826087,0.0
1,1,0.8571428571,0.46875,0.453125,0.0,0.0,0.0,0.0,0.078125,0.0,0.0
1,1,0.8805970149,0.5070422535,0.4929577465,0.0,0.0,0.0,0.0,0.0,0.0,0.0
1,1,0.8985507246,0.5,0.5,0.0,0.0,0.0,0.0,0.0,0.0,0.0
1,1,0.8740740741,0.4927536232,0.5072463768,0.0,0.0,0.0,0.0,0.0,0.0,0.0
1,1,0.8333333333,0.4482758621,0.3620689655,0.06896551724,0.0,0.03448275862,0.0,0.0,0.08620689655,0.0
1,1,0.8615384615,0.5076923077,0.4461538462,0.0,0.0,0.0,0.0,0.04615384615,0.0,0.0
1,1,0.8905109489,0.5138888889,0.4861111111,0.0,0.0,0.0,0.0,0.0,0.0,0.0
1,1,0.828125,0.5084745763,0.4745762712,0.0,0.0,0.0,0.0,0.0,0.0,0.01694915254
1,1,0.9352517986,0.5142857143,0.2714285714,0.0,0.0,0.1714285714,0.0,0.0,0.04285714286,0.0
1,1,0.8549618321,0.4848484848,0.5151515152,0.0,0.0,0.0,0.0,0.0,0.0,0.0
1,1,0.9104477612,0.5070422535,0.4929577465,0.0,0.0,0.0,0.0,0.0,0.0,0.0
1,1,0.9352517986,0.5142857143,0.2714285714,0.0,0.0,0.1714285714,0.0,0.0,0.04285714286,0.0
1,1,0.9130434783,0.5394736842,0.4605263158,0.0,0.0,0.0,0.0,0.0,0.0,0.0
1,1,0.9130434783,0.5526315789,0.4473684211,0.0,0.0,0.0,0.0,0.0,0.0,0.0
1,1,0.8721804511,0.5,0.5,0.0,0.0,0.0,0.0,0.0,0.0,0.0
1,1,0.90625,0.488372093,0.3604651163,0.0,0.02325581395,0.0,0.0,0.0,0.08139534884,0.04651162791
1,1,0.9436619718,0.4931506849,0.2876712329,0.0,0.0,0.1780821918,0.0,0.0,0.04109589041,0.0
1,1,0.828125,0.5147058824,0.4852941176,0.0,0.0,0.0,0.0,0.0,0.0,0.0
1,1,0.8833333333,0.46875,0.53125,0.0,0.0,0.0,0.0,0.0,0.0,0.0
1,1,0.8217054264,0.4923076923,0.5076923077,0.0,0.0,0.0,0.0,0.0,0.0,0.0
1,1,0.9130434783,0.5584415584,0.4415584416,0.0,0.0,0.0,0.0,0.0,0.0,0.0
1,1,0.8721804511,0.4090909091,0.4242424242,0.0,0.0,0.0,0.0,0.1515151515,0.01515151515,0.0
1,1,0.8787878788,0.4615384615,0.4461538462,0.0,0.0,0.0,0.0,0.09230769231,0.0,0.0
1,1,0.8307692308,0.5,0.3709677419,0.0,0.0,0.01612903226,0.0,0.1129032258,0.0,0.0
1,1,0.9361702128,0.5070422535,0.2676056338,0.0,0.0,0.1830985915,0.0,0.0,0.04225352113,0.0
1,1,0.8636363636,0.4626865672,0.5373134328,0.0,0.0,0.0,0.0,0.0,0.0,0.0
1,1,0.9160305344,0.6,0.3647058824,0.0,0.0,0.0,0.0,0.0,0.0,0.03529411765
1,1,0.8888888889,0.4625,0.3625,0.0125,0.0125,0.0125,0.0,0.0,0.1,0.0375
1,1,0.8636363636,0.4929577465,0.3943661972,0.0,0.0,0.0,0.0,0.1126760563,0.0,0.0
1,1,0.8682170543,0.4677419355,0.4516129032,0.0,0.0,0.0,0.0,0.06451612903,0.01612903226,0.0
1,1,0.8740740741,0.4782608696,0.5217391304,0.0,0.0,0.0,0.0,0.0,0.0,0.0
1,1,0.8396946565,0.5384615385,0.4615384615,0.0,0.0,0.0,0.0,0.0,0.0,0.0
1,1,0.8721804511,0.4090909091,0.4242424242,0.0,0.0,0.0,0.0,0.1515151515,0.01515151515,0.0
1,1,0.8833333333,0.5079365079,0.4920634921,0.0,0.0,0.0,0.0,0.0,0.0,0.0
1,1,0.8905109489,0.5675675676,0.4324324324,0.0,0.0,0.0,0.0,0.0,0.0,0.0
1,1,0.8571428571,0.4927536232,0.4347826087,0.0,0.0,0.0,0.0,0.07246376812,0.0,0.0
1,1,0.9436619718,0.5205479452,0.2739726027,0.0,0.0,0.1643835616,0.0,0.0,0.04109589041,0.0
1,1,0.8474576271,0.4727272727,0.3818181818,0.0,0.0,0.0,0.0,0.1090909091,0.03636363636,0.0
1,1,0.9264705882,0.4197530864,0.4444444444,0.01234567901,0.01234567901,0.0,0.0,0.0,0.0987654321,0.01234567901
1,1,0.8780487805,0.4769230769,0.5230769231,0.0,0.0,0.0,0.0,0.0,0.0,0.0
1,1,0.9051094891,0.5526315789,0.4473684211,0.0,0.0,0.0,0.0,0.0,0.0,0.0
1,1,0.8787878788,0.447761194,0.552238806,0.0,0.0,0.0,0.0,0.0,0.0,0.0
1,1,0.8852459016,0.4385964912,0.4561403509,0.0,0.0,0.0,0.0,0.0701754386,0.0350877193,0.0
1,1,0.8615384615,0.46875,0.53125,0.0,0.0,0.0,0.0,0.0,0.0,0.0
1,1,0.8970588235,0.56,0.44,0.0,0.0,0.0,0.0,0.0,0.0,0.0
1,1,0.8976377953,0.4705882353,0.5294117647,0.0,0.0,0.0,0.0,0.0,0.0,0.0
1,1,0.9032258065,0.4776119403,0.5223880597,0.0,0.0,0.0,0.0,0.0,0.0,0.0
1,1,0.8852459016,0.5303030303,0.4696969697,0.0,0.0,0.0,0.0,0.0,0.0,0.0
1,1,0.8307692308,0.4426229508,0.4754098361,0.0,0.0,0.0,0.0,0.08196721311,0.0,0.0
1,1,0.875,0.4722222222,0.3333333333,0.09722222222,0.0,0.0,0.0,0.0,0.08333333333,0.01388888889
1,1,0.8484848485,0.5,0.453125,0.0,0.0,0.0,0.0,0.046875,0.0,0.0
1,1,0.8888888889,0.5352112676,0.4647887324,0.0,0.0,0.0,0.0,0.0,0.0,0.0
1,1,0.8636363636,0.5441176471,0.4558823529,0.0,0.0,0.0,0.0,0.0,0.0,0.0
1,1,0.8888888889,0.5428571429,0.4571428571,0.0,0.0,0.0,0.0,0.0,0.0,0.0
1,1,0.8484848485,0.5,0.453125,0.0,0.0,0.0,0.0,0.046875,0.0,0.0
1,1,0.8666666667,0.5454545455,0.4545454545,0.0,0.0,0.0,0.0,0.0,0.0,0.0
1,1,0.868852459,0.4677419355,0.5322580645,0.0,0.0,0.0,0.0,0.0,0.0,0.0
1,1,0.8461538462,0.453125,0.546875,0.0,0.0,0.0,0.0,0.0,0.0,0.0
1,1,0.8636363636,0.447761194,0.447761194,0.0,0.0,0.0,0.0,0.1044776119,0.0,0.0
1,1,0.8484848485,0.5373134328,0.4179104478,0.0,0.0,0.0,0.0,0.0447761194,0.0,0.0
1,1,0.8372093023,0.4090909091,0.5606060606,0.0303030303,0.0,0.0,0.0,0.0,0.0,0.0
1,1,0.816,0.5087719298,0.4736842105,0.0,0.0,0.0,0.0,0.0,0.0,0.01754385965
1,1,0.828125,0.4727272727,0.3636363636,0.0,0.0,0.01818181818,0.0,0.1272727273,0.01818181818,0.0
1,1,0.8985507246,0.5205479452,0.4794520548,0.0,0.0,0.0,0.0,0.0,0.0,0.0
1,1,0.9051094891,0.5584415584,0.4415584416,0.0,0.0,0.0,0.0,0.0,0.0,0.0
1,1,0.9051094891,0.5416666667,0.4583333333,0.0,0.0,0.0,0.0,0.0,0.0,0.0
1,1,0.8461538462,0.45,0.5333333333,0.0,0.0,0.0,0.0,0.0,0.0,0.01666666667
1,1,0.8925619835,0.4769230769,0.5230769231,0.0,0.0,0.0,0.0,0.0,0.0,0.0
1,1,0.8805970149,0.5,0.5,0.0,0.0,0.0,0.0,0.0,0.0,0.0
1,1,0.8721804511,0.4637681159,0.5362318841,0.0,0.0,0.0,0.0,0.0,0.0,0.0
1,1,0.8253968254,0.4915254237,0.4915254237,0.0,0.0,0.0,0.0,0.0,0.0,0.01694915254
1,1,0.9219858156,0.2359550562,0.4719101124,0.1460674157,0.01123595506,0.0,0.0,0.0,0.04494382022,0.08988764045
1,1,0.8805970149,0.4571428571,0.5428571429,0.0,0.0,0.0,0.0,0.0,0.0,0.0
1,1,0.8823529412,0.4788732394,0.5211267606,0.0,0.0,0.0,0.0,0.0,0.0,0.0
1,1,0.9208633094,0.5696202532,0.4303797468,0.0,0.0,0.0,0.0,0.0,0.0,0.0
1,1,0.9064748201,0.5072463768,0.2898550725,0.0,0.0,0.1594202899,0.0,0.0,0.04347826087,0.0
1,1,0.8636363636,0.4696969697,0.3636363636,0.0,0.0,0.01515151515,0.0,0.1363636364,0.01515151515,0.0
1,1,0.8888888889,0.5,0.5,0.0,0.0,0.0,0.0,0.0,0.0,0.0
1,1,0.8636363636,0.5072463768,0.347826087,0.0,0.0,0.0,0.0,0.1304347826,0.01449275362,0.0
1,1,0.8905109489,0.5277777778,0.4722222222,0.0,0.0,0.0,0.0,0.0,0.0,0.0
1,1,0.8888888889,0.5,0.5,0.0,0.0,0.0,0.0,0.0,0.0,0.0
1,1,0.8721804511,0.4153846154,0.4,0.0,0.0,0.0,0.0,0.1692307692,0.01538461538,0.0
1,1,0.9160305344,0.4886363636,0.3636363636,0.0,0.02272727273,0.0,0.0,0.0,0.07954545455,0.04545454545
1,1,0.8636363636,0.5,0.3235294118,0.0,0.0,0.01470588235,0.0,0.1470588235,0.01470588235,0.0
1,1,0.8780487805,0.5,0.5,0.0,0.0,0.0,0.0,0.0,0.0,0.0
1,1,0.8636363636,0.453125,0.546875,0.0,0.0,0.0,0.0,0.0,0.0,0.0
1,1,0.9032258065,0.4561403509,0.298245614,0.0,0.0,0.1929824561,0.0,0.0,0.05263157895,0.0
1,1,0.8474576271,0.4444444444,0.3888888889,0.0,0.0,0.01851851852,0.0,0.1296296296,0.01851851852,0.0
1,1,0.8461538462,0.421875,0.578125,0.0,0.0,0.0,0.0,0.0,0.0,0.0
1,1,0.8721804511,0.5151515152,0.4090909091,0.0,0.0,0.0,0.0,0.06060606061,0.01515151515,0.0
1,1,0.8721804511,0.4929577465,0.5070422535,0.0,0.0,0.0,0.0,0.0,0.0,0.0
1,1,0.8656716418,0.4861111111,0.3888888889,0.0,0.0,0.0,0.0,0.125,0.0,0.0
1,1,0.8888888889,0.5138888889,0.4861111111,0.0,0.0,0.0,0.0,0.0,0.0,0.0
1,1,0.8992248062,0.4090909091,0.3068181818,0.0,0.06818181818,0.04545454545,0.0,0.0,0.1704545455,0.0
1,1,0.9051094891,0.5584415584,0.4415584416,0.0,0.0,0.0,0.0,0.0,0.0,0.0
1,1,0.8484848485,0.5606060606,0.4393939394,0.0,0.0,0.0,0.0,0.0,0.0,0.0
1,1,0.8970588235,0.4929577465,0.5070422535,0.0,0.0,0.0,0.0,0.0,0.0,0.0
1,1,0.8571428571,0.4571428571,0.4285714286,0.0,0.0,0.0,0.0,0.1142857143,0.0,0.0
1,1,0.8636363636,0.4782608696,0.5217391304,0.0,0.0,0.0,0.0,0.0,0.0,0.0
1,1,0.8888888889,0.5,0.4242424242,0.0,0.0,0.0,0.0,0.06060606061,0.01515151515,0.0
1,1,0.8805970149,0.5,0.5,0.0,0.0,0.0,0.0,0.0,0.0,0.0
1,1,0.9130434783,0.5584415584,0.4415584416,0.0,0.0,0.0,0.0,0.0,0.0,0.0
1,1,0.8787878788,0.4090909091,0.4090909091,0.0,0.0,0.0,0.0,0.1666666667,0.01515151515,0.0
1,1,0.8888888889,0.5070422535,0.4929577465,0.0,0.0,0.0,0.0,0.0,0.0,0.0
1,1,0.9253731343,0.2173913043,0.4891304348,0.1195652174,0.01086956522,0.0,0.0,0.0,0.05434782609,0.1086956522
1,1,0.8888888889,0.5416666667,0.4583333333,0.0,0.0,0.0,0.0,0.0,0.0,0.0
1,1,0.8721804511,0.4714285714,0.5285714286,0.0,0.0,0.0,0.0,0.0,0.0,0.0
1,1,0.9361702128,0.5142857143,0.2714285714,0.0,0.0,0.1714285714,0.0,0.0,0.04285714286,0.0
1,1,0.8780487805,0.5079365079,0.4920634921,0.0,0.0,0.0,0.0,0.0,0.0,0.0
1,1,0.8721804511,0.4615384615,0.4461538462,0.0,0.0,0.0,0.0,0.07692307692,0.01538461538,0.0
1,1,0.8970588235,0.5540540541,0.4459459459,0.0,0.0,0.0,0.0,0.0,0.0,0.0
1,1,0.8346456693,0.4590163934,0.5409836066,0.0,0.0,0.0,0.0,0.0,0.0,0.0
1,1,0.8702290076,0.515625,0.421875,0.0,0.0,0.0,0.0,0.0625,0.0,0.0
1,1,0.8702290076,0.4927536232,0.5072463768,0.0,0.0,0.0,0.0,0.0,0.0,0.0
1,1,0.8905109489,0.5068493151,0.4931506849,0.0,0.0,0.0,0.0,0.0,0.0,0.0
1,1,0.8571428571,0.3538461538,0.4307692308,0.0,0.0,0.01538461538,0.0,0.0,0.1846153846,0.01538461538
1,1,0.8905109489,0.5416666667,0.4583333333,0.0,0.0,0.0,0.0,0.0,0.0,0.0
1,1,0.9245283019,0.32,0.58,0.0,0.02,0.0,0.0,0.0,0.08,0.0
1,1,0.9172932331,0.4590163934,0.4426229508,0.0,0.01639344262,0.0,0.0,0.0,0.08196721311,0.0
1,1,0.9147286822,0.2456140351,0.649122807,0.0,0.0,0.0,0.0,0.0,0.1052631579,0.0
1,1,0.9142857143,0.3859649123,0.4561403509,0.01754385965,0.01754385965,0.0,0.0,0.0,0.1052631579,0.01754385965
1,1,0.9345794393,0.4210526316,0.5087719298,0.0,0.01754385965,0.0,0.0,0.0,0.05263157895,0.0
1,1,0.9275362319,0.4197530864,0.4691358025,0.01234567901,0.02469135802,0.0,0.0,0.0,0.07407407407,0.0
1,1,0.9230769231,0.4461538462,0.4769230769,0.0,0.0,0.0,0.0,0.0,0.07692307692,0.0
1,1,0.9444444444,0.3965517241,0.5,0.0,0.01724137931,0.0,0.0,0.0,0.08620689655,0.0
1,1,0.9230769231,0.46875,0.421875,0.015625,0.0,0.0,0.0,0.0,0.09375,0.0
1,1,0.9253731343,0.4111111111,0.3888888889,0.1,0.0,0.0,0.0,0.0,0.08888888889,0.01111111111
1,1,0.9444444444,0.350877193,0.5614035088,0.01754385965,0.01754385965,0.0,0.0,0.0,0.05263157895,0.0
1,1,0.951048951,0.5194805195,0.4415584416,0.0,0.01298701299,0.0,0.0,0.0,0.02597402597,0.0
1,1,0.9523809524,0.3225806452,0.5967741935,0.0,0.0,0.0,0.0,0.0,0.08064516129,0.0
1,1,0.9444444444,0.3469387755,0.5714285714,0.0,0.02040816327,0.0,0.0,0.0,0.0612244898,0.0
1,1,0.9126213592,0.4833333333,0.4166666667,0.0,0.01666666667,0.0,0.0,0.0,0.05,0.03333333333
1,1,0.9514563107,0.2909090909,0.6545454545,0.0,0.0,0.0,0.0,0.0,0.05454545455,0.0
1,1,0.9142857143,0.5138888889,0.4027777778,0.01388888889,0.0,0.0,0.0,0.0,0.05555555556,0.01388888889
1,1,0.9719626168,0.3,0.64,0.0,0.0,0.0,0.0,0.0,0.06,0.0
1,1,0.9607843137,0.3703703704,0.5555555556,0.0,0.0,0.0,0.0,0.0,0.07407407407,0.0
1,1,0.896,0.5063291139,0.4303797468,0.0,0.0,0.0,0.0,0.0,0.06329113924,0.0
1,1,0.8939393939,0.3913043478,0.4202898551,0.01449275362,0.01449275362,0.05797101449,0.0,0.0,0.08695652174,0.01449275362
1,1,0.873015873,0.4696969697,0.3181818182,0.01515151515,0.0,0.1515151515,0.0,0.0,0.0303030303,0.01515151515
1,1,0.9160305344,0.4875,0.425,0.0,0.0,0.0,0.0,0.0,0.0875,0.0
1,1,0.9312977099,0.4153846154,0.4769230769,0.0,0.01538461538,0.0,0.0,0.0,0.09230769231,0.0
1,1,0.9444444444,0.435483871,0.4677419355,0.01612903226,0.03225806452,0.0,0.0,0.0,0.04838709677,0.0
1,1,0.9022556391,0.5,0.4268292683,0.0,0.0,0.0,0.0,0.0,0.07317073171,0.0
1,1,0.9312977099,0.3770491803,0.5573770492,0.0,0.0,0.0,0.0,0.0,0.06557377049,0.0
1,1,0.9142857143,0.3673469388,0.5306122449,0.0,0.02040816327,0.0,0.0,0.0,0.08163265306,0.0
1,1,0.9245283019,0.4406779661,0.4406779661,0.01694915254,0.01694915254,0.01694915254,0.0,0.0,0.05084745763,0.01694915254
1,1,0.9333333333,0.3333333333,0.537037037,0.0,0.01851851852,0.0,0.0,0.0,0.1111111111,0.0
1,1,0.8484848485,0.387755102,0.4081632653,0.0,0.0,0.04081632653,0.0,0.0,0.1632653061,0.0
1,1,0.9298245614,0.4166666667,0.4666666667,0.0,0.0,0.0,0.0,0.0,0.1166666667,0.0
1,1,0.921875,0.4155844156,0.3506493506,0.1818181818,0.01298701299,0.0,0.0,0.0,0.02597402597,0.01298701299
1,1,0.8888888889,0.4603174603,0.4761904762,0.01587301587,0.0,0.0,0.0,0.0,0.04761904762,0.0
1,1,0.9444444444,0.2857142857,0.5918367347,0.0,0.02040816327,0.0,0.0,0.0,0.1020408163,0.0
1,1,0.8870967742,0.4246575342,0.5068493151,0.0,0.0,0.01369863014,0.0,0.0,0.05479452055,0.0
1,1,0.9345794393,0.4,0.52,0.0,0.02,0.0,0.0,0.0,0.06,0.0
1,1,0.9038461538,0.34,0.56,0.02,0.02,0.0,0.0,0.0,0.06,0.0
1,1,0.9444444444,0.4242424242,0.5606060606,0.0,0.0,0.0,0.0,0.0,0.01515151515,0.0
1,1,0.9147286822,0.3333333333,0.6111111111,0.0,0.0,0.01851851852,0.0,0.0,0.03703703704,0.0
1,1,0.9345794393,0.435483871,0.4516129032,0.0,0.01612903226,0.0,0.0,0.0,0.09677419355,0.0
1,1,0.9253731343,0.4769230769,0.4153846154,0.0,0.01538461538,0.0,0.0,0.0,0.09230769231,0.0
1,1,0.9345794393,0.38,0.52,0.0,0.0,0.0,0.0,0.0,0.1,0.0
1,1,0.84375,0.6101694915,0.3389830508,0.05084745763,0.0,0.0,0.0,0.0,0.0,0.0
1,1,0.9230769231,0.4459459459,0.4864864865,0.0,0.0,0.01351351351,0.0,0.0,0.05405405405,0.0
1,1,0.9133858268,0.4,0.5,0.0,0.0,0.0,0.0,0.0,0.1,0.0
1,1,0.8976377953,0.421875,0.515625,0.0,0.0,0.0,0.0,0.0,0.0625,0.0
1,1,0.9444444444,0.328125,0.5625,0.0,0.015625,0.0,0.0,0.0,0.09375,0.0
1,1,0.8976377953,0.4936708861,0.4556962025,0.01265822785,0.0,0.0,0.0,0.0,0.0253164557,0.01265822785
1,1,0.9333333333,0.3529411765,0.5490196078,0.0,0.01960784314,0.0,0.0,0.0,0.07843137255,0.0
1,1,0.9444444444,0.3703703704,0.5555555556,0.0,0.01851851852,0.0,0.0,0.0,0.05555555556,0.0
1,1,0.9147286822,0.5151515152,0.4545454545,0.0,0.0,0.0,0.0,0.0,0.01515151515,0.01515151515
1,1,0.9245283019,0.36,0.54,0.02,0.02,0.0,0.0,0.0,0.06,0.0
1,1,0.9361702128,0.4459459459,0.4054054054,0.0,0.01351351351,0.01351351351,0.0,0.0,0.09459459459,0.02702702703
1,1,0.9147286822,0.4871794872,0.2820512821,0.1282051282,0.01282051282,0.0,0.0,0.0,0.07692307692,0.01282051282
1,1,0.9444444444,0.3,0.62,0.0,0.0,0.0,0.0,0.0,0.08,0.0
1,1,0.9345794393,0.3684210526,0.4912280702,0.0,0.01754385965,0.0,0.0,0.0,0.1228070175,0.0
1,1,0.9433962264,0.34,0.6,0.0,0.02,0.0,0.0,0.0,0.04,0.0
1,1,0.9323308271,0.527027027,0.3918918919,0.02702702703,0.0,0.0,0.0,0.0,0.05405405405,0.0
1,1,0.9333333333,0.4375,0.53125,0.0,0.0,0.0,0.0,0.0,0.03125,0.0
1,1,0.9714285714,0.3125,0.59375,0.0,0.0,0.0,0.0,0.0,0.09375,0.0
1,1,0.9345794393,0.3230769231,0.5384615385,0.03076923077,0.0,0.0,0.0,0.0,0.1076923077,0.0
1,1,0.9345794393,0.3773584906,0.5283018868,0.0,0.01886792453,0.0,0.0,0.0,0.07547169811,0.0
1,1,0.9541284404,0.4285714286,0.4821428571,0.0,0.01785714286,0.0,0.0,0.0,0.07142857143,0.0
1,1,0.9444444444,0.3137254902,0.5882352941,0.0,0.01960784314,0.0,0.0,0.0,0.07843137255,0.0
1,1,0.9032258065,0.4558823529,0.4264705882,0.01470588235,0.0,0.01470588235,0.0,0.0,0.08823529412,0.0
1,1,0.9147286822,0.3384615385,0.5692307692,0.0,0.0,0.0,0.0,0.0,0.09230769231,0.0
1,1,0.9245283019,0.46875,0.421875,0.0,0.015625,0.0,0.0,0.0,0.0625,0.03125
1,1,0.9523809524,0.4193548387,0.4677419355,0.0,0.01612903226,0.0,0.0,0.0,0.08064516129,0.01612903226
1,1,0.8888888889,0.4,0.5076923077,0.0,0.0,0.01538461538,0.0,0.0,0.07692307692,0.0
1,1,0.9719626168,0.3157894737,0.5438596491,0.0,0.01754385965,0.0,0.0,0.0,0.1052631579,0.01754385965
1,1,0.9147286822,0.4054054054,0.527027027,0.01351351351,0.0,0.0,0.0,0.0,0.05405405405,0.0
1,1,0.9230769231,0.3728813559,0.5762711864,0.0,0.01694915254,0.0,0.0,0.0,0.03389830508,0.0
1,1,0.9230769231,0.3974358974,0.5384615385,0.01282051282,0.0,0.0,0.0,0.0,0.05128205128,0.0
1,1,0.9038461538,0.3793103448,0.4482758621,0.0,0.01724137931,0.0,0.0,0.0,0.1034482759,0.05172413793
1,1,0.9345794393,0.2692307692,0.6538461538,0.0,0.01923076923,0.0,0.0,0.0,0.05769230769,0.0
1,1,0.8872180451,0.4615384615,0.3516483516,0.07692307692,0.0,0.06593406593,0.0,0.0,0.04395604396,0.0
1,1,0.9147286822,0.435483871,0.4838709677,0.0,0.0,0.0,0.0,0.0,0.08064516129,0.0
1,1,0.9206349206,0.4603174603,0.4761904762,0.0,0.0,0.0,0.0,0.0,0.06349206349,0.0
1,1,0.9147286822,0.4920634921,0.4285714286,0.0,0.03174603175,0.0,0.0,0.0,0.03174603175,0.01587301587
1,1,0.8910891089,0.3260869565,0.4347826087,0.0,0.0,0.02173913043,0.0,0.0,0.2173913043,0.0
1,1,0.9345794393,0.4029850746,0.4328358209,0.0,0.02985074627,0.0,0.0,0.0,0.1343283582,0.0
1,1,0.8872180451,0.5223880597,0.4328358209,0.0,0.01492537313,0.0,0.0,0.0,0.01492537313,0.01492537313
1,1,0.9345794393,0.4153846154,0.5230769231,0.0,0.01538461538,0.0,0.0,0.0,0.04615384615,0.0
1,1,0.9312977099,0.4583333333,0.4444444444,0.01388888889,0.0,0.0,0.0,0.0,0.08333333333,0.0
1,1,0.9147286822,0.4722222222,0.4444444444,0.0,0.01388888889,0.0,0.0,0.0,0.06944444444,0.0
1,1,0.9345794393,0.3859649123,0.4912280702,0.01754385965,0.01754385965,0.0,0.0,0.0,0.08771929825,0.0
1,1,0.9230769231,0.2098765432,0.4938271605,0.1481481481,0.01234567901,0.0,0.0,0.0,0.04938271605,0.08641975309
1,1,0.9541284404,0.3676470588,0.5735294118,0.0,0.0,0.0,0.0,0.0,0.05882352941,0.0
1,1,0.9541284404,0.3898305085,0.5084745763,0.0,0.01694915254,0.0,0.0,0.0,0.08474576271,0.0
1,1,0.9142857143,0.3921568627,0.5294117647,0.0,0.03921568627,0.0,0.0,0.0,0.03921568627,0.0
1,1,0.9345794393,0.3541666667,0.5625,0.0,0.02083333333,0.0,0.0,0.0,0.0625,0.0
1,1,0.9444444444,0.4237288136,0.4915254237,0.0,0.01694915254,0.0,0.0,0.0,0.06779661017,0.0
1,1,0.9333333333,0.3333333333,0.537037037,0.0,0.01851851852,0.0,0.0,0.0,0.1111111111,0.0
1,1,0.9636363636,0.350877193,0.5614035088,0.0,0.01754385965,0.0,0.0,0.0,0.0701754386,0.0
1,1,0.9019607843,0.358490566,0.5094339623,0.0,0.01886792453,0.0,0.0,0.0,0.1132075472,0.0
1,1,0.8888888889,0.4444444444,0.5185185185,0.0,0.0,0.0,0.0,0.0,0.03703703704,0.0
1,1,0.9245283019,0.3404255319,0.6170212766,0.0,0.0,0.0,0.0,0.0,0.04255319149,0.0
1,1,0.9007633588,0.3797468354,0.3797468354,0.0253164557,0.07594936709,0.1012658228,0.0,0.0,0.03797468354,0.0
1,1,0.9142857143,0.4181818182,0.5090909091,0.0,0.03636363636,0.0,0.0,0.0,0.03636363636,0.0
1,1,0.9245283019,0.3962264151,0.5471698113,0.0,0.0,0.0,0.0,0.0,0.05660377358,0.0
1,1,0.9444444444,0.3653846154,0.5192307692,0.0,0.01923076923,0.0,0.0,0.0,0.07692307692,0.01923076923
1,1,0.9345794393,0.4029850746,0.4328358209,0.0,0.02985074627,0.0,0.0,0.0,0.1343283582,0.0
1,1,0.8925619835,0.4861111111,0.4166666667,0.0,0.01388888889,0.0,0.0,0.0,0.08333333333,0.0
1,1,0.9345794393,0.32,0.58,0.0,0.02,0.0,0.0,0.0,0.08,0.0
1,1,0.90625,0.3432835821,0.4179104478,0.01492537313,0.0,0.0,0.0,0.0,0.223880597,0.0
1,1,0.9245283019,0.38,0.5,0.0,0.02,0.0,0.0,0.0,0.1,0.0
1,1,0.9345794393,0.32,0.56,0.0,0.02,0.0,0.0,0.0,0.1,0.0
1,1,0.9345794393,0.3703703704,0.537037037,0.0,0.0,0.0,0.0,0.0,0.09259259259,0.0
1,1,0.9242424242,0.4743589744,0.4230769231,0.0,0.01282051282,0.0,0.0,0.0,0.07692307692,0.01282051282
1,1,0.9047619048,0.4871794872,0.4743589744,0.0,0.0,0.0,0.0,0.0,0.03846153846,0.0
1,1,0.9147286822,0.5074626866,0.4179104478,0.01492537313,0.02985074627,0.0,0.0,0.0,0.02985074627,0.0
1,1,0.9245283019,0.406779661,0.4406779661,0.0,0.01694915254,0.01694915254,0.0,0.0,0.1016949153,0.01694915254
1,1,0.90625,0.3939393939,0.4545454545,0.01515151515,0.0,0.0,0.0,0.0,0.1212121212,0.01515151515
1,1,0.9230769231,0.4225352113,0.4084507042,0.0,0.0,0.01408450704,0.0,0.0,0.1549295775,0.0
1,1,0.9393939394,0.4266666667,0.4133333333,0.0,0.0,0.01333333333,0.0,0.0,0.12,0.02666666667
1,1,0.9444444444,0.2881355932,0.6610169492,0.0,0.0,0.0,0.0,0.0,0.05084745763,0.0
1,1,0.9345794393,0.3965517241,0.5,0.0,0.01724137931,0.0,0.0,0.0,0.08620689655,0.0
1,1,0.9345794393,0.3148148148,0.537037037,0.0,0.01851851852,0.0,0.0,0.0,0.1296296296,0.0
1,1,0.9345794393,0.1875,0.7083333333,0.0,0.0,0.0,0.0,0.02083333333,0.08333333333,0.0
1,1,0.9323308271,0.2048192771,0.4939759036,0.1445783133,0.01204819277,0.0,0.0,0.0,0.04819277108,0.09638554217
1,1,0.9345794393,0.3859649123,0.4561403509,0.0,0.01754385965,0.01754385965,0.0,0.0,0.1228070175,0.0
1,1,0.9345794393,0.3636363636,0.5090909091,0.0,0.01818181818,0.0,0.0,0.0,0.09090909091,0.01818181818
1,1,0.9245283019,0.4285714286,0.4897959184,0.0,0.02040816327,0.0,0.0,0.0,0.0612244898,0.0
1,1,0.8709677419,0.4745762712,0.4915254237,0.01694915254,0.0,0.0,0.0,0.0,0.01694915254,0.0
1,1,0.9245283019,0.4150943396,0.4905660377,0.01886792453,0.01886792453,0.0,0.0,0.0,0.03773584906,0.01886792453
1,1,0.9541284404,0.3018867925,0.5849056604,0.0,0.01886792453,0.0,0.0,0.0,0.09433962264,0.0
1,1,0.9345794393,0.462962963,0.4814814815,0.0,0.01851851852,0.0,0.0,0.0,0.03703703704,0.0
1,1,0.9245283019,0.4576271186,0.4745762712,0.0,0.03389830508,0.0,0.0,0.0,0.03389830508,0.0
1,1,0.9245283019,0.3272727273,0.5090909091,0.0,0.01818181818,0.0,0.0,0.0,0.09090909091,0.05454545455
1,1,0.9444444444,0.4411764706,0.4411764706,0.01470588235,0.01470588235,0.0,0.0,0.0,0.07352941176,0.01470588235
1,1,0.9185185185,0.4941176471,0.3058823529,0.1176470588,0.01176470588,0.0,0.0,0.0,0.07058823529,0.0
1,1,0.9253731343,0.1829268293,0.5,0.1585365854,0.01219512195,0.0,0.0,0.0,0.0487804878,0.09756097561
1,1,0.9444444444,0.3090909091,0.5636363636,0.01818181818,0.01818181818,0.0,0.0,0.0,0.09090909091,0.0
1,1,0.9245283019,0.3230769231,0.5384615385,0.01538461538,0.0,0.0,0.0,0.0,0.1230769231,0.0
1,1,0.9142857143,0.3773584906,0.4905660377,0.0,0.01886792453,0.0,0.0,0.0,0.1132075472,0.0
1,1,0.9444444444,0.1960784314,0.7254901961,0.0,0.01960784314,0.0,0.0,0.0,0.05882352941,0.0
1,1,0.9523809524,0.2830188679,0.5471698113,0.0,0.01886792453,0.0,0.0,0.0,0.1320754717,0.01886792453
1,1,0.9215686275,0.3333333333,0.5294117647,0.0,0.01960784314,0.0,0.0,0.0,0.1176470588,0.0
1,1,0.9545454545,0.4772727273,0.4318181818,0.0,0.0,0.0,0.0,0.0,0.09090909091,0.0
1,1,0.9302325581,0.4788732394,0.4507042254,0.01408450704,0.01408450704,0.01408450704,0.0,0.0,0.02816901408,0.0
1,1,0.9444444444,0.3703703704,0.5555555556,0.0,0.01851851852,0.0,0.0,0.0,0.05555555556,0.0
1,1,0.9345794393,0.3125,0.5625,0.02083333333,0.02083333333,0.0,0.0,0.0,0.08333333333,0.0
1,1,0.7796610169,0.5,0.3888888889,0.1111111111,0.0,0.0,0.0,0.0,0.0,0.0
1,1,0.9090909091,0.4805194805,0.4285714286,0.0,0.01298701299,0.0,0.0,0.0,0.07792207792,0.0
1,1,0.9444444444,0.36,0.56,0.0,0.02,0.0,0.0,0.0,0.06,0.0
1,1,0.9345794393,0.3333333333,0.537037037,0.0,0.01851851852,0.0,0.0,0.0,0.1111111111,0.0
1,1,0.9245283019,0.35,0.4333333333,0.0,0.01666666667,0.0,0.0,0.0,0.1833333333,0.01666666667
1,1,0.9393939394,0.5,0.4571428571,0.0,0.02857142857,0.0,0.0,0.0,0.01428571429,0.0
1,1,0.9444444444,0.375,0.5,0.01785714286,0.01785714286,0.0,0.0,0.0,0.08928571429,0.0
1,1,0.9541284404,0.3684210526,0.5614035088,0.0,0.01754385965,0.0,0.0,0.0,0.05263157895,0.0
1,1,0.9444444444,0.3333333333,0.5555555556,0.03703703704,0.01851851852,0.0,0.0,0.0,0.05555555556,0.0
1,1,0.9504950495,0.3518518519,0.5,0.0,0.01851851852,0.0,0.0,0.0,0.1296296296,0.0
1,1,0.9019607843,0.3673469388,0.4897959184,0.0,0.02040816327,0.0,0.0,0.0,0.1020408163,0.02040816327
1,1,0.8805970149,0.5777777778,0.2888888889,0.02222222222,0.0,0.01111111111,0.0,0.0,0.06666666667,0.03333333333
1,1,0.9038461538,0.3191489362,0.5319148936,0.0,0.02127659574,0.0,0.0,0.0,0.1276595745,0.0
1,1,0.9230769231,0.3866666667,0.5066666667,0.0,0.01333333333,0.0,0.0,0.0,0.09333333333,0.0
1,1,0.9352517986,0.4666666667,0.4533333333,0.01333333333,0.01333333333,0.0,0.0,0.0,0.04,0.01333333333
1,1,0.9230769231,0.3835616438,0.5616438356,0.0,0.0,0.0,0.0,0.0,0.05479452055,0.0
1,1,0.9333333333,0.3404255319,0.5957446809,0.0,0.0,0.0,0.0,0.0,0.06382978723,0.0
1,1,0.9345794393,0.4,0.45,0.0,0.01666666667,0.0,0.0,0.0,0.1333333333,0.0
1,1,0.9523809524,0.2962962963,0.5555555556,0.0,0.01851851852,0.0,0.0,0.0,0.1111111111,0.01851851852
1,1,0.90625,0.4805194805,0.4935064935,0.0,0.0,0.0,0.0,0.0,0.02597402597,0.0
1,1,0.90625,0.4137931034,0.5,0.0,0.0,0.0,0.0,0.0,0.08620689655,0.0
1,1,0.9245283019,0.3409090909,0.5909090909,0.0,0.0,0.0,0.0,0.0,0.06818181818,0.0
1,1,0.9007633588,0.5952380952,0.369047619,0.0,0.0,0.0,0.0,0.0,0.0,0.03571428571
1,1,0.9444444444,0.3793103448,0.5,0.03448275862,0.01724137931,0.0,0.0,0.0,0.05172413793,0.01724137931
1,1,0.9345794393,0.3833333333,0.4666666667,0.01666666667,0.01666666667,0.0,0.0,0.0,0.1,0.01666666667
1,1,0.9019607843,0.320754717,0.641509434,0.0,0.0,0.0,0.0,0.0,0.03773584906,0.0
1,1,0.9444444444,0.406779661,0.4745762712,0.01694915254,0.01694915254,0.0,0.0,0.0,0.08474576271,0.0
1,1,0.9245283019,0.3260869565,0.5869565217,0.0,0.02173913043,0.0,0.0,0.0,0.0652173913,0.0
1,1,0.9444444444,0.3709677419,0.4677419355,0.0,0.01612903226,0.0,0.0,0.0,0.1290322581,0.01612903226
1,1,0.9402985075,0.4428571429,0.4857142857,0.0,0.0,0.0,0.0,0.0,0.07142857143,0.0
1,1,0.9423076923,0.4166666667,0.5,0.0,0.01666666667,0.0,0.0,0.0,0.06666666667,0.0
1,1,0.9160305344,0.3888888889,0.5,0.02777777778,0.0,0.0,0.0,0.0,0.08333333333,0.0
1,1,0.9312977099,0.425,0.5,0.0125,0.0,0.0,0.0,0.0,0.0625,0.0
1,1,0.8992248062,0.3648648649,0.3918918919,0.2162162162,0.0,0.0,0.0,0.0,0.01351351351,0.01351351351
1,1,0.9142857143,0.2765957447,0.5957446809,0.02127659574,0.02127659574,0.0,0.0,0.0,0.08510638298,0.0
1,1,0.9108910891,0.3846153846,0.5384615385,0.0,0.03846153846,0.0,0.0,0.0,0.03846153846,0.0
1,1,0.9411764706,0.2765957447,0.5957446809,0.0,0.02127659574,0.0,0.0,0.0,0.1063829787,0.0
1,1,0.9345794393,0.4153846154,0.5538461538,0.0,0.0,0.0,0.0,0.0,0.03076923077,0.0
1,1,0.9444444444,0.4137931034,0.4827586207,0.0,0.01724137931,0.0,0.0,0.0,0.08620689655,0.0
1,1,0.9333333333,0.3137254902,0.5490196078,0.0,0.01960784314,0.0,0.0,0.0,0.09803921569,0.01960784314
1,1,0.9333333333,0.3846153846,0.5192307692,0.0,0.01923076923,0.0,0.0,0.0,0.05769230769,0.01923076923
1,1,0.9444444444,0.34375,0.59375,0.0,0.0,0.0,0.0,0.0,0.0625,0.0
1,1,0.90625,0.3793103448,0.5344827586,0.0,0.0,0.0,0.0,0.0,0.08620689655,0.0
1,1,0.9230769231,0.4415584416,0.4805194805,0.0,0.01298701299,0.0,0.0,0.0,0.06493506494,0.0
1,1,0.965034965,0.4255319149,0.4680851064,0.01063829787,0.01063829787,0.02127659574,0.0,0.0,0.02127659574,0.04255319149
1,1,0.953271028,0.3333333333,0.5555555556,0.0,0.01587301587,0.0,0.0,0.0,0.09523809524,0.0
1,1,0.9147286822,0.5147058824,0.3970588235,0.02941176471,0.0,0.0,0.0,0.0,0.05882352941,0.0
1,1,0.9147286822,0.453125,0.46875,0.0,0.0,0.0,0.0,0.0,0.078125,0.0
1,1,0.8910891089,0.375,0.5208333333,0.0,0.04166666667,0.0,0.0,0.0,0.0625,0.0
1,1,0.9038461538,0.3898305085,0.4406779661,0.0,0.01694915254,0.0,0.0,0.0,0.1016949153,0.05084745763
1,1,0.9382716049,0.3658536585,0.5365853659,0.0,0.0,0.0,0.0,0.0,0.09756097561,0.0
1,1,0.9423076923,0.2857142857,0.6607142857,0.0,0.0,0.0,0.0,0.0,0.05357142857,0.0
1,1,0.9142857143,0.435483871,0.4516129032,0.0,0.01612903226,0.0,0.0,0.0,0.09677419355,0.0
1,1,0.9024390244,0.2941176471,0.6176470588,0.0,0.0,0.0,0.0,0.0,0.08823529412,0.0
1,1,0.9230769231,0.4528301887,0.4528301887,0.0,0.01886792453,0.0,0.0,0.0,0.07547169811,0.0
1,1,0.9185185185,0.4691358025,0.4197530864,0.0,0.01234567901,0.0,0.0,0.0,0.08641975309,0.01234567901
1,1,0.9147286822,0.447761194,0.4776119403,0.0,0.0,0.0,0.0,0.0,0.07462686567,0.0
1,1,0.935483871,0.4520547945,0.4383561644,0.01369863014,0.02739726027,0.0,0.0,0.0,0.04109589041,0.02739726027
1,1,0.9142857143,0.3888888889,0.4814814815,0.0,0.01851851852,0.0,0.0,0.0,0.09259259259,0.01851851852
1,1,0.9090909091,0.4126984127,0.5079365079,0.0,0.0,0.0,0.0,0.0,0.07936507937,0.0
1,1,0.9345794393,0.4137931034,0.4827586207,0.01724137931,0.01724137931,0.0,0.0,0.0,0.06896551724,0.0
1,1,0.9622641509,0.4285714286,0.4761904762,0.0,0.01587301587,0.0,0.0,0.0,0.06349206349,0.01587301587
1,1,0.8976377953,0.3846153846,0.4615384615,0.01538461538,0.0,0.0,0.0,0.0,0.07692307692,0.06153846154
1,1,0.9444444444,0.3888888889,0.537037037,0.0,0.01851851852,0.0,0.0,0.0,0.05555555556,0.0
1,1,0.896,0.4444444444,0.4583333333,0.0,0.0,0.0,0.0,0.0,0.09722222222,0.0
1,1,0.9245283019,0.4363636364,0.4909090909,0.0,0.01818181818,0.0,0.0,0.0,0.05454545455,0.0
1,1,0.8636363636,0.6285714286,0.3428571429,0.0,0.0,0.0,0.0,0.0,0.02857142857,0.0
1,1,0.9393939394,0.3620689655,0.6034482759,0.0,0.0,0.0,0.0,0.0,0.03448275862,0.0
1,1,0.9126213592,0.3396226415,0.4905660377,0.0,0.01886792453,0.0,0.0,0.0,0.09433962264,0.05660377358
1,1,0.9361702128,0.5,0.4078947368,0.0,0.01315789474,0.01315789474,0.0,0.0,0.06578947368,0.0
1,1,0.88,0.4328358209,0.4776119403,0.0,0.02985074627,0.01492537313,0.0,0.0,0.0447761194,0.0
1,1,0.9384615385,0.4,0.55,0.0,0.0,0.0,0.0,0.0,0.05,0.0
1,1,0.8932038835,0.3928571429,0.4464285714,0.0,0.01785714286,0.0,0.0,0.0,0.125,0.01785714286
1,1,0.9444444444,0.32,0.58,0.0,0.02,0.0,0.0,0.0,0.08,0.0
1,1,0.9245283019,0.3461538462,0.5384615385,0.0,0.01923076923,0.0,0.0,0.0,0.09615384615,0.0
1,1,0.928,0.4084507042,0.4929577465,0.01408450704,0.0,0.01408450704,0.0,0.0,0.07042253521,0.0
1,1,0.932038835,0.380952381,0.5873015873,0.0,0.0,0.0,0.0,0.0,0.03174603175,0.0
1,1,0.9076923077,0.5352112676,0.3661971831,0.02816901408,0.0,0.01408450704,0.0,0.0,0.04225352113,0.01408450704
1,1,0.9197080292,0.5151515152,0.4090909091,0.0,0.01515151515,0.0,0.0,0.0,0.04545454545,0.01515151515
1,1,0.9345794393,0.3272727273,0.5636363636,0.03636363636,0.01818181818,0.0,0.0,0.0,0.05454545455,0.0
1,1,0.9208633094,0.4428571429,0.4,0.0,0.01428571429,0.0,0.0,0.0,0.1285714286,0.01428571429
1,1,0.90625,0.4426229508,0.4590163934,0.01639344262,0.0,0.0,0.0,0.0,0.08196721311,0.0
1,1,0.9345794393,0.3529411765,0.5490196078,0.0,0.01960784314,0.0,0.0,0.0,0.07843137255,0.0
1,1,0.8910891089,0.3018867925,0.5094339623,0.0,0.0,0.0,0.0,0.0,0.1886792453,0.0
1,1,0.9719626168,0.4153846154,0.4769230769,0.0,0.01538461538,0.0,0.0,0.0,0.07692307692,0.01538461538
1,1,0.9345794393,0.3928571429,0.5178571429,0.01785714286,0.01785714286,0.0,0.0,0.0,0.05357142857,0.0
1,1,0.9245283019,0.3888888889,0.5185185185,0.0,0.01851851852,0.0,0.0,0.0,0.05555555556,0.01851851852
1,1,0.9230769231,0.3783783784,0.5135135135,0.0,0.01351351351,0.0,0.0,0.0,0.09459459459,0.0
1,1,0.962962963,0.2173913043,0.2065217391,0.152173913,0.3586956522,0.0,0.0,0.0,0.0652173913,0.0
1,1,0.9208633094,0.45,0.4833333333,0.0,0.01666666667,0.0,0.0,0.0,0.05,0.0
1,1,0.8484848485,0.3555555556,0.3777777778,0.0,0.0,0.02222222222,0.0,0.0,0.2444444444,0.0
1,1,0.9312977099,0.3943661972,0.5633802817,0.0,0.0,0.01408450704,0.0,0.0,0.02816901408,0.0
1,1,0.9433962264,0.2833333333,0.6,0.0,0.0,0.0,0.0,0.0,0.1166666667,0.0
1,1,0.9333333333,0.4035087719,0.4736842105,0.0,0.01754385965,0.01754385965,0.0,0.0,0.0701754386,0.01754385965
1,1,0.9245283019,0.3469387755,0.5510204082,0.0,0.02040816327,0.0,0.0,0.0,0.08163265306,0.0
1,1,0.9333333333,0.4464285714,0.5,0.0,0.01785714286,0.0,0.0,0.0,0.03571428571,0.0
1,1,0.9444444444,0.3333333333,0.5555555556,0.0,0.01851851852,0.0,0.0,0.0,0.07407407407,0.01851851852
1,1,0.9312977099,0.4533333333,0.5066666667,0.0,0.0,0.0,0.0,0.0,0.04,0.0
1,1,0.9312977099,0.3939393939,0.4545454545,0.01515151515,0.0,0.01515151515,0.0,0.0,0.07575757576,0.04545454545
1,1,0.8923076923,0.4933333333,0.2933333333,0.09333333333,0.0,0.04,0.0,0.0,0.06666666667,0.01333333333
1,1,0.9185185185,0.1904761905,0.5,0.1547619048,0.0119047619,0.0,0.0,0.0,0.04761904762,0.09523809524
1,1,0.8130081301,0.5245901639,0.4262295082,0.0,0.0,0.01639344262,0.0,0.01639344262,0.01639344262,0.0
1,1,0.9142857143,0.4035087719,0.4736842105,0.0,0.01754385965,0.0,0.0,0.0,0.08771929825,0.01754385965
1,1,0.896,0.5151515152,0.4242424242,0.0,0.0303030303,0.0,0.0,0.0,0.0303030303,0.0
1,1,0.9444444444,0.3333333333,0.568627451,0.0,0.01960784314,0.0,0.0,0.0,0.07843137255,0.0
1,1,0.9345794393,0.4262295082,0.4426229508,0.0,0.01639344262,0.0,0.0,0.0,0.08196721311,0.03278688525
1,1,0.9541284404,0.4126984127,0.4920634921,0.0,0.01587301587,0.01587301587,0.0,0.0,0.06349206349,0.0
1,1,0.9142857143,0.4561403509,0.4561403509,0.0,0.01754385965,0.0,0.0,0.0,0.0701754386,0.0
1,1,0.9160305344,0.4285714286,0.5064935065,0.0,0.01298701299,0.0,0.0,0.0,0.05194805195,0.0
1,1,0.9230769231,0.4788732394,0.4647887324,0.01408450704,0.0,0.0,0.0,0.0,0.04225352113,0.0
1,1,0.9333333333,0.4137931034,0.4827586207,0.0,0.01724137931,0.0,0.0,0.0,0.08620689655,0.0
1,1,0.9245283019,0.3125,0.5833333333,0.02083333333,0.02083333333,0.0,0.0,0.0,0.0625,0.0
1,1,0.8396946565,0.4444444444,0.3968253968,0.04761904762,0.0,0.0,0.0,0.0,0.1111111111,0.0
1,1,0.90625,0.406779661,0.5084745763,0.0,0.0,0.0,0.0,0.0,0.08474576271,0.0
1,1,0.88,0.421875,0.4375,0.0,0.0,0.0,0.0,0.0,0.125,0.015625
1,1,0.9147286822,0.5,0.4545454545,0.0,0.0,0.0,0.0,0.0,0.04545454545,0.0
1,1,0.9245283019,0.4655172414,0.4137931034,0.01724137931,0.01724137931,0.01724137931,0.0,0.0,0.05172413793,0.01724137931
1,1,0.9433962264,0.3529411765,0.5490196078,0.0,0.01960784314,0.0,0.0,0.0,0.07843137255,0.0
1,1,0.9433962264,0.3880597015,0.5671641791,0.0,0.0,0.0,0.0,0.0,0.0447761194,0.0
1,1,0.9345794393,0.1960784314,0.7058823529,0.0,0.01960784314,0.0,0.0,0.0,0.07843137255,0.0
1,1,0.8571428571,0.4444444444,0.3518518519,0.0,0.0,0.0,0.0,0.0,0.2037037037,0.0
1,1,0.9622641509,0.4285714286,0.4761904762,0.0,0.01587301587,0.0,0.0,0.0,0.06349206349,0.01587301587
1,1,0.8976377953,0.453125,0.46875,0.015625,0.0,0.0,0.0,0.0,0.0625,0.0
1,1,0.848,0.3902439024,0.3536585366,0.01219512195,0.01219512195,0.08536585366,0.0,0.0,0.09756097561,0.0487804878
1,1,0.9076923077,0.4492753623,0.4202898551,0.0,0.0,0.0,0.0,0.0,0.115942029,0.01449275362
1,1,0.9126213592,0.3333333333,0.5625,0.0,0.02083333333,0.0,0.0,0.0,0.08333333333,0.0
1,1,0.9444444444,0.4126984127,0.4761904762,0.01587301587,0.01587301587,0.0,0.0,0.0,0.06349206349,0.01587301587
1,1,0.9444444444,0.375,0.59375,0.0,0.0,0.0,0.0,0.0,0.03125,0.0
1,1,0.9038461538,0.3469387755,0.5306122449,0.02040816327,0.02040816327,0.0,0.0,0.0,0.08163265306,0.0
1,1,0.9142857143,0.3148148148,0.537037037,0.0,0.03703703704,0.0,0.0,0.0,0.1111111111,0.0
1,1,0.9345794393,0.3392857143,0.5178571429,0.0,0.01785714286,0.0,0.0,0.0,0.125,0.0
1,1,0.890625,0.4756097561,0.4390243902,0.01219512195,0.0,0.0,0.0,0.0,0.03658536585,0.03658536585
1,1,0.9230769231,0.3673469388,0.5306122449,0.0,0.02040816327,0.0,0.0,0.0,0.0612244898,0.02040816327
1,1,0.9245283019,0.3703703704,0.5,0.0,0.01851851852,0.0,0.0,0.0,0.1111111111,0.0
1,1,0.8125,0.4912280702,0.4736842105,0.0,0.0,0.0,0.0,0.0,0.0,0.0350877193
1,1,0.9345794393,0.3333333333,0.5490196078,0.0,0.01960784314,0.0,0.0,0.0,0.09803921569,0.0
1,1,0.9038461538,0.3157894737,0.4912280702,0.0,0.01754385965,0.0,0.0,0.0,0.1578947368,0.01754385965
1,1,0.9245283019,0.45,0.4333333333,0.01666666667,0.01666666667,0.01666666667,0.0,0.0,0.05,0.01666666667
1,1,0.953271028,0.3943661972,0.4929577465,0.02816901408,0.01408450704,0.0,0.0,0.0,0.05633802817,0.01408450704
1,1,0.9444444444,0.406779661,0.5423728814,0.0,0.0,0.0,0.0,0.0,0.05084745763,0.0
1,1,0.9142857143,0.3018867925,0.6603773585,0.0,0.0,0.0,0.0,0.0,0.03773584906,0.0
1,1,0.9230769231,0.4444444444,0.5079365079,0.0,0.01587301587,0.0,0.0,0.0,0.03174603175,0.0
1,1,0.9345794393,0.3833333333,0.5,0.03333333333,0.01666666667,0.0,0.0,0.0,0.06666666667,0.0
1,1,0.9038461538,0.3921568627,0.4705882353,0.0,0.01960784314,0.0,0.0,0.0,0.09803921569,0.01960784314
1,1,0.9090909091,0.3275862069,0.5517241379,0.0,0.0,0.0,0.0,0.0,0.1206896552,0.0
1,1,0.9312977099,0.2527472527,0.4725274725,0.1098901099,0.01098901099,0.0,0.0,0.0,0.04395604396,0.1098901099
1,1,0.90625,0.4459459459,0.4864864865,0.0,0.01351351351,0.0,0.0,0.0,0.05405405405,0.0
1,1,0.9147286822,0.4492753623,0.5362318841,0.0,0.0,0.01449275362,0.0,0.0,0.0,0.0
1,1,0.9142857143,0.3333333333,0.5098039216,0.0,0.01960784314,0.0,0.0,0.0,0.137254902,0.0
1,1,0.9312977099,0.4347826087,0.4782608696,0.01449275362,0.0,0.0,0.0,0.0,0.07246376812,0.0
1,1,0.90625,0.3833333333,0.5166666667,0.01666666667,0.01666666667,0.0,0.0,0.0,0.05,0.01666666667
1,1,0.9245283019,0.4230769231,0.5192307692,0.0,0.03846153846,0.0,0.0,0.0,0.01923076923,0.0
1,1,0.896,0.3965517241,0.5172413793,0.01724137931,0.0,0.0,0.0,0.0,0.06896551724,0.0
1,1,0.88,0.4754098361,0.4590163934,0.0,0.0,0.0,0.0,0.0,0.06557377049,0.0
1,1,0.9038461538,0.3684210526,0.4736842105,0.0,0.01754385965,0.0,0.0,0.0,0.1052631579,0.0350877193
1,1,0.9444444444,0.3859649123,0.5087719298,0.01754385965,0.01754385965,0.0,0.0,0.0,0.0701754386,0.0
1,1,0.9253731343,0.2613636364,0.4659090909,0.05681818182,0.01136363636,0.0,0.0,0.0,0.06818181818,0.1363636364
1,1,0.9345794393,0.3818181818,0.4727272727,0.0,0.01818181818,0.0,0.0,0.0,0.1272727273,0.0
1,1,0.9345794393,0.4098360656,0.5081967213,0.0,0.01639344262,0.0,0.0,0.0,0.06557377049,0.0
1,1,0.9038461538,0.4285714286,0.3571428571,0.0,0.01785714286,0.03571428571,0.0,0.0,0.1607142857,0.0
1,1,0.9245283019,0.3333333333,0.6111111111,0.0,0.0,0.0,0.0,0.0,0.05555555556,0.0
1,1,0.9444444444,0.2857142857,0.612244898,0.0,0.02040816327,0.0,0.0,0.0,0.08163265306,0.0
1,1,0.9142857143,0.3673469388,0.5306122449,0.0,0.02040816327,0.0,0.0,0.0,0.08163265306,0.0
1,1,0.9230769231,0.3389830508,0.593220339,0.0,0.0,0.01694915254,0.0,0.0,0.05084745763,0.0
1,1,0.9345794393,0.4237288136,0.4915254237,0.0,0.01694915254,0.0,0.0,0.0,0.05084745763,0.01694915254
1,1,0.9444444444,0.3265306122,0.5918367347,0.0,0.02040816327,0.0,0.0,0.0,0.0612244898,0.0
1,1,0.9433962264,0.3921568627,0.5294117647,0.0,0.01960784314,0.0,0.0,0.0,0.05882352941,0.0
1,1,0.9185185185,0.5119047619,0.2857142857,0.119047619,0.0119047619,0.0,0.0,0.0,0.07142857143,0.0
1,1,0.8181818182,0.4230769231,0.5192307692,0.0,0.0,0.0,0.0,0.0,0.05769230769,0.0
1,1,0.8976377953,0.4920634921,0.4603174603,0.0,0.0,0.0,0.0,0.0,0.04761904762,0.0
1,1,0.9142857143,0.3461538462,0.5192307692,0.0,0.01923076923,0.0,0.0,0.0,0.1153846154,0.0
1,1,0.9503546099,0.4390243902,0.4512195122,0.0,0.0,0.01219512195,0.0,0.0,0.08536585366,0.01219512195
1,1,0.8823529412,0.375,0.4642857143,0.0,0.01785714286,0.0,0.0,0.0,0.1071428571,0.03571428571
1,1,0.9541284404,0.3571428571,0.5357142857,0.0,0.01785714286,0.0,0.0,0.0,0.08928571429,0.0
1,1,0.9541284404,0.3898305085,0.5254237288,0.0,0.01694915254,0.0,0.0,0.0,0.06779661017,0.0
1,1,0.9047619048,0.4117647059,0.4705882353,0.0,0.01470588235,0.0,0.0,0.0,0.1029411765,0.0
1,1,0.9076923077,0.3684210526,0.5614035088,0.0,0.0,0.0,0.0,0.0,0.0701754386,0.0
1,1,0.9142857143,0.347826087,0.6086956522,0.0,0.0,0.0,0.0,0.0,0.04347826087,0.0
1,1,0.9104477612,0.4533333333,0.44,0.01333333333,0.0,0.01333333333,0.0,0.0,0.08,0.0
1,1,0.9245283019,0.3103448276,0.5862068966,0.0,0.03448275862,0.0,0.0,0.0,0.06896551724,0.0
1,1,0.9345794393,0.2711864407,0.6101694915,0.0,0.01694915254,0.01694915254,0.0,0.0,0.08474576271,0.0
1,1,0.9126213592,0.3111111111,0.5555555556,0.0,0.02222222222,0.0,0.0,0.0,0.1111111111,0.0
1,1,0.896,0.358490566,0.5660377358,0.0,0.0,0.0,0.0,0.0,0.07547169811,0.0
1,1,0.8888888889,0.4074074074,0.4814814815,0.0,0.0,0.01851851852,0.0,0.0,0.09259259259,0.0
1,1,0.8932038835,0.3846153846,0.4423076923,0.0,0.01923076923,0.01923076923,0.0,0.0,0.1346153846,0.0
1,1,0.9230769231,0.4153846154,0.5230769231,0.0,0.0,0.0,0.0,0.0,0.06153846154,0.0
1,1,0.9142857143,0.3529411765,0.5098039216,0.0,0.01960784314,0.0,0.0,0.0,0.1176470588,0.0
1,1,0.8976377953,0.4090909091,0.4242424242,0.0,0.0,0.0,0.0,0.0,0.1363636364,0.0303030303
1,1,0.9245283019,0.4285714286,0.4821428571,0.0,0.01785714286,0.0,0.0,0.0,0.07142857143,0.0
1,1,0.9185185185,0.3855421687,0.3855421687,0.02409638554,0.07228915663,0.09638554217,0.0,0.0,0.03614457831,0.0
1,1,0.90625,0.45,0.4666666667,0.0,0.03333333333,0.0,0.0,0.0,0.03333333333,0.01666666667
1,1,0.9523809524,0.3666666667,0.5166666667,0.0,0.01666666667,0.0,0.0,0.0,0.08333333333,0.01666666667
1,1,0.9285714286,0.5138888889,0.4027777778,0.0,0.01388888889,0.01388888889,0.0,0.0,0.05555555556,0.0
1,1,0.8823529412,0.3454545455,0.5454545455,0.0,0.0,0.0,0.0,0.0,0.1090909091,0.0
1,1,0.9142857143,0.4137931034,0.4482758621,0.0,0.01724137931,0.0,0.0,0.0,0.1206896552,0.0
1,1,0.9038461538,0.3137254902,0.6078431373,0.0,0.0,0.0,0.0,0.0,0.07843137255,0.0
1,1,0.8823529412,0.3958333333,0.5416666667,0.0,0.0,0.0,0.0,0.0,0.0625,0.0
1,1,0.90625,0.4696969697,0.4545454545,0.0,0.0,0.0,0.0,0.0,0.07575757576,0.0
1,1,0.9038461538,0.3846153846,0.5384615385,0.0,0.0,0.0,0.0,0.0,0.07692307692,0.0
1,1,0.9142857143,0.3043478261,0.5652173913,0.0,0.02173913043,0.0,0.0,0.0,0.1086956522,0.0
1,1,0.9343065693,0.2580645161,0.05376344086,0.1397849462,0.4731182796,0.0,0.0,0.0,0.0752688172,0.0
1,1,0.9245283019,0.2941176471,0.568627451,0.0,0.01960784314,0.0,0.0,0.0,0.1176470588,0.0
1,1,0.9076923077,0.3728813559,0.4915254237,0.0,0.0,0.0,0.0,0.0,0.1186440678,0.01694915254
1,1,0.9523809524,0.4098360656,0.5081967213,0.0,0.01639344262,0.0,0.0,0.0,0.06557377049,0.0
1,1,0.9345794393,0.3518518519,0.537037037,0.0,0.01851851852,0.0,0.0,0.0,0.07407407407,0.01851851852
1,1,0.9126213592,0.2765957447,0.6382978723,0.0,0.0,0.0,0.0,0.0,0.08510638298,0.0
1,1,0.9230769231,0.4027777778,0.5555555556,0.01388888889,0.0,0.01388888889,0.0,0.0,0.01388888889,0.0
1,1,0.8823529412,0.3846153846,0.4230769231,0.01923076923,0.01923076923,0.01923076923,0.0,0.0,0.09615384615,0.03846153846
1,1,0.9345794393,0.3818181818,0.5090909091,0.0,0.01818181818,0.0,0.0,0.0,0.07272727273,0.01818181818
1,1,0.90625,0.4833333333,0.4666666667,0.0,0.03333333333,0.0,0.0,0.0,0.0,0.01666666667
1,1,0.9312977099,0.3787878788,0.4848484848,0.01515151515,0.0,0.01515151515,0.0,0.0,0.07575757576,0.0303030303
1,1,0.9076923077,0.4705882353,0.3647058824,0.01176470588,0.01176470588,0.01176470588,0.0,0.0,0.09411764706,0.03529411765
1,1,0.9302325581,0.2823529412,0.5058823529,0.02352941176,0.01176470588,0.0,0.0,0.0,0.04705882353,0.1294117647
1,1,0.9142857143,0.3620689655,0.4482758621,0.0,0.01724137931,0.0,0.0,0.0,0.1379310345,0.03448275862
1,1,0.9245283019,0.4237288136,0.4576271186,0.0,0.01694915254,0.0,0.0,0.0,0.1016949153,0.0
1,1,0.9245283019,0.4035087719,0.4035087719,0.0,0.0,0.0,0.0,0.0,0.1754385965,0.01754385965
1,1,0.9019607843,0.350877193,0.5789473684,0.0,0.0,0.0,0.0,0.0,0.0701754386,0.0
1,1,0.8888888889,0.421875,0.5,0.0,0.0,0.015625,0.0,0.0,0.046875,0.015625
1,1,0.9473684211,0.4545454545,0.4659090909,0.0,0.0,0.0,0.0,0.0,0.07954545455,0.0
1,1,0.9444444444,0.3571428571,0.5357142857,0.0,0.01785714286,0.0,0.0,0.0,0.07142857143,0.01785714286
1,1,0.8932038835,0.4693877551,0.4489795918,0.0,0.04081632653,0.02040816327,0.0,0.0,0.0,0.02040816327
1,1,0.9541284404,0.3559322034,0.5084745763,0.0,0.01694915254,0.0,0.0,0.0,0.1016949153,0.01694915254
1,1,0.9541284404,0.3859649123,0.5087719298,0.0,0.01754385965,0.0,0.0,0.0,0.0701754386,0.01754385965
1,1,0.8571428571,0.4252873563,0.3793103448,0.05747126437,0.0,0.0,0.0,0.0,0.1264367816,0.01149425287
1,1,0.90625,0.5,0.4285714286,0.02857142857,0.0,0.0,0.0,0.0,0.04285714286,0.0
1,1,0.9345794393,0.3392857143,0.5178571429,0.01785714286,0.03571428571,0.0,0.0,0.0,0.08928571429,0.0
1,1,0.9076923077,0.45,0.45,0.0,0.0,0.01666666667,0.0,0.0,0.08333333333,0.0
1,1,0.8888888889,0.3898305085,0.5423728814,0.01694915254,0.0,0.0,0.0,0.0,0.05084745763,0.0
1,1,0.9142857143,0.3617021277,0.5744680851,0.0,0.02127659574,0.0,0.0,0.0,0.04255319149,0.0
1,1,0.9142857143,0.4285714286,0.4642857143,0.0,0.05357142857,0.0,0.0,0.0,0.05357142857,0.0
1,1,0.9345794393,0.2631578947,0.6666666667,0.0,0.01754385965,0.0,0.0,0.0,0.05263157895,0.0
1,1,0.9465648855,0.4705882353,0.4558823529,0.0,0.0,0.0,0.0,0.0,0.07352941176,0.0
1,1,0.9047619048,0.4189189189,0.527027027,0.0,0.0,0.0,0.0,0.0,0.05405405405,0.0
1,1,0.8932038835,0.3111111111,0.5555555556,0.0,0.02222222222,0.0,0.0,0.0,0.1111111111,0.0
1,1,0.8740740741,0.3950617284,0.2839506173,0.1111111111,0.0,0.0,0.0,0.0,0.2098765432,0.0
1,1,0.9245283019,0.3692307692,0.5076923077,0.0,0.01538461538,0.0,0.0,0.0,0.1076923077,0.0
1,1,0.8823529412,0.3454545455,0.4,0.0,0.0,0.07272727273,0.0,0.01818181818,0.1454545455,0.01818181818
1,1,0.9444444444,0.3333333333,0.5490196078,0.0,0.01960784314,0.0,0.0,0.0,0.09803921569,0.0
1,1,0.9436619718,0.4337349398,0.4337349398,0.0,0.01204819277,0.01204819277,0.0,0.0,0.1084337349,0.0
1,1,0.9126213592,0.3684210526,0.4561403509,0.0,0.01754385965,0.0,0.0,0.0,0.1403508772,0.01754385965
1,1,0.9147286822,0.435483871,0.4677419355,0.01612903226,0.0,0.0,0.0,0.0,0.08064516129,0.0
1,1,0.9038461538,0.2619047619,0.6666666667,0.0,0.0,0.0,0.0,0.0,0.07142857143,0.0
1,1,0.9312977099,0.4303797468,0.5189873418,0.0,0.0,0.0,0.0,0.0,0.05063291139,0.0
1,1,0.9345794393,0.3396226415,0.5283018868,0.0,0.01886792453,0.0,0.0,0.0,0.1132075472,0.0
1,1,0.9147286822,0.4025974026,0.4935064935,0.01298701299,0.01298701299,0.0,0.0,0.0,0.07792207792,0.0
1,1,0.9172932331,0.4342105263,0.4473684211,0.01315789474,0.0,0.01315789474,0.0,0.0,0.07894736842,0.01315789474
1,1,0.9428571429,0.4634146341,0.4756097561,0.0,0.01219512195,0.0,0.0,0.0,0.0487804878,0.0
1,1,0.9444444444,0.3703703704,0.537037037,0.0,0.01851851852,0.0,0.0,0.0,0.07407407407,0.0
1,1,0.9019607843,0.4032258065,0.5322580645,0.0,0.01612903226,0.0,0.0,0.0,0.04838709677,0.0
1,1,0.8932038835,0.4285714286,0.5102040816,0.0,0.0,0.0,0.0,0.0,0.0612244898,0.0
1,1,0.9312977099,0.359375,0.53125,0.0,0.0,0.015625,0.0,0.0,0.09375,0.0
1,1,0.8976377953,0.4782608696,0.3768115942,0.01449275362,0.0,0.0,0.0,0.0,0.1304347826,0.0
1,1,0.9142857143,0.3541666667,0.5625,0.0,0.02083333333,0.0,0.0,0.0,0.0625,0.0
1,1,0.88,0.4,0.5,0.0,0.0,0.0,0.0,0.0,0.05,0.05
1,1,0.9345794393,0.4098360656,0.4754098361,0.0,0.01639344262,0.0,0.0,0.0,0.08196721311,0.01639344262
1,1,0.9622641509,0.3384615385,0.5692307692,0.0,0.0,0.0,0.0,0.0,0.09230769231,0.0
1,1,0.8923076923,0.3766233766,0.3766233766,0.07792207792,0.01298701299,0.1038961039,0.0,0.0,0.03896103896,0.01298701299
1,1,0.9032258065,0.4242424242,0.3939393939,0.0,0.0,0.01515151515,0.0,0.0,0.1666666667,0.0
1,1,0.9230769231,0.3492063492,0.5396825397,0.03174603175,0.0,0.0,0.0,0.0,0.07936507937,0.0
1,1,0.9444444444,0.3636363636,0.5454545455,0.0,0.0,0.0,0.0,0.0,0.09090909091,0.0
1,1,0.9345794393,0.3518518519,0.537037037,0.0,0.01851851852,0.0,0.0,0.0,0.09259259259,0.0
1,1,0.9142857143,0.3529411765,0.5294117647,0.0,0.03921568627,0.0,0.0,0.0,0.07843137255,0.0
1,1,0.9444444444,0.3888888889,0.5277777778,0.0,0.01388888889,0.0,0.0,0.0,0.05555555556,0.01388888889
1,1,0.8932038835,0.3275862069,0.5862068966,0.0,0.0,0.0,0.0,0.0,0.08620689655,0.0
1,1,0.9242424242,0.4941176471,0.4117647059,0.0,0.0,0.0,0.0,0.0,0.09411764706,0.0
1,1,0.8976377953,0.5223880597,0.3880597015,0.01492537313,0.02985074627,0.0,0.0,0.0,0.0447761194,0.0
1,1,0.86,0.4444444444,0.5111111111,0.0,0.0,0.0,0.0,0.0,0.04444444444,0.0
1,1,0.8636363636,0.4318181818,0.3977272727,0.04545454545,0.0,0.0,0.0,0.0,0.1022727273,0.02272727273
1,1,0.9345794393,0.3469387755,0.5714285714,0.0,0.02040816327,0.0,0.0,0.0,0.0612244898,0.0
1,1,0.9147286822,0.4696969697,0.4696969697,0.01515151515,0.0,0.0,0.0,0.0,0.04545454545,0.0
1,1,0.9345794393,0.3684210526,0.5087719298,0.01754385965,0.01754385965,0.0,0.0,0.0,0.08771929825,0.0
1,1,0.9245283019,0.2962962963,0.6481481481,0.0,0.0,0.0,0.0,0.0,0.05555555556,0.0
1,1,0.9076923077,0.4166666667,0.5166666667,0.0,0.0,0.0,0.0,0.0,0.06666666667,0.0
1,1,0.8932038835,0.2765957447,0.5957446809,0.0,0.0,0.0,0.0,0.0,0.1276595745,0.0
1,1,0.9133858268,0.4285714286,0.4920634921,0.0,0.0,0.0,0.0,0.0,0.07936507937,0.0
1,1,0.9541284404,0.4189189189,0.5,0.0,0.01351351351,0.0,0.0,0.0,0.05405405405,0.01351351351
1,1,0.9230769231,0.3666666667,0.4666666667,0.0,0.01666666667,0.0,0.0,0.0,0.1166666667,0.03333333333
1,1,0.9245283019,0.3333333333,0.537037037,0.0,0.01851851852,0.0,0.0,0.0,0.1111111111,0.0
1,1,0.8818897638,0.593220339,0.3898305085,0.01694915254,0.0,0.0,0.0,0.0,0.0,0.0
1,1,0.9345794393,0.3773584906,0.4905660377,0.0,0.01886792453,0.0,0.0,0.0,0.1132075472,0.0
1,1,0.9142857143,0.4,0.4666666667,0.0,0.01666666667,0.0,0.0,0.0,0.1166666667,0.0
1,1,0.9038461538,0.3666666667,0.5833333333,0.0,0.0,0.0,0.0,0.0,0.05,0.0
1,1,0.9172932331,0.5,0.4722222222,0.0,0.01388888889,0.0,0.0,0.0,0.01388888889,0.0
1,1,0.90625,0.3620689655,0.5689655172,0.0,0.0,0.0,0.0,0.0,0.06896551724,0.0
1,1,0.9133858268,0.4819277108,0.4337349398,0.01204819277,0.0,0.0,0.0,0.0,0.04819277108,0.02409638554
1,1,0.9230769231,0.3653846154,0.5192307692,0.0,0.01923076923,0.0,0.0,0.0,0.07692307692,0.01923076923
1,1,0.86,0.4444444444,0.4888888889,0.0,0.04444444444,0.0,0.0,0.0,0.02222222222,0.0
1,1,0.8932038835,0.358490566,0.4716981132,0.0,0.01886792453,0.0,0.0,0.0,0.09433962264,0.05660377358
1,1,0.9365079365,0.3714285714,0.5571428571,0.0,0.0,0.0,0.0,0.0,0.07142857143,0.0
1,1,0.9090909091,0.4533333333,0.3866666667,0.08,0.01333333333,0.0,0.0,0.0,0.06666666667,0.0
1,1,0.9245283019,0.3043478261,0.5869565217,0.0,0.02173913043,0.0,0.0,0.0,0.08695652174,0.0
1,1,0.8976377953,0.4722222222,0.5,0.0,0.0,0.01388888889,0.0,0.0,0.01388888889,0.0
1,1,0.9160305344,0.4590163934,0.5245901639,0.0,0.0,0.0,0.0,0.0,0.01639344262,0.0
1,1,0.8976377953,0.484375,0.4375,0.0,0.03125,0.0,0.0,0.0,0.03125,0.015625
1,1,0.90625,0.4507042254,0.5211267606,0.0,0.0,0.01408450704,0.0,0.0,0.01408450704,0.0
1,1,0.9047619048,0.4558823529,0.4411764706,0.01470588235,0.0,0.0,0.0,0.0,0.07352941176,0.01470588235
1,1,0.9444444444,0.3518518519,0.5555555556,0.0,0.01851851852,0.0,0.0,0.0,0.07407407407,0.0
1,1,0.90625,0.4307692308,0.4923076923,0.0,0.0,0.0,0.0,0.0,0.07692307692,0.0
1,1,0.9126213592,0.3518518519,0.5185185185,0.01851851852,0.01851851852,0.0,0.0,0.0,0.09259259259,0.0
1,1,0.9142857143,0.4259259259,0.4814814815,0.0,0.03703703704,0.0,0.0,0.0,0.05555555556,0.0
1,1,0.9361702128,0.2421052632,0.4736842105,0.1157894737,0.01052631579,0.0,0.0,0.0,0.05263157895,0.1052631579
1,1,0.9345794393,0.3461538462,0.5769230769,0.0,0.01923076923,0.0,0.0,0.0,0.03846153846,0.01923076923
1,1,0.9333333333,0.393442623,0.4754098361,0.0,0.03278688525,0.0,0.0,0.0,0.09836065574,0.0
1,1,0.932038835,0.3214285714,0.3928571429,0.0,0.01785714286,0.0,0.0,0.0,0.2678571429,0.0
1,1,0.9253731343,0.3913043478,0.5217391304,0.01449275362,0.0,0.0,0.0,0.0,0.07246376812,0.0
1,1,0.890625,0.5308641975,0.4197530864,0.0,0.0,0.0,0.0,0.0,0.03703703704,0.01234567901
1,1,0.9126213592,0.4655172414,0.4137931034,0.01724137931,0.01724137931,0.01724137931,0.0,0.0,0.05172413793,0.01724137931
1,1,0.9345794393,0.38,0.52,0.0,0.02,0.0,0.0,0.0,0.08,0.0
1,1,0.9253731343,0.5671641791,0.4029850746,0.0,0.01492537313,0.0,0.0,0.0,0.01492537313,0.0
1,1,0.9245283019,0.34,0.56,0.0,0.04,0.0,0.0,0.0,0.06,0.0
1,1,0.9245283019,0.320754717,0.5094339623,0.0,0.01886792453,0.0,0.0,0.0,0.1509433962,0.0
1,1,0.8805970149,0.3417721519,0.4303797468,0.1139240506,0.0,0.07594936709,0.0,0.0,0.03797468354,0.0
1,1,0.9126213592,0.3965517241,0.5517241379,0.0,0.01724137931,0.0,0.0,0.0,0.03448275862,0.0
1,1,0.9444444444,0.2884615385,0.5961538462,0.0,0.01923076923,0.0,0.0,0.0,0.09615384615,0.0
1,1,0.9230769231,0.3333333333,0.5909090909,0.0,0.0,0.01515151515,0.0,0.0,0.06060606061,0.0
1,1,0.9047619048,0.4915254237,0.4576271186,0.0,0.03389830508,0.0,0.0,0.0,0.0,0.01694915254
1,1,0.9444444444,0.3333333333,0.5625,0.0,0.02083333333,0.0,0.0,0.0,0.08333333333,0.0
1,1,0.9245283019,0.34,0.52,0.0,0.02,0.0,0.0,0.0,0.12,0.0
1,1,0.9147286822,0.45,0.45,0.0,0.0,0.0,0.0,0.0,0.1,0.0
1,1,0.9245283019,0.3269230769,0.5576923077,0.0,0.01923076923,0.0,0.0,0.0,0.09615384615,0.0
1,1,0.8823529412,0.358490566,0.4716981132,0.0,0.01886792453,0.0,0.0,0.0,0.1509433962,0.0
1,1,0.9230769231,0.4109589041,0.5205479452,0.0,0.0,0.01369863014,0.0,0.0,0.05479452055,0.0
1,1,0.8837209302,0.3714285714,0.4,0.05714285714,0.0,0.05714285714,0.0,0.0,0.1,0.01428571429
1,1,0.90625,0.1898734177,0.5063291139,0.1139240506,0.01265822785,0.0,0.0,0.0,0.07594936709,0.1012658228
1,1,0.824742268,0.3777777778,0.5777777778,0.0,0.0,0.0,0.0,0.0,0.04444444444,0.0
1,1,0.9142857143,0.2978723404,0.5744680851,0.0,0.02127659574,0.0,0.0,0.0,0.1063829787,0.0
1,1,0.9007633588,0.45,0.35,0.0,0.01666666667,0.0,0.0,0.0,0.1833333333,0.0
1,1,0.9444444444,0.3265306122,0.5714285714,0.0,0.02040816327,0.0,0.0,0.0,0.08163265306,0.0
1,1,0.9444444444,0.32,0.58,0.0,0.02,0.0,0.0,0.0,0.08,0.0
1,1,0.9245283019,0.4137931034,0.4482758621,0.0,0.03448275862,0.0,0.0,0.0,0.08620689655,0.01724137931
1,1,0.9345794393,0.3965517241,0.5,0.01724137931,0.01724137931,0.0,0.0,0.0,0.06896551724,0.0
1,1,0.9393939394,0.3939393939,0.4848484848,0.01515151515,0.0,0.0,0.0,0.0,0.07575757576,0.0303030303
1,1,0.9370629371,0.4675324675,0.3636363636,0.0,0.01298701299,0.0,0.0,0.0,0.1558441558,0.0
1,1,0.9719626168,0.3076923077,0.6,0.0,0.0,0.0,0.0,0.0,0.09230769231,0.0
1,1,0.9285714286,0.2359550562,0.4719101124,0.1460674157,0.01123595506,0.0,0.0,0.0,0.04494382022,0.08988764045
1,1,0.90625,0.4202898551,0.4202898551,0.01449275362,0.0,0.0,0.0,0.0,0.1304347826,0.01449275362
1,1,0.9142857143,0.4385964912,0.4561403509,0.01754385965,0.01754385965,0.0,0.0,0.0,0.0701754386,0.0
1,1,0.8888888889,0.4675324675,0.4805194805,0.0,0.0,0.01298701299,0.0,0.0,0.02597402597,0.01298701299
1,1,0.9444444444,0.4032258065,0.4516129032,0.0,0.01612903226,0.0,0.0,0.0,0.1129032258,0.01612903226
1,1,0.9147286822,0.4814814815,0.4259259259,0.0,0.0,0.01851851852,0.0,0.0,0.07407407407,0.0
1,1,0.90625,0.3939393939,0.4242424242,0.01515151515,0.0,0.0,0.0,0.0,0.1666666667,0.0
1,1,0.9333333333,0.4035087719,0.4912280702,0.0350877193,0.01754385965,0.0,0.0,0.0,0.0350877193,0.01754385965
1,1,0.8932038835,0.4489795918,0.4693877551,0.0,0.0,0.0,0.0,0.0,0.08163265306,0.0
1,1,0.8823529412,0.320754717,0.4905660377,0.0,0.01886792453,0.0,0.0,0.0,0.1698113208,0.0
1,1,0.9345794393,0.4,0.4833333333,0.0,0.01666666667,0.0,0.0,0.0,0.08333333333,0.01666666667
1,1,0.9473684211,0.2386363636,0.125,0.125,0.4431818182,0.0,0.0,0.0,0.06818181818,0.0
1,1,0.9242424242,0.46875,0.453125,0.0,0.0,0.0,0.0,0.0,0.078125,0.0
1,1,0.9312977099,0.4307692308,0.5076923077,0.0,0.0,0.0,0.0,0.0,0.06153846154,0.0
1,1,0.9133858268,0.4266666667,0.5066666667,0.0,0.0,0.0,0.0,0.0,0.05333333333,0.01333333333
1,1,0.9147286822,0.5176470588,0.4235294118,0.0,0.0,0.0,0.0,0.0,0.04705882353,0.01176470588
1,1,0.9038461538,0.3888888889,0.4259259259,0.01851851852,0.01851851852,0.01851851852,0.0,0.0,0.09259259259,0.03703703704
1,1,0.9444444444,0.3396226415,0.5660377358,0.0,0.01886792453,0.0,0.0,0.0,0.07547169811,0.0
1,1,0.9393939394,0.421875,0.53125,0.0,0.0,0.0,0.0,0.0,0.046875,0.0
1,1,0.9230769231,0.4285714286,0.5238095238,0.0,0.0,0.0,0.0,0.0,0.04761904762,0.0
1,1,0.9345794393,0.3333333333,0.537037037,0.0,0.03703703704,0.0,0.0,0.0,0.09259259259,0.0
1,1,0.9245283019,0.3818181818,0.4909090909,0.01818181818,0.01818181818,0.0,0.0,0.0,0.09090909091,0.0
1,1,0.9022556391,0.3902439024,0.3292682927,0.1585365854,0.0,0.0,0.0,0.0,0.1219512195,0.0
1,1,0.9245283019,0.3529411765,0.5490196078,0.0,0.01960784314,0.0,0.0,0.0,0.07843137255,0.0
1,1,0.9285714286,0.4533333333,0.3866666667,0.0,0.01333333333,0.0,0.0,0.0,0.1066666667,0.04
1,1,0.8976377953,0.35,0.5166666667,0.01666666667,0.0,0.0,0.0,0.0,0.1,0.01666666667
1,1,0.9333333333,0.3684210526,0.4561403509,0.0,0.01754385965,0.0,0.0,0.0,0.1403508772,0.01754385965
1,1,0.9444444444,0.406779661,0.4745762712,0.01694915254,0.01694915254,0.0,0.0,0.0,0.08474576271,0.0
1,1,0.9038461538,0.3888888889,0.4259259259,0.01851851852,0.01851851852,0.01851851852,0.0,0.0,0.09259259259,0.03703703704
1,1,0.9345794393,0.4307692308,0.4461538462,0.0,0.01538461538,0.0,0.0,0.0,0.09230769231,0.01538461538
1,1,0.953271028,0.3859649123,0.5087719298,0.0,0.01754385965,0.0,0.0,0.0,0.08771929825,0.0
1,1,0.9142857143,0.3559322034,0.4745762712,0.0,0.01694915254,0.0,0.0,0.0,0.1016949153,0.05084745763
1,1,0.9245283019,0.3770491803,0.4262295082,0.0,0.03278688525,0.0,0.0,0.0,0.09836065574,0.06557377049
1,1,0.8939393939,0.5921052632,0.3289473684,0.03947368421,0.0,0.0,0.0,0.0,0.03947368421,0.0
1,1,0.9345794393,0.3818181818,0.5272727273,0.0,0.01818181818,0.0,0.0,0.0,0.05454545455,0.01818181818
1,1,0.9230769231,0.3653846154,0.5192307692,0.0,0.01923076923,0.0,0.0,0.0,0.09615384615,0.0
1,1,0.9147286822,0.4473684211,0.4473684211,0.01315789474,0.01315789474,0.0,0.0,0.0,0.07894736842,0.0
1,1,0.9411764706,0.32,0.58,0.0,0.0,0.0,0.0,0.0,0.1,0.0
1,1,0.9245283019,0.3650793651,0.5555555556,0.0,0.01587301587,0.0,0.0,0.0,0.06349206349,0.0
1,1,0.9230769231,0.4133333333,0.5333333333,0.0,0.01333333333,0.0,0.0,0.0,0.04,0.0
1,1,0.9312977099,0.4285714286,0.5324675325,0.0,0.0,0.0,0.0,0.0,0.03896103896,0.0
1,1,0.9285714286,0.5211267606,0.4084507042,0.0,0.01408450704,0.0,0.0,0.0,0.05633802817,0.0
1,1,0.9142857143,0.3333333333,0.5625,0.0,0.02083333333,0.0,0.0,0.0,0.08333333333,0.0
1,1,0.9384615385,0.3939393939,0.4696969697,0.01515151515,0.0,0.01515151515,0.0,0.0,0.07575757576,0.0303030303
1,1,0.9007633588,0.5057471264,0.3448275862,0.0,0.02298850575,0.0,0.0,0.0,0.09195402299,0.03448275862
1,1,0.9302325581,0.4487179487,0.5,0.0,0.0,0.0,0.0,0.0,0.05128205128,0.0
1,1,0.9104477612,0.4683544304,0.4556962025,0.01265822785,0.01265822785,0.0,0.0,0.0,0.05063291139,0.0
1,1,0.9117647059,0.4583333333,0.3611111111,0.0,0.01388888889,0.0,0.0,0.0,0.09722222222,0.06944444444
1,1,0.9333333333,0.3653846154,0.5192307692,0.0,0.01923076923,0.0,0.0,0.0,0.09615384615,0.0
1,1,0.9142857143,0.3773584906,0.5283018868,0.0,0.01886792453,0.0,0.0,0.0,0.07547169811,0.0
1,1,0.9230769231,0.5074626866,0.4328358209,0.0,0.0,0.0,0.0,0.0,0.05970149254,0.0
1,1,0.90625,0.4444444444,0.4920634921,0.0,0.0,0.0,0.0,0.0,0.04761904762,0.01587301587
1,1,0.9245283019,0.3725490196,0.4509803922,0.0,0.01960784314,0.03921568627,0.0,0.0,0.1176470588,0.0
1,1,0.8932038835,0.3555555556,0.6,0.0,0.0,0.0,0.0,0.0,0.04444444444,0.0
1,1,0.9444444444,0.358490566,0.5471698113,0.0,0.01886792453,0.01886792453,0.0,0.0,0.05660377358,0.0
1,1,0.9172932331,0.2134831461,0.4943820225,0.1235955056,0.01123595506,0.0,0.0,0.0,0.05617977528,0.1011235955
1,1,0.9436619718,0.4230769231,0.4230769231,0.0,0.01282051282,0.0,0.0,0.0,0.141025641,0.0
1,1,0.9312977099,0.4444444444,0.4814814815,0.0,0.0,0.0,0.0,0.0,0.06172839506,0.01234567901
1,1,0.9038461538,0.36,0.5,0.0,0.02,0.0,0.0,0.0,0.12,0.0
1,1,0.9245283019,0.375,0.5,0.0,0.01785714286,0.0,0.0,0.0,0.1071428571,0.0
1,1,0.9147286822,0.4871794872,0.4871794872,0.0,0.0,0.0,0.0,0.0,0.02564102564,0.0
1,1,0.9345794393,0.4307692308,0.5230769231,0.0,0.01538461538,0.0,0.0,0.0,0.03076923077,0.0
1,1,0.9142857143,0.3260869565,0.5434782609,0.0,0.0,0.0,0.0,0.02173913043,0.1086956522,0.0
1,1,0.9126213592,0.4035087719,0.4736842105,0.0,0.0350877193,0.0,0.0,0.0,0.08771929825,0.0
1,1,0.9038461538,0.4150943396,0.5283018868,0.0,0.01886792453,0.0,0.0,0.0,0.03773584906,0.0
1,1,0.90625,0.4761904762,0.4642857143,0.02380952381,0.0,0.0,0.0,0.0,0.02380952381,0.0119047619
1,1,0.9242424242,0.3703703704,0.3703703704,0.2469135802,0.0,0.0,0.0,0.0,0.01234567901,0.0
1,1,0.9230769231,0.4941176471,0.4352941176,0.0,0.0,0.01176470588,0.0,0.0,0.05882352941,0.0
1,1,0.921875,0.484375,0.453125,0.0,0.0,0.015625,0.0,0.0,0.046875,0.0
1,1,0.9230769231,0.4461538462,0.4,0.0,0.0,0.0,0.0,0.0,0.1384615385,0.01538461538
1,1,0.9230769231,0.4857142857,0.4571428571,0.01428571429,0.0,0.0,0.0,0.0,0.04285714286,0.0
1,1,0.9133858268,0.484375,0.46875,0.0,0.0,0.0,0.0,0.0,0.046875,0.0
1,1,0.9245283019,0.393442623,0.4754098361,0.0,0.03278688525,0.0,0.0,0.0,0.09836065574,0.0
1,1,0.9019607843,0.44,0.48,0.0,0.04,0.0,0.0,0.0,0.04,0.0
1,1,0.9345794393,0.358490566,0.5283018868,0.0,0.01886792453,0.0,0.0,0.0,0.09433962264,0.0
1,1,0.9160305344,0.4788732394,0.4507042254,0.0,0.0,0.0,0.0,0.0,0.07042253521,0.0
1,1,0.9333333333,0.2962962963,0.6481481481,0.0,0.0,0.0,0.0,0.0,0.05555555556,0.0
1,1,0.8992248062,0.4444444444,0.4166666667,0.04166666667,0.0,0.02777777778,0.0,0.0,0.06944444444,0.0
1,1,0.9206349206,0.4677419355,0.4838709677,0.0,0.0,0.0,0.0,0.0,0.04838709677,0.0
1,1,0.9444444444,0.3174603175,0.5714285714,0.0,0.01587301587,0.0,0.0,0.0,0.09523809524,0.0
1,1,0.9345794393,0.4375,0.390625,0.0,0.03125,0.0,0.0,0.0,0.109375,0.03125
1,1,0.9126213592,0.3333333333,0.5625,0.0,0.02083333333,0.0,0.0,0.0,0.08333333333,0.0
1,1,0.9444444444,0.3220338983,0.593220339,0.01694915254,0.01694915254,0.0,0.0,0.0,0.05084745763,0.0
1,1,0.9038461538,0.2558139535,0.6279069767,0.02325581395,0.02325581395,0.0,0.0,0.0,0.06976744186,0.0
1,1,0.9433962264,0.3265306122,0.5714285714,0.0,0.02040816327,0.0,0.0,0.0,0.08163265306,0.0
1,1,0.9444444444,0.4084507042,0.5211267606,0.0,0.01408450704,0.0,0.0,0.0,0.04225352113,0.01408450704
1,1,0.9147286822,0.4571428571,0.4,0.01428571429,0.0,0.0,0.0,0.0,0.1285714286,0.0
1,1,0.9345794393,0.375,0.5178571429,0.0,0.01785714286,0.0,0.0,0.0,0.08928571429,0.0
1,1,0.828125,0.4696969697,0.3636363636,0.1060606061,0.0,0.0,0.0,0.0,0.06060606061,0.0
1,1,0.9142857143,0.36,0.54,0.04,0.02,0.0,0.0,0.0,0.04,0.0
1,1,0.9345794393,0.3650793651,0.6031746032,0.0,0.0,0.0,0.0,0.0,0.03174603175,0.0
1,1,0.9541284404,0.3773584906,0.5283018868,0.0,0.01886792453,0.0,0.0,0.0,0.07547169811,0.0
1,1,0.9147286822,0.4473684211,0.5131578947,0.0,0.0,0.0,0.0,0.0,0.03947368421,0.0
1,1,0.9245283019,0.3265306122,0.5714285714,0.0,0.02040816327,0.0,0.0,0.0,0.08163265306,0.0
1,1,0.9245283019,0.3148148148,0.5185185185,0.0,0.01851851852,0.0,0.0,0.0,0.09259259259,0.05555555556
1,1,0.9147286822,0.4487179487,0.4743589744,0.0,0.0,0.01282051282,0.0,0.0,0.0641025641,0.0
1,1,0.9019607843,0.358490566,0.5094339623,0.0,0.01886792453,0.0,0.0,0.0,0.07547169811,0.03773584906
1,1,0.9038461538,0.2444444444,0.6444444444,0.02222222222,0.02222222222,0.0,0.0,0.0,0.06666666667,0.0
1,1,0.921875,0.4482758621,0.5,0.0,0.0,0.0,0.0,0.0,0.03448275862,0.01724137931
1,1,0.9361702128,0.247311828,0.4731182796,0.1182795699,0.01075268817,0.0,0.0,0.0,0.05376344086,0.09677419355
1,1,0.8976377953,0.578125,0.375,0.046875,0.0,0.0,0.0,0.0,0.0,0.0
1,1,0.9245283019,0.4237288136,0.4745762712,0.01694915254,0.03389830508,0.0,0.0,0.0,0.05084745763,0.0
1,1,0.9038461538,0.3269230769,0.6153846154,0.0,0.0,0.0,0.0,0.0,0.05769230769,0.0
1,1,0.9312977099,0.3859649123,0.5789473684,0.0,0.0,0.0,0.0,0.0,0.0350877193,0.0
1,1,0.9142857143,0.3090909091,0.5636363636,0.0,0.03636363636,0.0,0.0,0.0,0.09090909091,0.0
1,1,0.8888888889,0.4202898551,0.4927536232,0.0,0.01449275362,0.0,0.0,0.0,0.07246376812,0.0
1,1,0.9142857143,0.3191489362,0.5744680851,0.0,0.02127659574,0.0,0.0,0.0,0.08510638298,0.0
1,1,0.9541284404,0.4406779661,0.4915254237,0.0,0.01694915254,0.0,0.0,0.0,0.05084745763,0.0
1,1,0.9245283019,0.4655172414,0.4482758621,0.0,0.01724137931,0.0,0.0,0.0,0.05172413793,0.01724137931
1,1,0.9142857143,0.36,0.54,0.02,0.02,0.0,0.0,0.0,0.06,0.0
1,1,0.921875,0.4262295082,0.5081967213,0.01639344262,0.0,0.01639344262,0.0,0.0,0.03278688525,0.0
1,1,0.9022556391,0.4383561644,0.3835616438,0.08219178082,0.0,0.0,0.0,0.0,0.09589041096,0.0
1,1,0.9047619048,0.4137931034,0.4827586207,0.01724137931,0.0,0.0,0.0,0.0,0.08620689655,0.0
1,1,0.8932038835,0.4117647059,0.4509803922,0.0,0.05882352941,0.0,0.0,0.0,0.07843137255,0.0
1,1,0.9,0.4626865672,0.447761194,0.01492537313,0.0,0.0,0.0,0.0,0.0447761194,0.02985074627
1,1,0.9038461538,0.42,0.5,0.0,0.04,0.0,0.0,0.0,0.04,0.0
1,1,0.9142857143,0.3333333333,0.6166666667,0.0,0.0,0.0,0.0,0.0,0.05,0.0
1,1,0.9345794393,0.3650793651,0.5238095238,0.0,0.0,0.0,0.0,0.0,0.07936507937,0.03174603175
1,1,0.9215686275,0.34,0.56,0.0,0.02,0.0,0.0,0.0,0.08,0.0
1,1,0.9245283019,0.36,0.56,0.0,0.02,0.0,0.0,0.0,0.06,0.0
1,1,0.9444444444,0.3396226415,0.5660377358,0.0,0.01886792453,0.0,0.0,0.0,0.07547169811,0.0
1,1,0.9345794393,0.2962962963,0.6296296296,0.0,0.0,0.0,0.0,0.0,0.07407407407,0.0
1,1,0.9147286822,0.6071428571,0.3571428571,0.0,0.0,0.0,0.0,0.0,0.0,0.03571428571
1,1,0.8992248062,0.4153846154,0.4307692308,0.01538461538,0.0,0.0,0.0,0.0,0.1076923077,0.03076923077
1,1,0.9245283019,0.3396226415,0.5283018868,0.03773584906,0.01886792453,0.0,0.0,0.0,0.07547169811,0.0
1,1,0.8976377953,0.45,0.4833333333,0.0,0.0,0.0,0.0,0.0,0.06666666667,0.0
1,1,0.896,0.5,0.4285714286,0.0,0.0,0.0,0.0,0.0,0.05714285714,0.01428571429
1,1,0.9245283019,0.3265306122,0.5714285714,0.0,0.02040816327,0.0,0.0,0.0,0.08163265306,0.0
1,1,0.9541284404,0.3703703704,0.537037037,0.0,0.0,0.0,0.0,0.0,0.09259259259,0.0
1,1,0.921875,0.4516129032,0.4677419355,0.0,0.0,0.0,0.0,0.0,0.08064516129,0.0
1,1,0.9147286822,0.484375,0.46875,0.0,0.0,0.0,0.0,0.0,0.046875,0.0
1,1,0.9465648855,0.3939393939,0.4848484848,0.01515151515,0.0,0.0,0.0,0.0,0.07575757576,0.0303030303
1,1,0.9444444444,0.32,0.58,0.0,0.02,0.0,0.0,0.0,0.08,0.0
1,1,0.9264705882,0.1976744186,0.488372093,0.1511627907,0.01162790698,0.0,0.0,0.0,0.04651162791,0.1046511628
1,1,0.9245283019,0.3823529412,0.5294117647,0.0,0.0,0.0,0.0,0.0,0.08823529412,0.0
1,1,0.9345794393,0.3333333333,0.5625,0.0,0.02083333333,0.0,0.0,0.0,0.08333333333,0.0
1,1,0.9108910891,0.4693877551,0.4693877551,0.0,0.02040816327,0.0,0.0,0.0,0.04081632653,0.0
1,1,0.9038461538,0.4736842105,0.4385964912,0.0,0.05263157895,0.0,0.0,0.0,0.0350877193,0.0
1,1,0.9345794393,0.4098360656,0.4754098361,0.0,0.01639344262,0.0,0.0,0.0,0.09836065574,0.0
1,1,0.9541284404,0.3684210526,0.5438596491,0.0,0.01754385965,0.0,0.0,0.0,0.05263157895,0.01754385965
1,1,0.9345794393,0.3333333333,0.6111111111,0.0,0.0,0.0,0.0,0.0,0.05555555556,0.0
1,1,0.8484848485,0.4166666667,0.5416666667,0.0,0.0,0.0,0.0,0.0,0.04166666667,0.0
1,1,0.8484848485,0.3695652174,0.5217391304,0.0,0.02173913043,0.0,0.0,0.0,0.0652173913,0.02173913043
1,1,0.951048951,0.5,0.4333333333,0.0,0.01111111111,0.0,0.0,0.0,0.05555555556,0.0
1,1,0.8985507246,0.417721519,0.3037974684,0.1392405063,0.0,0.0,0.0,0.0,0.1392405063,0.0
1,1,0.9345794393,0.4385964912,0.5263157895,0.0,0.01754385965,0.0,0.0,0.0,0.01754385965,0.0
1,1,0.9345794393,0.3454545455,0.5454545455,0.01818181818,0.01818181818,0.0,0.0,0.0,0.07272727273,0.0
1,1,0.9312977099,0.359375,0.515625,0.015625,0.0,0.0,0.0,0.0,0.078125,0.03125
1,1,0.9541284404,0.3783783784,0.5405405405,0.0,0.01351351351,0.0,0.0,0.0,0.05405405405,0.01351351351
1,1,0.9541284404,0.3214285714,0.5892857143,0.0,0.03571428571,0.0,0.0,0.0,0.05357142857,0.0
1,1,0.9142857143,0.32,0.58,0.02,0.02,0.0,0.0,0.0,0.06,0.0
1,1,0.9245283019,0.3703703704,0.537037037,0.0,0.01851851852,0.0,0.0,0.0,0.05555555556,0.01851851852
1,1,0.9038461538,0.3111111111,0.5777777778,0.0,0.02222222222,0.0,0.0,0.0,0.08888888889,0.0
1,1,0.9142857143,0.3684210526,0.4736842105,0.0,0.01754385965,0.0,0.0,0.0,0.1052631579,0.0350877193
1,1,0.9312977099,0.4941176471,0.4470588235,0.0,0.0,0.0,0.0,0.0,0.05882352941,0.0
1,1,0.8549618321,0.4125,0.35,0.0625,0.0,0.1625,0.0,0.0,0.0125,0.0
1,1,0.9444444444,0.406779661,0.5084745763,0.0,0.01694915254,0.0,0.0,0.0,0.06779661017,0.0
1,1,0.9444444444,0.3620689655,0.5517241379,0.0,0.0,0.0,0.0,0.0,0.05172413793,0.03448275862
1,1,0.9142857143,0.421875,0.5,0.0,0.015625,0.0,0.0,0.0,0.0625,0.0
1,1,0.9193548387,0.4696969697,0.4848484848,0.0,0.0,0.0,0.0,0.0,0.04545454545,0.0
1,1,0.9245283019,0.4561403509,0.4561403509,0.0,0.01754385965,0.0,0.0,0.0,0.05263157895,0.01754385965
1,1,0.9047619048,0.4225352113,0.5352112676,0.0,0.0,0.0,0.0,0.0,0.04225352113,0.0
1,1,0.9142857143,0.3191489362,0.5957446809,0.0,0.0,0.0,0.0,0.0,0.08510638298,0.0
1,1,0.9230769231,0.3921568627,0.4901960784,0.0,0.01960784314,0.0,0.0,0.0,0.09803921569,0.0
1,1,0.8976377953,0.4657534247,0.4794520548,0.0,0.0,0.01369863014,0.0,0.0,0.04109589041,0.0
1,1,0.9345794393,0.3518518519,0.5555555556,0.01851851852,0.01851851852,0.0,0.0,0.0,0.05555555556,0.0
1,1,0.9022556391,0.4047619048,0.3095238095,0.119047619,0.0,0.05952380952,0.0,0.0,0.09523809524,0.0119047619
1,1,0.9345794393,0.3965517241,0.4827586207,0.01724137931,0.03448275862,0.0,0.0,0.0,0.06896551724,0.0
1,1,0.90625,0.3676470588,0.4411764706,0.01470588235,0.0,0.0,0.0,0.0,0.1323529412,0.04411764706
1,1,0.9245283019,0.32,0.56,0.0,0.02,0.0,0.0,0.0,0.1,0.0
1,1,0.9312977099,0.4637681159,0.4492753623,0.02898550725,0.0,0.0,0.0,0.0,0.05797101449,0.0
1,1,0.9142857143,0.3921568627,0.5294117647,0.0,0.03921568627,0.0,0.0,0.0,0.03921568627,0.0
1,1,0.9038461538,0.4545454545,0.4727272727,0.0,0.03636363636,0.0,0.0,0.0,0.03636363636,0.0
1,1,0.9285714286,0.4459459459,0.3378378378,0.0,0.01351351351,0.0,0.0,0.0,0.1351351351,0.06756756757
1,1,0.9302325581,0.3875,0.5125,0.0,0.0125,0.0,0.0,0.0,0.0875,0.0
1,1,0.9345794393,0.4137931034,0.4827586207,0.0,0.01724137931,0.0,0.0,0.0,0.06896551724,0.01724137931
1,1,0.9133858268,0.4098360656,0.5409836066,0.0,0.0,0.0,0.0,0.0,0.04918032787,0.0
1,1,0.8837209302,0.3623188406,0.4347826087,0.1884057971,0.0,0.0,0.0,0.0,0.0,0.01449275362
1,1,0.9345794393,0.3793103448,0.4655172414,0.0,0.01724137931,0.01724137931,0.0,0.0,0.1034482759,0.01724137931
1,1,0.9423076923,0.4,0.4833333333,0.0,0.01666666667,0.0,0.0,0.0,0.1,0.0
1,1,0.90625,0.4262295082,0.4754098361,0.0,0.0,0.0,0.0,0.0,0.09836065574,0.0
1,1,0.9038461538,0.2857142857,0.5510204082,0.0,0.02040816327,0.0,0.0,0.0,0.1428571429,0.0
1,1,0.9264705882,0.4594594595,0.3378378378,0.0,0.01351351351,0.0,0.0,0.0,0.1216216216,0.06756756757
1,1,0.9345794393,0.2931034483,0.6551724138,0.0,0.0,0.0,0.0,0.0,0.05172413793,0.0
1,1,0.9345794393,0.2931034483,0.6551724138,0.0,0.0,0.0,0.0,0.0,0.05172413793,0.0
1,1,0.9345794393,0.2941176471,0.5882352941,0.0,0.01960784314,0.0,0.0,0.0,0.07843137255,0.01960784314
1,1,0.9444444444,0.3392857143,0.5178571429,0.01785714286,0.03571428571,0.0,0.0,0.0,0.08928571429,0.0
1,1,0.9345794393,0.4423076923,0.4807692308,0.0,0.01923076923,0.0,0.0,0.0,0.05769230769,0.0
1,1,0.9393939394,0.2298850575,0.1264367816,0.1264367816,0.4367816092,0.0,0.0,0.0,0.08045977011,0.0
1,1,0.90625,0.3538461538,0.5538461538,0.0,0.0,0.0,0.0,0.0,0.09230769231,0.0
1,1,0.9038461538,0.38,0.48,0.0,0.02,0.0,0.0,0.0,0.1,0.02
1,1,0.9038461538,0.3548387097,0.5322580645,0.0,0.0,0.0,0.0,0.0,0.1129032258,0.0
1,1,0.9473684211,0.4155844156,0.4935064935,0.0,0.0,0.0,0.0,0.0,0.09090909091,0.0
1,1,0.9245283019,0.3606557377,0.5573770492,0.0,0.01639344262,0.0,0.0,0.0,0.06557377049,0.0
1,1,0.9038461538,0.3111111111,0.5555555556,0.0,0.02222222222,0.0,0.0,0.0,0.1111111111,0.0
1,1,0.9038461538,0.3,0.54,0.0,0.02,0.0,0.0,0.0,0.14,0.0
1,1,0.9444444444,0.3333333333,0.6140350877,0.0,0.0,0.0,0.0,0.0,0.05263157895,0.0
1,1,0.9160305344,0.4626865672,0.4776119403,0.0,0.0,0.0,0.0,0.0,0.05970149254,0.0
1,1,0.9147286822,0.4375,0.475,0.0125,0.0,0.0,0.0,0.0,0.0625,0.0125
1,1,0.9333333333,0.2068965517,0.5057471264,0.03448275862,0.01149425287,0.0,0.0,0.0,0.1724137931,0.06896551724
1,1,0.9345794393,0.380952381,0.4285714286,0.0,0.03174603175,0.0,0.0,0.0,0.1111111111,0.04761904762
1,1,0.9130434783,0.4880952381,0.4166666667,0.0,0.0119047619,0.0,0.0,0.0,0.07142857143,0.0119047619
1,1,0.9230769231,0.4819277108,0.4819277108,0.0,0.0,0.0,0.0,0.0,0.03614457831,0.0
1,1,0.9142857143,0.4035087719,0.4035087719,0.01754385965,0.01754385965,0.01754385965,0.0,0.0,0.1052631579,0.0350877193
1,1,0.9142857143,0.4262295082,0.4754098361,0.0,0.01639344262,0.0,0.0,0.0,0.06557377049,0.01639344262
1,1,0.9245283019,0.34,0.54,0.0,0.02,0.0,0.0,0.0,0.1,0.0
1,1,0.9245283019,0.3469387755,0.5306122449,0.0,0.02040816327,0.0,0.0,0.0,0.1020408163,0.0
1,1,0.9142857143,0.3148148148,0.5185185185,0.0,0.01851851852,0.0,0.0,0.0,0.09259259259,0.05555555556
1,1,0.8888888889,0.5081967213,0.4426229508,0.01639344262,0.0,0.0,0.0,0.0,0.03278688525,0.0
1,1,0.9147286822,0.44,0.52,0.0,0.0,0.01333333333,0.0,0.0,0.02666666667,0.0
1,1,0.9565217391,0.198019802,0.3861386139,0.297029703,0.0,0.0,0.0,0.0,0.1188118812,0.0
1,1,0.9172932331,0.4777777778,0.3555555556,0.0,0.02222222222,0.0,0.0,0.0,0.1,0.04444444444
1,1,0.9345794393,0.3333333333,0.568627451,0.0,0.01960784314,0.0,0.0,0.0,0.07843137255,0.0
1,1,0.9302325581,0.3880597015,0.4925373134,0.01492537313,0.0,0.0,0.0,0.0,0.1044776119,0.0
1,1,0.9142857143,0.34,0.42,0.0,0.02,0.0,0.0,0.0,0.22,0.0
1,1,0.9345794393,0.4107142857,0.5178571429,0.0,0.01785714286,0.0,0.0,0.0,0.05357142857,0.0
1,1,0.9230769231,0.3818181818,0.4727272727,0.0,0.01818181818,0.0,0.0,0.0,0.1272727273,0.0
1,1,0.9444444444,0.4576271186,0.4915254237,0.0,0.0,0.0,0.0,0.0,0.05084745763,0.0
1,1,0.8992248062,0.4615384615,0.4743589744,0.0,0.0,0.0,0.0,0.0,0.0641025641,0.0
1,1,0.8823529412,0.462962963,0.4259259259,0.0,0.05555555556,0.0,0.0,0.0,0.05555555556,0.0
1,1,0.9147286822,0.4823529412,0.4588235294,0.0,0.0,0.0,0.0,0.0,0.04705882353,0.01176470588
1,1,0.896,0.4935064935,0.4545454545,0.0,0.0,0.0,0.0,0.0,0.05194805195,0.0
1,1,0.9007633588,0.4714285714,0.3428571429,0.01428571429,0.02857142857,0.1,0.0,0.0,0.01428571429,0.02857142857
1,1,0.9142857143,0.3191489362,0.6170212766,0.0,0.0,0.0,0.0,0.0,0.06382978723,0.0
1,1,0.90625,0.4923076923,0.4769230769,0.0,0.0,0.01538461538,0.0,0.0,0.01538461538,0.0
1,1,0.9345794393,0.358490566,0.4905660377,0.0,0.01886792453,0.0,0.0,0.0,0.1320754717,0.0
1,1,0.9345794393,0.3333333333,0.5185185185,0.0,0.01851851852,0.0,0.0,0.0,0.1111111111,0.01851851852
1,1,0.8976377953,0.4545454545,0.4935064935,0.0,0.01298701299,0.0,0.0,0.0,0.03896103896,0.0
1,1,0.9130434783,0.4307692308,0.4769230769,0.01538461538,0.01538461538,0.01538461538,0.0,0.0,0.04615384615,0.0
1,1,0.9345794393,0.36,0.54,0.0,0.02,0.0,0.0,0.0,0.08,0.0
1,1,0.9245283019,0.36,0.52,0.0,0.02,0.0,0.0,0.0,0.1,0.0
1,1,0.9245283019,0.4406779661,0.4237288136,0.0,0.03389830508,0.0,0.0,0.0,0.1016949153,0.0
1,1,0.9264705882,0.4805194805,0.4805194805,0.0,0.01298701299,0.0,0.0,0.0,0.02597402597,0.0
1,1,0.890625,0.5,0.3970588235,0.04411764706,0.01470588235,0.01470588235,0.0,0.0,0.02941176471,0.0
1,1,0.8888888889,0.3518518519,0.462962963,0.0,0.01851851852,0.0,0.0,0.0,0.1666666667,0.0
1,1,0.9038461538,0.4,0.5272727273,0.0,0.01818181818,0.0,0.0,0.0,0.05454545455,0.0
1,1,0.8888888889,0.5,0.3823529412,0.0,0.0,0.0,0.0,0.0,0.1029411765,0.01470588235
1,1,0.9142857143,0.375,0.4821428571,0.0,0.01785714286,0.0,0.0,0.0,0.1071428571,0.01785714286
1,1,0.9038461538,0.4,0.4727272727,0.0,0.03636363636,0.01818181818,0.0,0.0,0.07272727273,0.0
1,1,0.9345794393,0.3076923077,0.5576923077,0.0,0.01923076923,0.0,0.0,0.0,0.1153846154,0.0
1,1,0.9345794393,0.3928571429,0.5,0.0,0.01785714286,0.0,0.0,0.0,0.08928571429,0.0
1,1,0.9038461538,0.350877193,0.5438596491,0.0,0.0,0.0,0.0,0.0,0.1052631579,0.0
1,1,0.9245283019,0.3518518519,0.5185185185,0.01851851852,0.01851851852,0.0,0.0,0.0,0.09259259259,0.0
1,1,0.9541284404,0.3728813559,0.4915254237,0.0,0.01694915254,0.0,0.0,0.0,0.1186440678,0.0
1,1,0.8661417323,0.6031746032,0.2857142857,0.0,0.01587301587,0.06349206349,0.0,0.0,0.0,0.03174603175
1,1,0.9230769231,0.3333333333,0.5238095238,0.0,0.01587301587,0.0,0.0,0.0,0.126984127,0.0
1,1,0.8823529412,0.5,0.44,0.0,0.04,0.0,0.0,0.0,0.02,0.0
1,1,0.9038461538,0.3541666667,0.5208333333,0.0,0.02083333333,0.0,0.0,0.0,0.1041666667,0.0
1,1,0.9345794393,0.3541666667,0.5416666667,0.0,0.02083333333,0.0,0.0,0.0,0.08333333333,0.0
1,1,0.9245283019,0.320754717,0.5283018868,0.0,0.01886792453,0.0,0.0,0.0,0.1320754717,0.0
1,1,0.9245283019,0.3461538462,0.5192307692,0.0,0.01923076923,0.0,0.0,0.0,0.1153846154,0.0
1,1,0.9245283019,0.4032258065,0.435483871,0.0,0.01612903226,0.0,0.0,0.0,0.1290322581,0.01612903226
1,1,0.9230769231,0.380952381,0.4920634921,0.01587301587,0.0,0.0,0.0,0.0,0.07936507937,0.03174603175
1,1,0.90625,0.4383561644,0.4520547945,0.01369863014,0.01369863014,0.0,0.0,0.0,0.08219178082,0.0
1,1,0.9245283019,0.3333333333,0.5490196078,0.0,0.01960784314,0.0,0.0,0.0,0.09803921569,0.0
1,1,0.9253731343,0.3855421687,0.3614457831,0.2409638554,0.0,0.0,0.0,0.0,0.01204819277,0.0
1,1,0.9465648855,0.4155844156,0.4935064935,0.01298701299,0.0,0.0,0.0,0.0,0.07792207792,0.0
1,1,0.9312977099,0.472972973,0.5135135135,0.0,0.0,0.0,0.0,0.0,0.01351351351,0.0
1,1,0.9444444444,0.3389830508,0.5593220339,0.0,0.03389830508,0.0,0.0,0.0,0.06779661017,0.0
1,1,0.9345794393,0.4307692308,0.4461538462,0.0,0.01538461538,0.0,0.0,0.0,0.09230769231,0.01538461538
1,1,0.9444444444,0.375,0.5178571429,0.0,0.01785714286,0.0,0.0,0.0,0.07142857143,0.01785714286
1,1,0.9,0.38,0.52,0.0,0.02,0.0,0.0,0.0,0.06,0.02
1,1,0.9444444444,0.2950819672,0.5901639344,0.0,0.01639344262,0.0,0.0,0.0,0.09836065574,0.0
1,1,0.9230769231,0.3384615385,0.6153846154,0.0,0.0,0.0,0.0,0.0,0.04615384615,0.0
1,1,0.8932038835,0.4042553191,0.5319148936,0.0,0.04255319149,0.0,0.0,0.0,0.02127659574,0.0
1,1,0.9541284404,0.3448275862,0.5344827586,0.0,0.01724137931,0.0,0.0,0.0,0.08620689655,0.01724137931
1,1,0.890625,0.3823529412,0.4117647059,0.02941176471,0.02941176471,0.05882352941,0.0,0.0,0.02941176471,0.05882352941
1,1,0.9345794393,0.3220338983,0.593220339,0.0,0.0,0.0,0.0,0.0,0.08474576271,0.0
1,1,0.9245283019,0.3265306122,0.5510204082,0.0,0.02040816327,0.0,0.0,0.0,0.1020408163,0.0
1,1,0.9126213592,0.3818181818,0.5272727273,0.0,0.01818181818,0.0,0.0,0.0,0.05454545455,0.01818181818
1,1,0.9433962264,0.4107142857,0.5,0.0,0.01785714286,0.0,0.0,0.0,0.07142857143,0.0
1,1,0.9215686275,0.3333333333,0.5098039216,0.0,0.01960784314,0.0,0.0,0.0,0.137254902,0.0
1,1,0.9622641509,0.328125,0.578125,0.0,0.0,0.0,0.0,0.0,0.09375,0.0
1,1,0.9345794393,0.393442623,0.5901639344,0.0,0.0,0.0,0.0,0.0,0.01639344262,0.0
1,1,0.9345794393,0.36,0.52,0.0,0.02,0.0,0.0,0.0,0.1,0.0
1,1,0.9038461538,0.3260869565,0.5652173913,0.0,0.0,0.0,0.0,0.0,0.1086956522,0.0
1,1,0.921875,0.3770491803,0.5245901639,0.01639344262,0.0,0.0,0.0,0.0,0.08196721311,0.0
1,1,0.9007633588,0.4657534247,0.3561643836,0.09589041096,0.0,0.0,0.0,0.0,0.06849315068,0.01369863014
1,1,0.8709677419,0.3846153846,0.3846153846,0.01923076923,0.0,0.0,0.0,0.0,0.2115384615,0.0
1,1,0.9345794393,0.393442623,0.4590163934,0.01639344262,0.01639344262,0.0,0.0,0.0,0.09836065574,0.01639344262
1,1,0.9230769231,0.3561643836,0.5342465753,0.0,0.01369863014,0.0,0.0,0.0,0.09589041096,0.0
1,1,0.9147286822,0.4098360656,0.5081967213,0.01639344262,0.0,0.0,0.0,0.0,0.06557377049,0.0
1,1,0.9230769231,0.3404255319,0.5319148936,0.0,0.02127659574,0.0,0.0,0.0,0.1063829787,0.0
1,1,0.9147286822,0.4142857143,0.4857142857,0.0,0.04285714286,0.0,0.0,0.0,0.04285714286,0.01428571429
1,1,0.9208633094,0.52,0.3866666667,0.0,0.01333333333,0.0,0.0,0.0,0.08,0.0
1,1,0.9312977099,0.4393939394,0.5151515152,0.0303030303,0.0,0.0,0.0,0.0,0.01515151515,0.0
1,1,0.9541284404,0.3392857143,0.5535714286,0.0,0.01785714286,0.0,0.0,0.0,0.07142857143,0.01785714286
1,1,0.8932038835,0.3846153846,0.4423076923,0.0,0.01923076923,0.0,0.0,0.0,0.09615384615,0.05769230769
1,1,0.9160305344,0.2558139535,0.476744186,0.04651162791,0.01162790698,0.0,0.0,0.0,0.06976744186,0.1395348837
1,1,0.9142857143,0.2641509434,0.5471698113,0.0,0.0,0.0,0.0,0.0,0.1886792453,0.0
1,1,0.921875,0.417721519,0.4936708861,0.0,0.0,0.0,0.0,0.0,0.07594936709,0.01265822785
1,1,0.896,0.4925373134,0.4179104478,0.01492537313,0.0,0.0,0.0,0.0,0.05970149254,0.01492537313
1,1,0.9230769231,0.487804878,0.4268292683,0.0,0.0,0.0,0.0,0.0,0.08536585366,0.0
1,1,0.8888888889,0.4035087719,0.5087719298,0.0,0.0,0.0,0.0,0.0,0.08771929825,0.0
1,1,0.953271028,0.275862069,0.6551724138,0.0,0.01724137931,0.0,0.0,0.0,0.05172413793,0.0
1,1,0.9126213592,0.3965517241,0.4482758621,0.0,0.01724137931,0.0,0.0,0.0,0.08620689655,0.05172413793
1,1,0.9245283019,0.375,0.5178571429,0.0,0.01785714286,0.0,0.0,0.0,0.08928571429,0.0
1,1,0.9230769231,0.4242424242,0.4848484848,0.01515151515,0.0,0.0,0.0,0.0,0.07575757576,0.0
1,1,0.9245283019,0.3333333333,0.5964912281,0.0,0.0,0.0,0.0,0.0,0.0701754386,0.0
1,1,0.9253731343,0.2111111111,0.4888888889,0.1222222222,0.01111111111,0.0,0.0,0.0,0.05555555556,0.1111111111
1,1,0.9019607843,0.3260869565,0.5434782609,0.0,0.0,0.0,0.0,0.02173913043,0.1086956522,0.0
1,1,0.9147286822,0.4,0.4461538462,0.03076923077,0.0,0.0,0.0,0.0,0.1230769231,0.0
1,1,0.8760330579,0.4838709677,0.435483871,0.03225806452,0.0,0.0,0.0,0.0,0.04838709677,0.0
1,1,0.9245283019,0.3928571429,0.4821428571,0.01785714286,0.01785714286,0.0,0.0,0.0,0.08928571429,0.0
1,1,0.9090909091,0.4098360656,0.4590163934,0.0,0.0,0.0,0.0,0.0,0.1147540984,0.01639344262
1,1,0.912,0.4807692308,0.4423076923,0.0,0.0,0.01923076923,0.0,0.0,0.05769230769,0.0
1,1,0.9230769231,0.3833333333,0.55,0.0,0.0,0.0,0.0,0.0,0.06666666667,0.0
1,1,0.90625,0.5151515152,0.4393939394,0.01515151515,0.0,0.0,0.0,0.0,0.01515151515,0.01515151515
1,1,0.9312977099,0.347826087,0.5652173913,0.0,0.0,0.01449275362,0.0,0.0,0.07246376812,0.0
1,1,0.9433962264,0.4032258065,0.564516129,0.0,0.0,0.0,0.0,0.0,0.03225806452,0.0
1,1,0.8740740741,0.4444444444,0.3222222222,0.08888888889,0.01111111111,0.0,0.0,0.0,0.1333333333,0.0
1,1,0.9142857143,0.3018867925,0.6226415094,0.0,0.0,0.0,0.0,0.0,0.05660377358,0.01886792453
1,1,0.9361702128,0.5066666667,0.4133333333,0.0,0.01333333333,0.0,0.0,0.0,0.06666666667,0.0
1,1,0.9142857143,0.4363636364,0.4909090909,0.0,0.03636363636,0.0,0.0,0.0,0.03636363636,0.0
1,1,0.9117647059,0.5373134328,0.3880597015,0.0,0.01492537313,0.0,0.0,0.0,0.05970149254,0.0
1,1,0.86,0.3617021277,0.4255319149,0.02127659574,0.02127659574,0.02127659574,0.0,0.0,0.1063829787,0.04255319149
1,1,0.9142857143,0.3333333333,0.5098039216,0.0,0.01960784314,0.0,0.0,0.0,0.137254902,0.0
1,1,0.8468468468,0.4310344828,0.3620689655,0.01724137931,0.0,0.0,0.0,0.0,0.1896551724,0.0
1,1,0.9285714286,0.5135135135,0.3918918919,0.0,0.01351351351,0.01351351351,0.0,0.0,0.06756756757,0.0
1,1,0.9019607843,0.3191489362,0.6170212766,0.0,0.0,0.0,0.0,0.0,0.06382978723,0.0
1,1,0.9333333333,0.3818181818,0.5090909091,0.0,0.01818181818,0.0,0.0,0.0,0.09090909091,0.0
1,1,0.9197080292,0.2413793103,0.4597701149,0.1494252874,0.01149425287,0.0,0.0,0.0,0.05747126437,0.08045977011
1,1,0.9352517986,0.2631578947,0.4526315789,0.1052631579,0.01052631579,0.0,0.0,0.0,0.06315789474,0.1052631579
1,1,0.9245283019,0.4074074074,0.4814814815,0.0,0.01851851852,0.0,0.0,0.0,0.09259259259,0.0
1,1,0.9142857143,0.4210526316,0.4561403509,0.0,0.01754385965,0.0,0.0,0.0,0.1052631579,0.0
1,1,0.896,0.5316455696,0.417721519,0.0,0.0,0.0,0.0,0.0,0.03797468354,0.01265822785
1,1,0.9142857143,0.320754717,0.5094339623,0.0,0.01886792453,0.0,0.0,0.0,0.09433962264,0.05660377358
1,1,0.9142857143,0.3818181818,0.4909090909,0.01818181818,0.01818181818,0.0,0.0,0.0,0.09090909091,0.0
1,1,0.9361702128,0.4705882353,0.4264705882,0.0,0.01470588235,0.0,0.0,0.0,0.08823529412,0.0
1,1,0.9345794393,0.2857142857,0.6428571429,0.0,0.01785714286,0.0,0.0,0.0,0.05357142857,0.0
1,1,0.7551020408,0.4615384615,0.5128205128,0.0,0.0,0.0,0.0,0.0,0.02564102564,0.0
1,1,0.9147286822,0.435483871,0.435483871,0.0,0.0,0.0,0.0,0.0,0.1290322581,0.0
1,1,0.9230769231,0.3793103448,0.5517241379,0.0,0.0,0.0,0.0,0.0,0.06896551724,0.0
1,1,0.9333333333,0.2471910112,0.4719101124,0.02247191011,0.01123595506,0.0,0.0,0.0,0.05617977528,0.191011236
1,1,0.9245283019,0.3548387097,0.6129032258,0.0,0.0,0.0,0.0,0.0,0.03225806452,0.0
1,1,0.9245283019,0.3818181818,0.5272727273,0.0,0.01818181818,0.0,0.0,0.0,0.05454545455,0.01818181818
1,1,0.9345794393,0.4137931034,0.4827586207,0.01724137931,0.01724137931,0.0,0.0,0.0,0.06896551724,0.0
1,1,0.90625,0.4705882353,0.4411764706,0.0,0.0,0.0,0.0,0.0,0.08823529412,0.0
1,1,0.9142857143,0.3448275862,0.5689655172,0.0,0.0,0.0,0.0,0.0,0.08620689655,0.0
1,1,0.8888888889,0.380952381,0.5714285714,0.0,0.0,0.0,0.0,0.0,0.04761904762,0.0
1,1,0.890625,0.515625,0.453125,0.0,0.015625,0.0,0.0,0.0,0.015625,0.0
1,1,0.9147286822,0.4193548387,0.4677419355,0.01612903226,0.0,0.0,0.0,0.0,0.06451612903,0.03225806452
1,1,0.9345794393,0.2916666667,0.625,0.0,0.02083333333,0.0,0.0,0.0,0.0625,0.0
1,1,0.9302325581,0.4761904762,0.5079365079,0.0,0.0,0.0,0.0,0.0,0.01587301587,0.0
1,1,0.9022556391,0.5,0.3947368421,0.03947368421,0.0,0.01315789474,0.0,0.0,0.02631578947,0.02631578947
1,1,0.9433962264,0.3269230769,0.5769230769,0.0,0.01923076923,0.0,0.0,0.0,0.07692307692,0.0
1,1,0.9345794393,0.3684210526,0.5263157895,0.01754385965,0.01754385965,0.0,0.0,0.0,0.0701754386,0.0
1,1,0.868852459,0.3888888889,0.3703703704,0.01851851852,0.0,0.0,0.0,0.0,0.2222222222,0.0
1,1,0.9019607843,0.3928571429,0.5,0.0,0.0,0.0,0.0,0.0,0.1071428571,0.0
1,1,0.9541284404,0.3559322034,0.5254237288,0.05084745763,0.01694915254,0.0,0.0,0.0,0.03389830508,0.01694915254
1,1,0.9622641509,0.3968253968,0.4603174603,0.0,0.0,0.0,0.0,0.0,0.126984127,0.01587301587
1,1,0.9345794393,0.320754717,0.5283018868,0.0,0.01886792453,0.0,0.0,0.0,0.1320754717,0.0
1,1,0.9130434783,0.4189189189,0.4864864865,0.0,0.01351351351,0.0,0.0,0.0,0.08108108108,0.0
1,1,0.9047619048,0.4561403509,0.5263157895,0.0,0.0,0.0,0.0,0.0,0.01754385965,0.0
1,1,0.9245283019,0.306122449,0.5918367347,0.0,0.02040816327,0.0,0.0,0.0,0.08163265306,0.0
1,1,0.890625,0.4155844156,0.3506493506,0.09090909091,0.0,0.0,0.0,0.0,0.1298701299,0.01298701299
1,1,0.9047619048,0.4516129032,0.4838709677,0.0,0.0,0.0,0.0,0.0,0.06451612903,0.0
1,1,0.8992248062,0.5119047619,0.4047619048,0.03571428571,0.0,0.0,0.0,0.0,0.03571428571,0.0119047619
1,1,0.9142857143,0.36,0.48,0.0,0.02,0.0,0.0,0.0,0.14,0.0
1,1,0.9230769231,0.3653846154,0.5961538462,0.0,0.0,0.0,0.0,0.0,0.03846153846,0.0
1,1,0.9245283019,0.3125,0.5625,0.0,0.02083333333,0.0,0.0,0.0,0.1041666667,0.0
1,1,0.9245283019,0.4406779661,0.4406779661,0.01694915254,0.01694915254,0.01694915254,0.0,0.0,0.05084745763,0.01694915254
1,1,0.9142857143,0.4032258065,0.4032258065,0.0,0.03225806452,0.0,0.0,0.0,0.1129032258,0.04838709677
1,1,0.9142857143,0.4210526316,0.4561403509,0.0,0.01754385965,0.0,0.0,0.0,0.1052631579,0.0
1,1,0.9019607843,0.375,0.4464285714,0.0,0.01785714286,0.0,0.0,0.0,0.1071428571,0.05357142857
1,1,0.9032258065,0.4166666667,0.5,0.0,0.0,0.0,0.0,0.0,0.08333333333,0.0
1,1,0.8837209302,0.4626865672,0.4179104478,0.0447761194,0.02985074627,0.01492537313,0.0,0.0,0.02985074627,0.0
1,1,0.9541284404,0.3396226415,0.5660377358,0.0,0.01886792453,0.0,0.0,0.0,0.07547169811,0.0
1,1,0.9230769231,0.4032258065,0.4838709677,0.01612903226,0.0,0.0,0.0,0.0,0.09677419355,0.0
1,1,0.9433962264,0.3265306122,0.5714285714,0.0,0.02040816327,0.0,0.0,0.0,0.08163265306,0.0
1,1,0.8712871287,0.3469387755,0.4897959184,0.0,0.02040816327,0.0,0.0,0.0,0.1020408163,0.04081632653
1,1,0.9142857143,0.3793103448,0.5344827586,0.0,0.0,0.0,0.0,0.0,0.05172413793,0.03448275862
1,1,0.9514563107,0.3555555556,0.5555555556,0.0,0.0,0.0,0.0,0.0,0.08888888889,0.0
1,1,0.896,0.4406779661,0.5084745763,0.0,0.0,0.0,0.0,0.0,0.05084745763,0.0
1,1,0.9245283019,0.406779661,0.4576271186,0.0,0.01694915254,0.0,0.0,0.0,0.08474576271,0.03389830508
1,1,0.9312977099,0.4714285714,0.3857142857,0.0,0.0,0.0,0.0,0.0,0.1428571429,0.0
1,1,0.9147286822,0.4423076923,0.4615384615,0.0,0.0,0.01923076923,0.0,0.0,0.07692307692,0.0
1,1,0.8455284553,0.3815789474,0.25,0.25,0.0,0.0,0.0,0.0,0.1052631579,0.01315789474
1,1,0.9133858268,0.4615384615,0.4461538462,0.01538461538,0.0,0.0,0.0,0.0,0.07692307692,0.0
1,1,0.9230769231,0.4266666667,0.4933333333,0.0,0.01333333333,0.0,0.0,0.0,0.06666666667,0.0
1,1,0.9423076923,0.380952381,0.5555555556,0.0,0.0,0.0,0.0,0.0,0.06349206349,0.0
1,1,0.9142857143,0.4090909091,0.4545454545,0.0,0.0303030303,0.0,0.0,0.0,0.1060606061,0.0
1,1,0.9160305344,0.4307692308,0.4923076923,0.0,0.0,0.0,0.0,0.0,0.07692307692,0.0
1,1,0.9245283019,0.4181818182,0.5454545455,0.0,0.01818181818,0.0,0.0,0.0,0.01818181818,0.0
1,1,0.9147286822,0.4035087719,0.5614035088,0.0,0.0,0.0,0.0,0.0,0.0350877193,0.0
1,1,0.9142857143,0.3928571429,0.4821428571,0.0,0.01785714286,0.0,0.0,0.0,0.1071428571,0.0
1,1,0.9142857143,0.4137931034,0.4482758621,0.0,0.01724137931,0.0,0.0,0.0,0.1206896552,0.0
1,1,0.9345794393,0.3469387755,0.5510204082,0.0,0.02040816327,0.0,0.0,0.0,0.08163265306,0.0
1,1,0.9208633094,0.4375,0.3854166667,0.1458333333,0.0,0.01041666667,0.0,0.0,0.02083333333,0.0
1,1,0.921875,0.390625,0.515625,0.0,0.0,0.0,0.0,0.0,0.09375,0.0
1,1,0.9019607843,0.3333333333,0.6111111111,0.0,0.0,0.0,0.0,0.0,0.05555555556,0.0
1,1,0.9126213592,0.4166666667,0.5,0.02083333333,0.02083333333,0.0,0.0,0.0,0.04166666667,0.0
1,1,0.9090909091,0.3793103448,0.5517241379,0.0,0.0,0.0,0.0,0.0,0.06896551724,0.0
1,1,0.9142857143,0.358490566,0.5094339623,0.0,0.01886792453,0.0,0.0,0.0,0.1132075472,0.0
1,1,0.9142857143,0.36,0.5,0.0,0.04,0.0,0.0,0.0,0.1,0.0
1,1,0.9038461538,0.4255319149,0.5106382979,0.0,0.04255319149,0.0,0.0,0.0,0.02127659574,0.0
1,1,0.9444444444,0.3396226415,0.5660377358,0.01886792453,0.01886792453,0.0,0.0,0.0,0.05660377358,0.0
1,1,0.9142857143,0.3272727273,0.5090909091,0.0,0.01818181818,0.0,0.0,0.0,0.1090909091,0.03636363636
1,1,0.8872180451,0.4782608696,0.3768115942,0.0,0.01449275362,0.0,0.0,0.0,0.1304347826,0.0
1,1,0.7118644068,0.5,0.4375,0.02083333333,0.0,0.0,0.0,0.0,0.02083333333,0.02083333333
1,1,0.9172932331,0.5217391304,0.4057971014,0.0,0.01449275362,0.0,0.0,0.0,0.05797101449,0.0
1,1,0.951048951,0.4683544304,0.4556962025,0.0,0.0,0.01265822785,0.0,0.0,0.06329113924,0.0
1,1,0.9230769231,0.4507042254,0.4647887324,0.0,0.0,0.0,0.0,0.0,0.08450704225,0.0
1,1,0.9345794393,0.34,0.58,0.0,0.02,0.0,0.0,0.0,0.04,0.02
1,1,0.896,0.4558823529,0.5294117647,0.0,0.0,0.01470588235,0.0,0.0,0.0,0.0
1,1,0.8932038835,0.3555555556,0.5111111111,0.0,0.0,0.0,0.0,0.02222222222,0.1111111111,0.0
1,1,0.932038835,0.4363636364,0.4909090909,0.0,0.01818181818,0.0,0.0,0.0,0.05454545455,0.0
1,1,0.8823529412,0.3725490196,0.4705882353,0.0,0.01960784314,0.0,0.0,0.0,0.07843137255,0.05882352941
1,1,0.9142857143,0.4181818182,0.5454545455,0.0,0.0,0.0,0.0,0.0,0.03636363636,0.0
1,1,0.9333333333,0.4745762712,0.4237288136,0.01694915254,0.01694915254,0.01694915254,0.0,0.0,0.03389830508,0.01694915254
1,1,0.8769230769,0.3947368421,0.3684210526,0.07894736842,0.0,0.09210526316,0.0,0.0,0.0,0.06578947368
1,1,0.9444444444,0.4736842105,0.4736842105,0.0,0.01754385965,0.0,0.0,0.0,0.0350877193,0.0
1,1,0.8976377953,0.3333333333,0.5454545455,0.01515151515,0.0,0.01515151515,0.0,0.0,0.07575757576,0.01515151515
1,1,0.9345794393,0.3111111111,0.6,0.0,0.02222222222,0.0,0.0,0.0,0.06666666667,0.0
1,1,0.9345794393,0.3636363636,0.5090909091,0.0,0.01818181818,0.0,0.0,0.0,0.1090909091,0.0
1,1,0.9245283019,0.4,0.4461538462,0.0,0.03076923077,0.0,0.0,0.0,0.1230769231,0.0
1,1,0.9312977099,0.3939393939,0.4696969697,0.01515151515,0.0,0.0,0.0,0.0,0.07575757576,0.04545454545
1,1,0.8888888889,0.4675324675,0.4935064935,0.0,0.0,0.01298701299,0.0,0.0,0.01298701299,0.01298701299
1,1,0.9245283019,0.3272727273,0.5454545455,0.0,0.03636363636,0.0,0.0,0.0,0.09090909091,0.0
1,1,0.9541284404,0.3285714286,0.5428571429,0.0,0.0,0.0,0.0,0.0,0.1285714286,0.0
1,1,0.9444444444,0.3571428571,0.5178571429,0.0,0.01785714286,0.0,0.0,0.0,0.08928571429,0.01785714286
1,1,0.8661417323,0.3835616438,0.4657534247,0.02739726027,0.0,0.09589041096,0.0,0.0,0.01369863014,0.01369863014
1,1,0.9423076923,0.3076923077,0.5576923077,0.0,0.01923076923,0.0,0.0,0.0,0.1153846154,0.0
1,1,0.9245283019,0.375,0.5,0.01785714286,0.01785714286,0.0,0.0,0.0,0.08928571429,0.0
1,1,0.9345794393,0.2950819672,0.5901639344,0.0,0.01639344262,0.01639344262,0.0,0.0,0.06557377049,0.01639344262
1,1,0.8910891089,0.38,0.5,0.0,0.06,0.0,0.0,0.0,0.06,0.0
1,1,0.9433962264,0.3166666667,0.6,0.0,0.0,0.0,0.0,0.0,0.08333333333,0.0
1,1,0.9126213592,0.4363636364,0.4545454545,0.0,0.01818181818,0.0,0.0,0.0,0.09090909091,0.0
1,1,0.9142857143,0.4285714286,0.4821428571,0.01785714286,0.01785714286,0.0,0.0,0.0,0.05357142857,0.0
1,1,0.9457364341,0.4285714286,0.5194805195,0.0,0.0,0.0,0.0,0.0,0.05194805195,0.0
1,1,0.9126213592,0.3859649123,0.4736842105,0.01754385965,0.0350877193,0.0,0.0,0.0,0.08771929825,0.0
1,1,0.9230769231,0.4533333333,0.5066666667,0.0,0.0,0.01333333333,0.0,0.0,0.02666666667,0.0
1,1,0.9032258065,0.3835616438,0.3835616438,0.2191780822,0.0,0.0,0.0,0.0,0.01369863014,0.0
1,1,0.9007633588,0.4117647059,0.3529411765,0.0,0.01176470588,0.02352941176,0.0,0.0,0.2,0.0
1,1,0.896,0.406779661,0.4915254237,0.0,0.0,0.01694915254,0.0,0.0,0.08474576271,0.0
1,1,0.9345794393,0.3703703704,0.5185185185,0.0,0.01851851852,0.0,0.0,0.0,0.07407407407,0.01851851852
1,1,0.9245283019,0.4333333333,0.4666666667,0.0,0.01666666667,0.0,0.0,0.0,0.08333333333,0.0
1,1,0.9142857143,0.3673469388,0.5306122449,0.0,0.02040816327,0.0,0.0,0.0,0.08163265306,0.0
1,1,0.9541284404,0.350877193,0.5614035088,0.0,0.01754385965,0.0,0.0,0.0,0.0701754386,0.0
1,1,0.9245283019,0.3333333333,0.5833333333,0.0,0.02083333333,0.0,0.0,0.0,0.0625,0.0
1,1,0.9393939394,0.453125,0.46875,0.0,0.03125,0.0,0.0,0.0,0.03125,0.015625
1,1,0.9245283019,0.4038461538,0.5,0.0,0.01923076923,0.0,0.0,0.0,0.07692307692,0.0
1,1,0.9038461538,0.375,0.4464285714,0.0,0.01785714286,0.0,0.0,0.0,0.08928571429,0.07142857143
1,1,0.9245283019,0.2765957447,0.5957446809,0.02127659574,0.02127659574,0.0,0.0,0.0,0.08510638298,0.0
1,1,0.9253731343,0.2023809524,0.4880952381,0.1547619048,0.0119047619,0.0,0.0,0.0,0.04761904762,0.09523809524
1,1,0.9444444444,0.3333333333,0.5263157895,0.01754385965,0.01754385965,0.0,0.0,0.0,0.1052631579,0.0
1,1,0.9230769231,0.4142857143,0.4142857143,0.0,0.0,0.0,0.0,0.0,0.1142857143,0.05714285714
1,1,0.8943089431,0.4142857143,0.5285714286,0.0,0.0,0.0,0.0,0.0,0.05714285714,0.0
1,1,0.9345794393,0.32,0.56,0.0,0.02,0.0,0.0,0.0,0.1,0.0
1,1,0.9245283019,0.4333333333,0.4333333333,0.0,0.01666666667,0.0,0.0,0.0,0.08333333333,0.03333333333
1,1,0.9361702128,0.5066666667,0.4,0.0,0.01333333333,0.0,0.0,0.0,0.08,0.0
1,1,0.8823529412,0.4705882353,0.4509803922,0.0,0.03921568627,0.0,0.0,0.0,0.03921568627,0.0
1,1,0.9345794393,0.40625,0.390625,0.0,0.03125,0.0,0.0,0.0,0.109375,0.0625
1,1,0.9230769231,0.3538461538,0.5692307692,0.0,0.03076923077,0.01538461538,0.0,0.0,0.03076923077,0.0
1,1,0.9719626168,0.4054054054,0.5135135135,0.0,0.0,0.0,0.0,0.0,0.06756756757,0.01351351351
1,1,0.9285714286,0.2282608696,0.4782608696,0.1195652174,0.01086956522,0.0,0.0,0.0,0.05434782609,0.1086956522
1,1,0.9541284404,0.320754717,0.5849056604,0.0,0.01886792453,0.0,0.0,0.0,0.07547169811,0.0
1,1,0.9230769231,0.3278688525,0.5245901639,0.0,0.0,0.0,0.0,0.0,0.1147540984,0.03278688525
1,1,0.9245283019,0.4,0.4307692308,0.0,0.03076923077,0.0,0.0,0.0,0.1384615385,0.0
1,1,0.9133858268,0.4090909091,0.4393939394,0.01515151515,0.0,0.0,0.0,0.0,0.07575757576,0.06060606061
1,1,0.9245283019,0.3333333333,0.5454545455,0.0,0.0,0.0,0.0,0.0,0.1212121212,0.0
1,1,0.9444444444,0.4032258065,0.4838709677,0.0,0.01612903226,0.0,0.0,0.0,0.08064516129,0.01612903226
1,1,0.9142857143,0.3962264151,0.5094339623,0.0,0.01886792453,0.0,0.0,0.0,0.05660377358,0.01886792453
1,1,0.90625,0.4230769231,0.5256410256,0.0,0.0,0.0,0.0,0.0,0.05128205128,0.0
1,1,0.912,0.4090909091,0.4545454545,0.0,0.0,0.0,0.0,0.0,0.09090909091,0.04545454545
1,1,0.8205128205,0.5,0.3666666667,0.01666666667,0.0,0.0,0.0,0.0,0.1166666667,0.0
1,1,0.9172932331,0.48,0.4133333333,0.04,0.0,0.01333333333,0.0,0.0,0.04,0.01333333333
1,1,0.9245283019,0.406779661,0.4576271186,0.01694915254,0.03389830508,0.0,0.0,0.0,0.08474576271,0.0
1,1,0.9147286822,0.4126984127,0.4603174603,0.01587301587,0.0,0.01587301587,0.0,0.0,0.06349206349,0.03174603175
1,1,0.9245283019,0.38,0.56,0.0,0.02,0.0,0.0,0.0,0.04,0.0
1,1,0.9312977099,0.3870967742,0.564516129,0.0,0.0,0.0,0.0,0.0,0.04838709677,0.0
1,1,0.9345794393,0.3703703704,0.537037037,0.0,0.0,0.0,0.0,0.0,0.09259259259,0.0
1,1,0.9142857143,0.3333333333,0.5208333333,0.0,0.02083333333,0.0,0.0,0.0,0.125,0.0
1,1,0.9312977099,0.4266666667,0.48,0.0,0.01333333333,0.0,0.0,0.0,0.08,0.0
1,1,0.9345794393,0.4716981132,0.4528301887,0.0,0.01886792453,0.0,0.0,0.0,0.05660377358,0.0
1,1,0.9245283019,0.3148148148,0.5,0.0,0.01851851852,0.0,0.0,0.0,0.1111111111,0.05555555556
1,1,0.9038461538,0.3958333333,0.5416666667,0.0,0.0,0.0,0.0,0.0,0.0625,0.0
1,1,0.9007633588,0.2142857143,0.5,0.130952381,0.0119047619,0.0,0.0,0.0,0.03571428571,0.1071428571
1,1,0.9032258065,0.4576271186,0.4915254237,0.0,0.0,0.0,0.0,0.0,0.05084745763,0.0
1,1,0.9312977099,0.4533333333,0.5066666667,0.0,0.0,0.01333333333,0.0,0.0,0.02666666667,0.0
1,1,0.9523809524,0.3174603175,0.5873015873,0.0,0.0,0.0,0.0,0.0,0.09523809524,0.0
1,1,0.9245283019,0.3928571429,0.4821428571,0.01785714286,0.03571428571,0.0,0.0,0.0,0.07142857143,0.0
1,1,0.9230769231,0.3617021277,0.5531914894,0.0,0.02127659574,0.0,0.0,0.0,0.06382978723,0.0
1,1,0.90625,0.4925373134,0.3880597015,0.01492537313,0.0,0.01492537313,0.0,0.0,0.07462686567,0.01492537313
1,1,0.9230769231,0.3157894737,0.5789473684,0.0,0.0350877193,0.0,0.0,0.0,0.0701754386,0.0
1,1,0.912,0.4310344828,0.4655172414,0.0,0.0,0.0,0.0,0.0,0.1034482759,0.0
1,1,0.9038461538,0.350877193,0.5789473684,0.0,0.0,0.0,0.0,0.0,0.0701754386,0.0
1,1,0.9393939394,0.375,0.53125,0.0,0.0,0.0,0.0,0.0,0.09375,0.0
1,1,0.8923076923,0.4109589041,0.4383561644,0.01369863014,0.01369863014,0.0,0.0,0.0,0.09589041096,0.02739726027
1,1,0.8965517241,0.4,0.56,0.0,0.0,0.0,0.0,0.0,0.04,0.0
1,1,0.9312977099,0.4698795181,0.4578313253,0.0,0.0,0.01204819277,0.0,0.0,0.06024096386,0.0
1,1,0.9245283019,0.3333333333,0.5208333333,0.0,0.02083333333,0.0,0.0,0.0,0.125,0.0
1,1,0.9133858268,0.4696969697,0.4696969697,0.0,0.0,0.0,0.0,0.0,0.06060606061,0.0
1,1,0.9333333333,0.4150943396,0.4905660377,0.0,0.01886792453,0.0,0.0,0.0,0.05660377358,0.01886792453
1,1,0.9333333333,0.3818181818,0.5090909091,0.0,0.01818181818,0.0,0.0,0.0,0.09090909091,0.0
1,1,0.9133858268,0.4285714286,0.4805194805,0.01298701299,0.0,0.0,0.0,0.0,0.06493506494,0.01298701299
1,1,0.9147286822,0.4415584416,0.5194805195,0.0,0.0,0.0,0.0,0.0,0.03896103896,0.0
1,1,0.9126213592,0.4693877551,0.4489795918,0.0,0.02040816327,0.0,0.0,0.0,0.0612244898,0.0
1,1,0.9245283019,0.3684210526,0.4736842105,0.0,0.01754385965,0.0,0.0,0.0,0.1403508772,0.0
1,1,0.8571428571,0.4430379747,0.3544303797,0.03797468354,0.0,0.1518987342,0.0,0.0,0.01265822785,0.0
1,1,0.9215686275,0.350877193,0.4736842105,0.0,0.01754385965,0.0,0.0,0.0,0.1578947368,0.0
1,1,0.9142857143,0.44,0.46,0.0,0.06,0.0,0.0,0.0,0.04,0.0
1,1,0.9230769231,0.3913043478,0.5507246377,0.0,0.0,0.0,0.0,0.0,0.05797101449,0.0
1,1,0.9393939394,0.3833333333,0.5666666667,0.0,0.0,0.0,0.0,0.0,0.05,0.0
1,1,0.8888888889,0.4406779661,0.4915254237,0.01694915254,0.0,0.0,0.0,0.0,0.05084745763,0.0
1,1,0.9245283019,0.3333333333,0.537037037,0.0,0.03703703704,0.0,0.0,0.0,0.09259259259,0.0
1,1,0.9333333333,0.2708333333,0.6041666667,0.02083333333,0.02083333333,0.0,0.0,0.0,0.08333333333,0.0
1,1,0.9577464789,0.4430379747,0.4810126582,0.0,0.0,0.0,0.0,0.0,0.07594936709,0.0
1,1,0.9393939394,0.3970588235,0.5,0.02941176471,0.0,0.0,0.0,0.0,0.07352941176,0.0
1,1,0.9345794393,0.4150943396,0.4716981132,0.0,0.01886792453,0.0,0.0,0.0,0.09433962264,0.0
1,1,0.9185185185,0.4722222222,0.4583333333,0.01388888889,0.0,0.01388888889,0.0,0.0,0.02777777778,0.01388888889
1,1,0.9245283019,0.4,0.4307692308,0.0,0.03076923077,0.0,0.0,0.0,0.1384615385,0.0
1,1,0.9245283019,0.4385964912,0.4385964912,0.01754385965,0.01754385965,0.0,0.0,0.0,0.08771929825,0.0
1,1,0.921875,0.3965517241,0.5517241379,0.0,0.0,0.0,0.0,0.0,0.05172413793,0.0
1,1,0.9473684211,0.3095238095,0.619047619,0.0,0.0,0.0,0.0,0.0,0.07142857143,0.0
1,1,0.9208633094,0.4520547945,0.4383561644,0.0,0.0,0.0,0.0,0.0,0.1095890411,0.0
1,1,0.9245283019,0.46875,0.421875,0.0,0.015625,0.0,0.0,0.0,0.0625,0.03125
1,1,0.88,0.4117647059,0.3921568627,0.01960784314,0.01960784314,0.01960784314,0.0,0.0,0.09803921569,0.03921568627
1,1,0.8823529412,0.42,0.44,0.0,0.02,0.0,0.0,0.0,0.08,0.04
1,1,0.8932038835,0.3958333333,0.5,0.0,0.04166666667,0.0,0.0,0.0,0.0625,0.0
1,1,0.9142857143,0.4262295082,0.4590163934,0.0,0.01639344262,0.0,0.0,0.0,0.09836065574,0.0
1,1,0.8923076923,0.4096385542,0.3734939759,0.01204819277,0.0,0.02409638554,0.0,0.0,0.1686746988,0.01204819277
1,1,0.9345794393,0.3773584906,0.5283018868,0.0,0.01886792453,0.0,0.0,0.0,0.05660377358,0.01886792453
1,1,0.9433962264,0.4285714286,0.5,0.0,0.01785714286,0.0,0.0,0.0,0.05357142857,0.0
1,1,0.9444444444,0.375,0.5357142857,0.0,0.01785714286,0.0,0.0,0.0,0.07142857143,0.0
1,1,0.9345794393,0.3333333333,0.5490196078,0.0,0.01960784314,0.0,0.0,0.0,0.09803921569,0.0
1,1,0.9333333333,0.3333333333,0.5,0.0,0.03703703704,0.0,0.0,0.0,0.1296296296,0.0
1,1,0.9142857143,0.3773584906,0.4905660377,0.0,0.01886792453,0.0,0.0,0.0,0.09433962264,0.01886792453
1,1,0.9142857143,0.3620689655,0.4655172414,0.0,0.01724137931,0.01724137931,0.0,0.0,0.1206896552,0.01724137931
1,1,0.8976377953,0.4516129032,0.5161290323,0.01612903226,0.0,0.0,0.0,0.0,0.01612903226,0.0
1,1,0.9230769231,0.4516129032,0.4838709677,0.0,0.03225806452,0.0,0.0,0.0,0.01612903226,0.01612903226
1,1,0.9130434783,0.4929577465,0.4507042254,0.01408450704,0.02816901408,0.0,0.0,0.0,0.01408450704,0.0
1,1,0.890625,0.4459459459,0.3513513514,0.1351351351,0.01351351351,0.0,0.0,0.0,0.05405405405,0.0
1,1,0.9345794393,0.4137931034,0.4827586207,0.0,0.01724137931,0.0,0.0,0.0,0.06896551724,0.01724137931
1,1,0.9444444444,0.32,0.56,0.0,0.02,0.0,0.0,0.0,0.1,0.0
1,1,0.9230769231,0.3793103448,0.5689655172,0.0,0.0,0.0,0.0,0.0,0.05172413793,0.0
1,1,0.9245283019,0.4126984127,0.5396825397,0.0,0.0,0.0,0.0,0.0,0.04761904762,0.0
1,1,0.9345794393,0.4242424242,0.3939393939,0.0,0.0303030303,0.0,0.0,0.0,0.1212121212,0.0303030303
1,1,0.9444444444,0.3269230769,0.5576923077,0.0,0.01923076923,0.0,0.0,0.0,0.09615384615,0.0
1,1,0.9230769231,0.4310344828,0.4310344828,0.0,0.01724137931,0.0,0.0,0.0,0.1206896552,0.0
1,1,0.9245283019,0.4259259259,0.5185185185,0.0,0.0,0.0,0.0,0.0,0.05555555556,0.0
1,1,0.9047619048,0.4285714286,0.5178571429,0.0,0.0,0.0,0.0,0.0,0.05357142857,0.0
1,1,0.90625,0.4444444444,0.4444444444,0.01587301587,0.0,0.0,0.0,0.0,0.09523809524,0.0
1,1,0.9090909091,0.475,0.4125,0.025,0.0,0.0,0.0,0.0,0.0875,0.0
1,1,0.9076923077,0.2117647059,0.4941176471,0.1176470588,0.01176470588,0.0,0.0,0.0,0.04705882353,0.1176470588
1,1,0.9245283019,0.358490566,0.5283018868,0.0,0.01886792453,0.0,0.0,0.0,0.09433962264,0.0
1,1,0.9541284404,0.3035714286,0.5535714286,0.0,0.01785714286,0.0,0.0,0.0,0.1071428571,0.01785714286
1,1,0.8932038835,0.3404255319,0.5106382979,0.0,0.02127659574,0.0,0.0,0.0,0.1276595745,0.0
1,1,0.9444444444,0.3,0.58,0.0,0.02,0.0,0.0,0.0,0.1,0.0
1,1,0.9444444444,0.3880597015,0.552238806,0.0,0.01492537313,0.0,0.0,0.0,0.0447761194,0.0
1,1,0.9411764706,0.4556962025,0.4303797468,0.0,0.01265822785,0.0,0.0,0.0,0.1012658228,0.0
1,1,0.9622641509,0.3692307692,0.5538461538,0.0,0.0,0.0,0.0,0.0,0.07692307692,0.0
1,1,0.9245283019,0.3653846154,0.5192307692,0.0,0.01923076923,0.0,0.0,0.0,0.09615384615,0.0
1,1,0.9142857143,0.3666666667,0.4333333333,0.0,0.01666666667,0.0,0.0,0.0,0.1166666667,0.06666666667
1,1,0.9345794393,0.3898305085,0.4576271186,0.0,0.01694915254,0.01694915254,0.0,0.0,0.1016949153,0.01694915254
1,1,0.9295774648,0.2222222222,0.4777777778,0.1444444444,0.01111111111,0.0,0.0,0.0,0.04444444444,0.1
1,1,0.9245283019,0.3272727273,0.5454545455,0.0,0.01818181818,0.0,0.0,0.0,0.1090909091,0.0
1,1,0.8780487805,0.4307692308,0.5230769231,0.0,0.0,0.01538461538,0.0,0.0,0.03076923077,0.0
1,1,0.9423076923,0.4098360656,0.4754098361,0.0,0.01639344262,0.0,0.0,0.0,0.09836065574,0.0
1,1,0.9345794393,0.3454545455,0.5272727273,0.01818181818,0.01818181818,0.0,0.0,0.0,0.09090909091,0.0
1,1,0.8823529412,0.4230769231,0.3846153846,0.01923076923,0.01923076923,0.01923076923,0.0,0.0,0.09615384615,0.03846153846
1,1,0.9541284404,0.3035714286,0.6071428571,0.0,0.03571428571,0.0,0.0,0.0,0.05357142857,0.0
1,1,0.8484848485,0.3555555556,0.5111111111,0.0,0.0,0.0,0.0,0.0,0.1333333333,0.0
1,1,0.9245283019,0.3114754098,0.5901639344,0.0,0.01639344262,0.0,0.0,0.0,0.08196721311,0.0
1,1,0.9345794393,0.2941176471,0.5882352941,0.0,0.01960784314,0.0,0.0,0.0,0.09803921569,0.0
1,1,0.9444444444,0.4137931034,0.4827586207,0.01724137931,0.01724137931,0.0,0.0,0.0,0.06896551724,0.0
1,1,0.8396946565,0.4024390244,0.4024390244,0.07317073171,0.0,0.09756097561,0.0,0.0,0.0243902439,0.0
1,1,0.9345794393,0.3148148148,0.5740740741,0.01851851852,0.01851851852,0.0,0.0,0.0,0.07407407407,0.0
1,1,0.9147286822,0.4444444444,0.4583333333,0.0,0.01388888889,0.0,0.0,0.0,0.08333333333,0.0
1,1,0.912,0.5063291139,0.4556962025,0.0,0.0,0.0,0.0,0.0,0.03797468354,0.0
1,1,0.9285714286,0.4492753623,0.4492753623,0.0,0.01449275362,0.0,0.0,0.0,0.07246376812,0.01449275362
1,1,0.9333333333,0.3703703704,0.5185185185,0.03703703704,0.01851851852,0.0,0.0,0.0,0.05555555556,0.0
1,1,0.90625,0.4745762712,0.5084745763,0.0,0.0,0.0,0.0,0.0,0.01694915254,0.0
1,1,0.8976377953,0.4594594595,0.4324324324,0.01351351351,0.01351351351,0.0,0.0,0.0,0.08108108108,0.0
1,1,0.9333333333,0.4237288136,0.4576271186,0.0,0.01694915254,0.0,0.0,0.0,0.08474576271,0.01694915254
1,1,0.9345794393,0.4482758621,0.4655172414,0.0,0.01724137931,0.0,0.0,0.0,0.06896551724,0.0
1,1,0.90625,0.4647887324,0.4507042254,0.01408450704,0.0,0.0,0.0,0.0,0.05633802817,0.01408450704
1,1,0.9253731343,0.3703703704,0.3580246914,0.02469135802,0.07407407407,0.1111111111,0.0,0.0,0.02469135802,0.03703703704
1,1,0.8932038835,0.462962963,0.4259259259,0.0,0.05555555556,0.0,0.0,0.0,0.05555555556,0.0
1,1,0.8367346939,0.347826087,0.5869565217,0.0,0.0,0.0,0.0,0.0,0.0652173913,0.0
1,1,0.9291338583,0.4342105263,0.4736842105,0.0,0.0,0.0,0.0,0.0,0.09210526316,0.0
1,1,0.9245283019,0.3461538462,0.5192307692,0.0,0.01923076923,0.0,0.0,0.0,0.1153846154,0.0
1,1,0.9345794393,0.3703703704,0.537037037,0.01851851852,0.01851851852,0.0,0.0,0.0,0.05555555556,0.0
1,1,0.9444444444,0.3962264151,0.5094339623,0.0,0.01886792453,0.0,0.0,0.0,0.05660377358,0.01886792453
1,1,0.9245283019,0.3673469388,0.5306122449,0.0,0.02040816327,0.0,0.0,0.0,0.08163265306,0.0
1,1,0.9245283019,0.3818181818,0.5454545455,0.0,0.01818181818,0.0,0.0,0.0,0.05454545455,0.0
1,1,0.8976377953,0.5061728395,0.4320987654,0.03703703704,0.0,0.0,0.0,0.0,0.01234567901,0.01234567901
1,1,0.9312977099,0.4366197183,0.4788732394,0.04225352113,0.0,0.0,0.0,0.0,0.04225352113,0.0
1,1,0.864,0.4109589041,0.3835616438,0.05479452055,0.0,0.1095890411,0.0,0.0,0.04109589041,0.0
1,1,0.9147286822,0.4927536232,0.3768115942,0.01449275362,0.0,0.0,0.0,0.0,0.1014492754,0.01449275362
1,1,0.9245283019,0.24,0.58,0.0,0.02,0.0,0.0,0.0,0.14,0.02
1,1,0.9245283019,0.3673469388,0.5510204082,0.0,0.02040816327,0.0,0.0,0.0,0.04081632653,0.02040816327
1,1,0.88,0.4333333333,0.4,0.01666666667,0.0,0.05,0.0,0.0,0.1,0.0
1,1,0.9444444444,0.3928571429,0.5178571429,0.0,0.01785714286,0.0,0.0,0.0,0.07142857143,0.0
1,1,0.9142857143,0.3666666667,0.4333333333,0.0,0.01666666667,0.0,0.0,0.0,0.1333333333,0.05
1,1,0.9019607843,0.3137254902,0.5294117647,0.0,0.01960784314,0.0,0.0,0.0,0.09803921569,0.03921568627
1,1,0.8976377953,0.4657534247,0.4794520548,0.0,0.0,0.0,0.0,0.0,0.04109589041,0.01369863014
1,1,0.9245283019,0.3888888889,0.5,0.0,0.03703703704,0.0,0.0,0.0,0.07407407407,0.0
1,1,0.9541284404,0.3684210526,0.5438596491,0.0,0.01754385965,0.0,0.0,0.0,0.0701754386,0.0
1,1,0.9285714286,0.2978723404,0.09574468085,0.1063829787,0.3936170213,0.02127659574,0.0,0.0,0.08510638298,0.0
1,1,0.9133858268,0.406779661,0.5084745763,0.0,0.0,0.0,0.0,0.0,0.08474576271,0.0
1,1,0.9245283019,0.3898305085,0.5084745763,0.0,0.01694915254,0.0,0.0,0.0,0.06779661017,0.01694915254
1,1,0.9444444444,0.3653846154,0.5384615385,0.0,0.01923076923,0.0,0.0,0.0,0.07692307692,0.0
1,1,0.9245283019,0.3846153846,0.5192307692,0.0,0.01923076923,0.0,0.0,0.0,0.07692307692,0.0
1,1,0.9230769231,0.3684210526,0.6140350877,0.0,0.0,0.0,0.0,0.0,0.01754385965,0.0
1,1,0.8976377953,0.3970588235,0.3823529412,0.0,0.0,0.01470588235,0.0,0.0,0.1323529412,0.07352941176
1,1,0.8976377953,0.4520547945,0.4931506849,0.0,0.0,0.01369863014,0.0,0.0,0.04109589041,0.0
1,1,0.8976377953,0.447761194,0.4626865672,0.02985074627,0.01492537313,0.0,0.0,0.0,0.0447761194,0.0
1,1,0.9245283019,0.3333333333,0.5833333333,0.0,0.02083333333,0.0,0.0,0.0,0.0625,0.0
1,1,0.9038461538,0.4259259259,0.4814814815,0.0,0.01851851852,0.0,0.0,0.0,0.07407407407,0.0
1,1,0.8307692308,0.5915492958,0.3521126761,0.0,0.0,0.01408450704,0.0,0.01408450704,0.0,0.02816901408
1,1,0.8823529412,0.4230769231,0.3846153846,0.01923076923,0.01923076923,0.01923076923,0.0,0.0,0.09615384615,0.03846153846
1,1,0.9245283019,0.3928571429,0.4821428571,0.01785714286,0.01785714286,0.0,0.0,0.0,0.08928571429,0.0
1,1,0.9133858268,0.406779661,0.4915254237,0.0,0.0,0.0,0.0,0.0,0.1016949153,0.0
1,1,0.90625,0.4242424242,0.4545454545,0.0,0.0,0.0,0.0,0.0,0.1060606061,0.01515151515
1,1,0.9142857143,0.4137931034,0.4482758621,0.01724137931,0.03448275862,0.0,0.0,0.0,0.08620689655,0.0
1,1,0.9245283019,0.3859649123,0.4736842105,0.0,0.01754385965,0.0,0.0,0.0,0.1228070175,0.0
1,1,0.9541284404,0.2857142857,0.6031746032,0.0,0.01587301587,0.0,0.0,0.0,0.09523809524,0.0
1,1,0.9393939394,0.4756097561,0.4512195122,0.0,0.0,0.0,0.0,0.0,0.07317073171,0.0
1,1,0.9345794393,0.3793103448,0.4827586207,0.0,0.01724137931,0.0,0.0,0.0,0.1206896552,0.0
1,1,0.9230769231,0.3,0.56,0.02,0.04,0.0,0.0,0.0,0.08,0.0
1,1,0.9051094891,0.4571428571,0.5,0.0,0.0,0.0,0.0,0.0,0.02857142857,0.01428571429
1,1,0.90625,0.4411764706,0.3823529412,0.0,0.0,0.0,0.0,0.0,0.1176470588,0.05882352941
1,1,0.8932038835,0.32,0.56,0.0,0.0,0.0,0.0,0.0,0.12,0.0
1,1,0.8888888889,0.4848484848,0.4242424242,0.0,0.0,0.0,0.0,0.0,0.06060606061,0.0303030303
1,1,0.9345794393,0.3469387755,0.5510204082,0.0,0.02040816327,0.0,0.0,0.0,0.0612244898,0.02040816327
1,1,0.9206349206,0.4166666667,0.5,0.0,0.0,0.0,0.0,0.0,0.08333333333,0.0
1,1,0.9345794393,0.3272727273,0.5454545455,0.0,0.03636363636,0.0,0.0,0.0,0.09090909091,0.0
1,1,0.9345794393,0.4285714286,0.5178571429,0.0,0.01785714286,0.0,0.0,0.0,0.03571428571,0.0
1,1,0.9345794393,0.3214285714,0.5178571429,0.0,0.01785714286,0.0,0.0,0.0,0.1428571429,0.0
1,1,0.9142857143,0.4310344828,0.4655172414,0.01724137931,0.01724137931,0.0,0.0,0.0,0.06896551724,0.0
1,1,0.9433962264,0.3653846154,0.5192307692,0.0,0.01923076923,0.0,0.0,0.0,0.09615384615,0.0
1,1,0.9104477612,0.4235294118,0.4,0.02352941176,0.01176470588,0.07058823529,0.0,0.0,0.03529411765,0.03529411765
1,1,0.9523809524,0.375,0.546875,0.0,0.0,0.0,0.0,0.0,0.078125,0.0
1,1,0.9444444444,0.32,0.62,0.0,0.02,0.0,0.0,0.0,0.04,0.0
1,1,0.8932038835,0.2857142857,0.6071428571,0.0,0.01785714286,0.0,0.0,0.0,0.08928571429,0.0
1,1,0.9108910891,0.4035087719,0.5438596491,0.0,0.0,0.0,0.0,0.0,0.05263157895,0.0
1,1,0.9345794393,0.3703703704,0.5555555556,0.0,0.0,0.0,0.0,0.0,0.07407407407,0.0
1,1,0.9444444444,0.3333333333,0.619047619,0.0,0.01587301587,0.0,0.0,0.0,0.01587301587,0.01587301587
1,1,0.9245283019,0.3888888889,0.462962963,0.0,0.01851851852,0.0,0.0,0.0,0.1296296296,0.0
1,1,0.90625,0.4426229508,0.5081967213,0.0,0.0,0.01639344262,0.0,0.0,0.03278688525,0.0
1,1,0.9230769231,0.3965517241,0.5689655172,0.0,0.0,0.0,0.0,0.0,0.03448275862,0.0
1,1,0.9133858268,0.3636363636,0.5636363636,0.01818181818,0.0,0.0,0.0,0.0,0.05454545455,0.0
1,1,0.9420289855,0.4117647059,0.4705882353,0.0,0.01176470588,0.0,0.0,0.0,0.08235294118,0.02352941176
1,1,0.9444444444,0.4225352113,0.4929577465,0.0,0.01408450704,0.0,0.0,0.0,0.05633802817,0.01408450704
1,1,0.9147286822,0.4126984127,0.5238095238,0.0,0.0,0.01587301587,0.0,0.0,0.04761904762,0.0
1,1,0.9142857143,0.3846153846,0.5192307692,0.01923076923,0.01923076923,0.0,0.0,0.0,0.05769230769,0.0
1,1,0.9147286822,0.4923076923,0.4615384615,0.01538461538,0.0,0.0,0.0,0.0,0.03076923077,0.0
1,1,0.9433962264,0.3454545455,0.6363636364,0.0,0.0,0.0,0.0,0.0,0.01818181818,0.0
1,1,0.9423076923,0.320754717,0.5283018868,0.0,0.01886792453,0.0,0.0,0.0,0.1132075472,0.01886792453
1,1,0.9345794393,0.3518518519,0.5555555556,0.0,0.01851851852,0.0,0.0,0.0,0.07407407407,0.0
1,1,0.9242424242,0.4347826087,0.5072463768,0.0,0.0,0.0,0.0,0.0,0.05797101449,0.0
1,1,0.9142857143,0.4642857143,0.4464285714,0.0,0.01785714286,0.0,0.0,0.0,0.07142857143,0.0
1,1,0.8932038835,0.4,0.4888888889,0.0,0.04444444444,0.02222222222,0.0,0.0,0.04444444444,0.0
1,1,0.8571428571,0.4,0.3714285714,0.07142857143,0.0,0.0,0.0,0.0,0.1428571429,0.01428571429
1,1,0.88,0.5483870968,0.3709677419,0.01612903226,0.01612903226,0.0,0.0,0.0,0.04838709677,0.0
1,1,0.9444444444,0.375,0.5357142857,0.0,0.01785714286,0.0,0.0,0.0,0.05357142857,0.01785714286
1,1,0.9345794393,0.3518518519,0.5555555556,0.01851851852,0.01851851852,0.0,0.0,0.0,0.05555555556,0.0
1,1,0.9444444444,0.32,0.58,0.0,0.02,0.0,0.0,0.0,0.08,0.0
1,1,0.9130434783,0.4459459459,0.3513513514,0.0,0.01351351351,0.01351351351,0.0,0.0,0.1351351351,0.04054054054
1,1,0.9345794393,0.306122449,0.5918367347,0.0,0.02040816327,0.0,0.0,0.0,0.08163265306,0.0
1,1,0.9433962264,0.32,0.58,0.0,0.02,0.0,0.0,0.0,0.08,0.0
1,1,0.8888888889,0.515625,0.4375,0.0,0.0,0.015625,0.0,0.0,0.03125,0.0
1,1,0.8932038835,0.3260869565,0.5652173913,0.0,0.02173913043,0.0,0.0,0.0,0.0652173913,0.02173913043
1,1,0.9019607843,0.3103448276,0.5689655172,0.01724137931,0.0,0.0,0.0,0.0,0.1034482759,0.0
1,1,0.9019607843,0.3617021277,0.4042553191,0.0,0.02127659574,0.0,0.0,0.0,0.2127659574,0.0
1,1,0.8636363636,0.4461538462,0.4,0.07692307692,0.0,0.03076923077,0.0,0.0,0.04615384615,0.0
1,1,0.953271028,0.3970588235,0.5294117647,0.0,0.01470588235,0.0,0.0,0.0,0.05882352941,0.0
1,1,0.9105691057,0.3787878788,0.5,0.0,0.01515151515,0.0,0.0,0.0,0.1060606061,0.0
1,1,0.9444444444,0.3103448276,0.5689655172,0.0,0.03448275862,0.0,0.0,0.0,0.08620689655,0.0
1,1,0.9245283019,0.406779661,0.4745762712,0.0,0.01694915254,0.0,0.0,0.0,0.1016949153,0.0
1,1,0.9142857143,0.3387096774,0.564516129,0.0,0.0,0.0,0.0,0.0,0.09677419355,0.0
1,1,0.9393939394,0.4366197183,0.4929577465,0.01408450704,0.0,0.0,0.0,0.0,0.05633802817,0.0
1,1,0.9230769231,0.4444444444,0.5185185185,0.0,0.01851851852,0.0,0.0,0.0,0.01851851852,0.0
1,1,0.9126213592,0.306122449,0.5714285714,0.0,0.02040816327,0.0,0.0,0.0,0.1020408163,0.0
1,1,0.9142857143,0.4117647059,0.4901960784,0.01960784314,0.01960784314,0.0,0.0,0.0,0.05882352941,0.0
1,1,0.9126213592,0.3220338983,0.5762711864,0.0,0.01694915254,0.0,0.0,0.0,0.08474576271,0.0
1,1,0.9264705882,0.2,0.4941176471,0.1529411765,0.01176470588,0.0,0.0,0.0,0.04705882353,0.09411764706
1,1,0.9345794393,0.4,0.5090909091,0.01818181818,0.01818181818,0.0,0.0,0.0,0.03636363636,0.01818181818
1,1,0.8932038835,0.34,0.4,0.0,0.02,0.0,0.0,0.0,0.24,0.0
1,1,0.9147286822,0.4507042254,0.4084507042,0.0,0.0,0.0,0.0,0.0,0.0985915493,0.04225352113
1,1,0.9245283019,0.4333333333,0.45,0.0,0.01666666667,0.0,0.0,0.0,0.1,0.0
1,1,0.9345794393,0.40625,0.515625,0.0,0.03125,0.0,0.0,0.0,0.046875,0.0
1,1,0.8910891089,0.3333333333,0.568627451,0.0,0.03921568627,0.0,0.0,0.0,0.05882352941,0.0
1,1,0.9444444444,0.32,0.58,0.0,0.02,0.0,0.0,0.0,0.08,0.0
1,1,0.9147286822,0.393442623,0.5081967213,0.0,0.0,0.0,0.0,0.0,0.08196721311,0.01639344262
1,1,0.9504950495,0.3818181818,0.5272727273,0.01818181818,0.0,0.0,0.0,0.0,0.07272727273,0.0
1,1,0.9230769231,0.3898305085,0.5593220339,0.0,0.0,0.0,0.0,0.0,0.05084745763,0.0
1,1,0.9160305344,0.2117647059,0.5058823529,0.02352941176,0.01176470588,0.0,0.0,0.0,0.1647058824,0.08235294118
1,1,0.9444444444,0.34,0.56,0.0,0.02,0.0,0.0,0.0,0.08,0.0
1,1,0.9147286822,0.3898305085,0.5593220339,0.0,0.0,0.0,0.0,0.0,0.05084745763,0.0
1,1,0.8571428571,0.3095238095,0.5238095238,0.0,0.0,0.02380952381,0.0,0.0,0.1428571429,0.0
1,1,0.9245283019,0.3148148148,0.537037037,0.0,0.01851851852,0.0,0.0,0.0,0.1296296296,0.0
1,1,0.8932038835,0.3333333333,0.5,0.0,0.01851851852,0.0,0.0,0.0,0.09259259259,0.05555555556
1,1,0.824742268,0.3958333333,0.3958333333,0.0,0.0,0.04166666667,0.0,0.0,0.1666666667,0.0
1,1,0.90625,0.4430379747,0.4683544304,0.0,0.0,0.01265822785,0.0,0.0,0.07594936709,0.0
1,1,0.9245283019,0.32,0.56,0.0,0.02,0.0,0.0,0.0,0.1,0.0
1,1,0.9541284404,0.3965517241,0.5,0.0,0.01724137931,0.01724137931,0.0,0.0,0.05172413793,0.01724137931
1,1,0.9230769231,0.4333333333,0.45,0.0,0.01666666667,0.0,0.0,0.0,0.1,0.0
1,1,0.8721804511,0.3580246914,0.4074074074,0.06172839506,0.0,0.07407407407,0.0,0.0,0.0987654321,0.0
1,1,0.9352517986,0.4375,0.484375,0.015625,0.015625,0.0,0.0,0.0,0.03125,0.015625
1,1,0.9108910891,0.4509803922,0.4705882353,0.0,0.03921568627,0.0,0.0,0.0,0.03921568627,0.0
1,1,0.9622641509,0.421875,0.46875,0.0,0.015625,0.0,0.0,0.0,0.078125,0.015625
1,1,0.9019607843,0.2954545455,0.6136363636,0.0,0.0,0.0,0.0,0.0,0.09090909091,0.0
1,1,0.9230769231,0.3404255319,0.5531914894,0.0,0.02127659574,0.0,0.0,0.0,0.08510638298,0.0
1,1,0.9433962264,0.3636363636,0.5454545455,0.0,0.0,0.0,0.0,0.0,0.09090909091,0.0
1,1,0.9142857143,0.3023255814,0.5813953488,0.0,0.02325581395,0.0,0.0,0.0,0.09302325581,0.0
1,1,0.90625,0.4696969697,0.4848484848,0.0,0.0,0.0,0.0,0.0,0.04545454545,0.0
1,1,0.9038461538,0.4,0.5,0.0,0.02,0.0,0.0,0.0,0.08,0.0
1,1,0.9245283019,0.3673469388,0.5306122449,0.0,0.0612244898,0.0,0.0,0.0,0.04081632653,0.0
1,1,0.9172932331,0.4125,0.4625,0.0,0.0125,0.0,0.0,0.0,0.075,0.0375
1,1,0.9423076923,0.3898305085,0.5084745763,0.0,0.01694915254,0.0,0.0,0.0,0.06779661017,0.01694915254
1,1,0.9345794393,0.3709677419,0.5,0.0,0.03225806452,0.0,0.0,0.0,0.09677419355,0.0
1,1,0.9142857143,0.320754717,0.5471698113,0.0,0.01886792453,0.0,0.0,0.0,0.1132075472,0.0
1,1,0.9230769231,0.4655172414,0.4482758621,0.0,0.01724137931,0.0,0.0,0.0,0.05172413793,0.01724137931
1,1,0.9108910891,0.4130434783,0.5217391304,0.0,0.04347826087,0.0,0.0,0.0,0.02173913043,0.0
1,1,0.9345794393,0.4237288136,0.4745762712,0.01694915254,0.03389830508,0.0,0.0,0.0,0.05084745763,0.0
1,1,0.9291338583,0.3965517241,0.5517241379,0.0,0.0,0.0,0.0,0.0,0.05172413793,0.0
1,1,0.9345794393,0.2884615385,0.6346153846,0.0,0.03846153846,0.0,0.0,0.0,0.03846153846,0.0
1,1,0.9147286822,0.4939759036,0.4578313253,0.0,0.0,0.0,0.0,0.0,0.04819277108,0.0
1,1,0.8910891089,0.3928571429,0.4821428571,0.0,0.01785714286,0.0,0.0,0.0,0.1071428571,0.0
1,1,0.9022556391,0.4507042254,0.4225352113,0.05633802817,0.02816901408,0.01408450704,0.0,0.0,0.02816901408,0.0
1,1,0.9393939394,0.3731343284,0.5074626866,0.0,0.0,0.0,0.0,0.0,0.08955223881,0.02985074627
1,1,0.90625,0.4193548387,0.4838709677,0.01612903226,0.0,0.0,0.0,0.0,0.08064516129,0.0
1,1,0.9302325581,0.3793103448,0.5689655172,0.0,0.0,0.0,0.0,0.0,0.05172413793,0.0
1,1,0.896,0.4210526316,0.5,0.0,0.0,0.0,0.0,0.0,0.07894736842,0.0
1,1,0.9047619048,0.4166666667,0.45,0.0,0.0,0.01666666667,0.0,0.0,0.08333333333,0.03333333333
1,1,0.9230769231,0.4626865672,0.4626865672,0.0,0.0,0.01492537313,0.0,0.0,0.0447761194,0.01492537313
1,1,0.9444444444,0.1836734694,0.7142857143,0.0,0.0,0.0,0.0,0.0,0.1020408163,0.0
1,1,0.9444444444,0.4029850746,0.4179104478,0.0,0.02985074627,0.0,0.0,0.0,0.1044776119,0.0447761194
1,1,0.9345794393,0.4576271186,0.4745762712,0.0,0.01694915254,0.0,0.0,0.0,0.05084745763,0.0
1,1,0.9423076923,0.4098360656,0.4754098361,0.0,0.01639344262,0.0,0.0,0.0,0.09836065574,0.0
1,1,0.9411764706,0.4805194805,0.2337662338,0.01298701299,0.1168831169,0.02597402597,0.0,0.0,0.1168831169,0.01298701299
1,1,0.9444444444,0.3571428571,0.5357142857,0.01785714286,0.01785714286,0.0,0.0,0.0,0.07142857143,0.0
1,1,0.9345794393,0.3673469388,0.5306122449,0.0,0.02040816327,0.0,0.0,0.0,0.08163265306,0.0
1,1,0.9444444444,0.152173913,0.7608695652,0.0,0.0,0.0,0.0,0.0,0.08695652174,0.0
1,1,0.9230769231,0.375,0.4821428571,0.0,0.01785714286,0.01785714286,0.0,0.0,0.08928571429,0.01785714286
1,1,0.9147286822,0.484375,0.46875,0.0,0.0,0.0,0.0,0.0,0.046875,0.0
1,1,0.9038461538,0.3571428571,0.5714285714,0.0,0.0,0.0,0.0,0.0,0.07142857143,0.0
1,1,0.8448275862,0.3928571429,0.3928571429,0.0,0.0,0.0,0.0,0.0,0.1785714286,0.03571428571
1,1,0.8932038835,0.4642857143,0.4464285714,0.0,0.05357142857,0.0,0.0,0.0,0.03571428571,0.0
1,1,0.9230769231,0.393442623,0.4918032787,0.0,0.03278688525,0.0,0.0,0.0,0.08196721311,0.0
1,1,0.9245283019,0.4,0.4909090909,0.0,0.01818181818,0.0,0.0,0.0,0.07272727273,0.01818181818
1,1,0.8923076923,0.4722222222,0.3333333333,0.0,0.0,0.04166666667,0.0,0.0,0.1388888889,0.01388888889
1,1,0.9457364341,0.4352941176,0.4941176471,0.0,0.0,0.0,0.0,0.0,0.05882352941,0.01176470588
1,1,0.90625,0.4242424242,0.3787878788,0.01515151515,0.0,0.01515151515,0.0,0.0,0.1060606061,0.06060606061
1,1,0.9245283019,0.3703703704,0.5740740741,0.0,0.0,0.0,0.0,0.0,0.05555555556,0.0
1,1,0.9345794393,0.3793103448,0.4655172414,0.0,0.01724137931,0.01724137931,0.0,0.0,0.1034482759,0.01724137931
1,1,0.9142857143,0.3555555556,0.5111111111,0.0,0.02222222222,0.0,0.0,0.0,0.1111111111,0.0
1,1,0.9133858268,0.4415584416,0.4545454545,0.0,0.0,0.01298701299,0.0,0.0,0.09090909091,0.0
1,1,0.9245283019,0.3725490196,0.5098039216,0.0,0.01960784314,0.0,0.0,0.0,0.07843137255,0.01960784314
1,1,0.8932038835,0.3461538462,0.5,0.0,0.0,0.0,0.0,0.0,0.1538461538,0.0
1,1,0.9312977099,0.4107142857,0.5357142857,0.0,0.0,0.0,0.0,0.0,0.05357142857,0.0
1,1,0.9126213592,0.3606557377,0.5245901639,0.0,0.0,0.0,0.0,0.0,0.08196721311,0.03278688525
1,1,0.9172932331,0.4634146341,0.4268292683,0.0243902439,0.0,0.0,0.0,0.0,0.08536585366,0.0
1,1,0.9345794393,0.3673469388,0.5306122449,0.0,0.02040816327,0.0,0.0,0.0,0.0612244898,0.02040816327
1,1,0.9142857143,0.36,0.54,0.02,0.02,0.0,0.0,0.0,0.06,0.0
1,1,0.86,0.3913043478,0.4347826087,0.0,0.02173913043,0.02173913043,0.0,0.0,0.1304347826,0.0
1,1,0.9268292683,0.4025974026,0.4935064935,0.0,0.0,0.01298701299,0.0,0.0,0.09090909091,0.0
1,1,0.90625,0.298245614,0.6666666667,0.0,0.0,0.0,0.0,0.0,0.0350877193,0.0
1,1,0.9147286822,0.4342105263,0.5263157895,0.0,0.0,0.0,0.0,0.0,0.03947368421,0.0
1,1,0.9444444444,0.4210526316,0.4912280702,0.0,0.01754385965,0.0,0.0,0.0,0.0701754386,0.0
1,1,0.9345794393,0.4285714286,0.5178571429,0.0,0.0,0.0,0.0,0.0,0.05357142857,0.0
1,1,0.9345794393,0.3333333333,0.5185185185,0.0,0.01851851852,0.0,0.0,0.0,0.1296296296,0.0
1,1,0.9541284404,0.3333333333,0.568627451,0.0,0.01960784314,0.0,0.0,0.0,0.07843137255,0.0
1,1,0.9253731343,0.1951219512,0.5,0.1585365854,0.01219512195,0.0,0.0,0.0,0.0487804878,0.08536585366
1,1,0.9253731343,0.2325581395,0.476744186,0.05813953488,0.01162790698,0.0,0.0,0.0,0.04651162791,0.1744186047
1,1,0.9142857143,0.4727272727,0.4545454545,0.0,0.03636363636,0.0,0.0,0.0,0.03636363636,0.0
1,1,0.9345794393,0.4363636364,0.4545454545,0.0,0.01818181818,0.0,0.0,0.0,0.09090909091,0.0
1,1,0.9038461538,0.34,0.56,0.02,0.0,0.0,0.0,0.0,0.08,0.0
1,1,0.9142857143,0.3333333333,0.5416666667,0.0,0.02083333333,0.0,0.0,0.0,0.1041666667,0.0
1,1,0.90625,0.453125,0.46875,0.015625,0.0,0.0,0.0,0.0,0.0625,0.0
1,1,0.9541284404,0.4558823529,0.4117647059,0.02941176471,0.01470588235,0.0,0.0,0.0,0.07352941176,0.01470588235
1,1,0.9038461538,0.3333333333,0.6,0.0,0.0,0.0,0.0,0.0,0.06666666667,0.0
1,1,0.90625,0.4117647059,0.4264705882,0.01470588235,0.0,0.0,0.0,0.0,0.07352941176,0.07352941176
1,1,0.9206349206,0.4,0.4714285714,0.0,0.0,0.0,0.0,0.0,0.1285714286,0.0
1,1,0.9245283019,0.3529411765,0.5490196078,0.0,0.0,0.0,0.0,0.0,0.09803921569,0.0
1,1,0.9253731343,0.4,0.45,0.0125,0.0,0.0125,0.0,0.0,0.1125,0.0125
1,1,0.9312977099,0.4126984127,0.4920634921,0.0,0.0,0.0,0.0,0.0,0.09523809524,0.0
1,1,0.9345794393,0.3265306122,0.5714285714,0.0,0.02040816327,0.0,0.0,0.0,0.08163265306,0.0
1,1,0.9245283019,0.3888888889,0.5,0.0,0.01851851852,0.0,0.0,0.0,0.07407407407,0.01851851852
1,1,0.90625,0.3928571429,0.5714285714,0.0,0.0,0.0,0.0,0.0,0.03571428571,0.0
1,1,0.9444444444,0.3684210526,0.5263157895,0.0,0.01754385965,0.0,0.0,0.0,0.08771929825,0.0
1,1,0.9142857143,0.4,0.4363636364,0.0,0.01818181818,0.0,0.0,0.0,0.1090909091,0.03636363636
1,1,0.8932038835,0.4074074074,0.4074074074,0.01851851852,0.01851851852,0.01851851852,0.0,0.0,0.09259259259,0.03703703704
1,1,0.9245283019,0.3921568627,0.4901960784,0.0,0.01960784314,0.0,0.0,0.0,0.07843137255,0.01960784314
1,1,0.9245283019,0.358490566,0.5283018868,0.03773584906,0.01886792453,0.0,0.0,0.0,0.05660377358,0.0
1,1,0.9333333333,0.3548387097,0.6129032258,0.0,0.0,0.0,0.0,0.0,0.03225806452,0.0
1,1,0.8360655738,0.338028169,0.2957746479,0.2394366197,0.0,0.0,0.0,0.0,0.1126760563,0.01408450704
1,1,0.9245283019,0.4705882353,0.4509803922,0.0,0.01960784314,0.0,0.0,0.0,0.05882352941,0.0
1,1,0.9345794393,0.3529411765,0.568627451,0.0,0.01960784314,0.0,0.0,0.0,0.05882352941,0.0
1,1,0.9393939394,0.5,0.4418604651,0.0,0.0,0.0,0.0,0.0,0.05813953488,0.0
1,1,0.9433962264,0.2884615385,0.5769230769,0.0,0.01923076923,0.0,0.0,0.0,0.1153846154,0.0
1,1,0.8932038835,0.3518518519,0.4814814815,0.0,0.0,0.0,0.0,0.0,0.1481481481,0.01851851852
1,1,0.9142857143,0.4107142857,0.4107142857,0.01785714286,0.01785714286,0.01785714286,0.0,0.0,0.08928571429,0.03571428571
1,1,0.9038461538,0.4259259259,0.3888888889,0.01851851852,0.01851851852,0.01851851852,0.0,0.0,0.09259259259,0.03703703704
1,1,0.890625,0.4805194805,0.4805194805,0.01298701299,0.0,0.0,0.0,0.0,0.01298701299,0.01298701299
1,1,0.9345794393,0.3454545455,0.5090909091,0.01818181818,0.01818181818,0.0,0.0,0.0,0.1090909091,0.0
1,1,0.9126213592,0.3043478261,0.5652173913,0.0,0.02173913043,0.0,0.0,0.0,0.1086956522,0.0
1,1,0.9230769231,0.2272727273,0.4886363636,0.1136363636,0.01136363636,0.0,0.0,0.0,0.05681818182,0.1022727273
1,1,0.9622641509,0.4126984127,0.4603174603,0.0,0.0,0.0,0.0,0.0,0.1111111111,0.01587301587
1,1,0.9245283019,0.3174603175,0.5396825397,0.01587301587,0.0,0.0,0.0,0.0,0.126984127,0.0
1,1,0.9245283019,0.3018867925,0.5471698113,0.0,0.01886792453,0.0,0.0,0.0,0.1320754717,0.0
1,1,0.9541284404,0.4328358209,0.4626865672,0.0,0.01492537313,0.0,0.0,0.0,0.07462686567,0.01492537313
1,1,0.9076923077,0.5061728395,0.4197530864,0.0,0.0,0.0,0.0,0.0,0.07407407407,0.0
1,1,0.9147286822,0.4444444444,0.4761904762,0.01587301587,0.0,0.01587301587,0.0,0.0,0.04761904762,0.0
1,1,0.9230769231,0.4084507042,0.4225352113,0.0,0.0,0.0,0.0,0.0,0.1690140845,0.0
1,1,0.8976377953,0.4794520548,0.4657534247,0.0,0.0,0.01369863014,0.0,0.0,0.04109589041,0.0
1,1,0.9291338583,0.4375,0.5,0.0,0.0,0.0,0.0,0.0,0.0625,0.0
1,1,0.9333333333,0.3018867925,0.5660377358,0.0,0.01886792453,0.0,0.0,0.0,0.1132075472,0.0
1,1,0.9197080292,0.3333333333,0.3978494624,0.1182795699,0.0,0.01075268817,0.0,0.0,0.1290322581,0.01075268817
1,1,0.9245283019,0.358490566,0.4716981132,0.0,0.01886792453,0.03773584906,0.0,0.0,0.1132075472,0.0
1,1,0.9384615385,0.4939759036,0.4457831325,0.0,0.0,0.0,0.0,0.0,0.06024096386,0.0
1,1,0.9345794393,0.4,0.4666666667,0.03333333333,0.01666666667,0.0,0.0,0.0,0.08333333333,0.0
1,1,0.9444444444,0.3076923077,0.5769230769,0.0,0.01923076923,0.0,0.0,0.0,0.09615384615,0.0
1,1,0.9133858268,0.3913043478,0.4927536232,0.0,0.01449275362,0.0,0.0,0.0,0.1014492754,0.0
1,1,0.9514563107,0.4038461538,0.5,0.0,0.07692307692,0.0,0.0,0.0,0.01923076923,0.0
1,1,0.9312977099,0.4032258065,0.5161290323,0.0,0.0,0.0,0.0,0.0,0.08064516129,0.0
1,1,0.9142857143,0.3157894737,0.5964912281,0.0,0.0,0.0,0.0,0.0,0.08771929825,0.0
1,1,0.921875,0.4848484848,0.4696969697,0.0,0.0,0.0,0.0,0.0,0.04545454545,0.0
1,1,0.9245283019,0.4,0.4909090909,0.0,0.01818181818,0.0,0.0,0.0,0.09090909091,0.0
1,1,0.9230769231,0.225,0.4875,0.15,0.0125,0.0,0.0,0.0,0.05,0.075
1,1,0.8870967742,0.4285714286,0.4920634921,0.01587301587,0.0,0.0,0.0,0.0,0.06349206349,0.0
1,1,0.9147286822,0.4927536232,0.3768115942,0.0,0.0,0.0,0.0,0.0,0.1014492754,0.02898550725
1,1,0.9245283019,0.4285714286,0.4821428571,0.0,0.01785714286,0.0,0.0,0.0,0.07142857143,0.0
1,1,0.8976377953,0.4098360656,0.5081967213,0.03278688525,0.0,0.0,0.0,0.0,0.04918032787,0.0
1,1,0.9312977099,0.4736842105,0.5,0.0,0.0,0.0,0.0,0.0,0.02631578947,0.0
1,1,0.8976377953,0.4242424242,0.4848484848,0.0,0.0,0.01515151515,0.0,0.0,0.07575757576,0.0
1,1,0.9636363636,0.3571428571,0.5357142857,0.0,0.01785714286,0.0,0.0,0.0,0.08928571429,0.0
1,1,0.921875,0.4054054054,0.5405405405,0.01351351351,0.0,0.0,0.0,0.0,0.04054054054,0.0
1,1,0.9448818898,0.3684210526,0.5394736842,0.0,0.0,0.0,0.0,0.0,0.09210526316,0.0
1,1,0.9147286822,0.3548387097,0.5161290323,0.01612903226,0.0,0.0,0.0,0.0,0.09677419355,0.01612903226
1,1,0.9047619048,0.4054054054,0.4054054054,0.02702702703,0.01351351351,0.04054054054,0.0,0.0,0.05405405405,0.05405405405
1,1,0.9345794393,0.375,0.4821428571,0.0,0.01785714286,0.0,0.0,0.0,0.125,0.0
1,1,0.9433962264,0.3148148148,0.537037037,0.0,0.01851851852,0.0,0.0,0.0,0.1296296296,0.0
1,1,0.8823529412,0.4150943396,0.3962264151,0.01886792453,0.01886792453,0.01886792453,0.0,0.0,0.09433962264,0.03773584906
1,1,0.9142857143,0.3653846154,0.4615384615,0.0,0.01923076923,0.0,0.0,0.0,0.1538461538,0.0
1,1,0.9230769231,0.3265306122,0.5510204082,0.0,0.02040816327,0.0,0.0,0.0,0.1020408163,0.0
1,1,0.9142857143,0.45,0.4333333333,0.0,0.01666666667,0.0,0.0,0.0,0.06666666667,0.03333333333
1,1,0.9245283019,0.2941176471,0.5490196078,0.0,0.01960784314,0.0,0.0,0.0,0.137254902,0.0
1,1,0.9142857143,0.3220338983,0.593220339,0.0,0.0,0.0,0.0,0.0,0.08474576271,0.0
1,1,0.9444444444,0.3090909091,0.6181818182,0.0,0.01818181818,0.0,0.0,0.0,0.05454545455,0.0
1,1,0.8823529412,0.3636363636,0.3272727273,0.0,0.0,0.09090909091,0.0,0.0,0.2181818182,0.0
1,1,0.9090909091,0.3974358974,0.4743589744,0.03846153846,0.01282051282,0.02564102564,0.0,0.0,0.05128205128,0.0
1,1,0.9444444444,0.406779661,0.4745762712,0.01694915254,0.01694915254,0.0,0.0,0.0,0.08474576271,0.0
1,1,0.896,0.453125,0.40625,0.0,0.0,0.0,0.0,0.0,0.109375,0.03125
1,1,0.9345794393,0.4333333333,0.4333333333,0.0,0.01666666667,0.0,0.0,0.0,0.1166666667,0.0
1,1,0.9038461538,0.3703703704,0.462962963,0.01851851852,0.03703703704,0.0,0.0,0.0,0.1111111111,0.0
1,1,0.9245283019,0.3703703704,0.462962963,0.0,0.01851851852,0.0,0.0,0.0,0.1481481481,0.0
1,1,0.9444444444,0.3137254902,0.5882352941,0.0,0.01960784314,0.0,0.0,0.0,0.07843137255,0.0
1,1,0.9230769231,0.4285714286,0.3714285714,0.0,0.0,0.01428571429,0.0,0.0,0.1285714286,0.05714285714
1,1,0.9142857143,0.4,0.4363636364,0.0,0.03636363636,0.0,0.0,0.0,0.1090909091,0.01818181818
1,1,0.9393939394,0.4,0.4875,0.0,0.0125,0.0125,0.0,0.0,0.0875,0.0
1,1,0.9636363636,0.2833333333,0.65,0.0,0.01666666667,0.0,0.0,0.0,0.05,0.0
1,1,0.9007633588,0.5952380952,0.369047619,0.0,0.0,0.0,0.0,0.0,0.0,0.03571428571
1,1,0.9444444444,0.3396226415,0.5471698113,0.0,0.01886792453,0.0,0.0,0.0,0.09433962264,0.0
1,1,0.9444444444,0.32,0.56,0.0,0.02,0.0,0.0,0.0,0.1,0.0
1,1,0.9142857143,0.3404255319,0.5319148936,0.0,0.02127659574,0.0,0.0,0.0,0.1063829787,0.0
1,1,0.9433962264,0.3650793651,0.5873015873,0.0,0.0,0.0,0.0,0.0,0.04761904762,0.0
1,1,0.9345794393,0.3818181818,0.5272727273,0.0,0.01818181818,0.0,0.0,0.0,0.05454545455,0.01818181818
1,1,0.90625,0.4264705882,0.4705882353,0.01470588235,0.0,0.0,0.0,0.0,0.07352941176,0.01470588235
1,1,0.9142857143,0.38,0.48,0.0,0.02,0.0,0.0,0.0,0.12,0.0
1,1,0.9433962264,0.3333333333,0.568627451,0.0,0.01960784314,0.0,0.0,0.0,0.07843137255,0.0
1,1,0.86,0.3617021277,0.5319148936,0.0,0.0,0.0,0.0,0.0,0.1063829787,0.0
1,1,0.8780487805,0.5166666667,0.45,0.0,0.0,0.0,0.0,0.0,0.03333333333,0.0
1,1,0.890625,0.4675324675,0.3116883117,0.09090909091,0.0,0.06493506494,0.0,0.0,0.05194805195,0.01298701299
1,1,0.9038461538,0.3,0.56,0.0,0.02,0.0,0.0,0.0,0.12,0.0
1,1,0.9433962264,0.4181818182,0.5272727273,0.0,0.01818181818,0.0,0.0,0.0,0.03636363636,0.0
1,1,0.921875,0.453125,0.46875,0.0,0.0,0.015625,0.0,0.0,0.046875,0.015625
1,1,0.9230769231,0.4722222222,0.4305555556,0.0,0.0,0.0,0.0,0.0,0.06944444444,0.02777777778
1,1,0.9142857143,0.3846153846,0.5,0.0,0.03846153846,0.0,0.0,0.0,0.03846153846,0.03846153846
1,1,0.9245283019,0.4423076923,0.5,0.0,0.01923076923,0.0,0.0,0.0,0.03846153846,0.0
1,1,0.9393939394,0.4942528736,0.4367816092,0.0,0.0,0.0,0.0,0.0,0.06896551724,0.0
1,1,0.9345794393,0.3898305085,0.4745762712,0.0,0.01694915254,0.0,0.0,0.0,0.08474576271,0.03389830508
1,1,0.9275362319,0.4285714286,0.4761904762,0.0,0.01587301587,0.0,0.0,0.0,0.07936507937,0.0
1,1,0.9433962264,0.3469387755,0.5714285714,0.0,0.02040816327,0.0,0.0,0.0,0.0612244898,0.0
1,1,0.8837209302,0.256097561,0.3780487805,0.2073170732,0.01219512195,0.0,0.0,0.0,0.1341463415,0.01219512195
1,1,0.9185185185,0.3510638298,0.414893617,0.04255319149,0.0,0.1063829787,0.0,0.0,0.08510638298,0.0
1,1,0.9007633588,0.1851851852,0.4938271605,0.1604938272,0.01234567901,0.0,0.0,0.0,0.04938271605,0.0987654321
1,1,0.9126213592,0.306122449,0.5714285714,0.0,0.02040816327,0.0,0.0,0.0,0.1020408163,0.0
1,1,0.9523809524,0.4,0.4666666667,0.0,0.01666666667,0.0,0.0,0.0,0.1,0.01666666667
1,1,0.9345794393,0.3076923077,0.5576923077,0.01923076923,0.01923076923,0.0,0.0,0.0,0.09615384615,0.0
1,1,0.9038461538,0.3666666667,0.4333333333,0.0,0.01666666667,0.0,0.0,0.0,0.1333333333,0.05
1,1,0.9444444444,0.3148148148,0.5555555556,0.0,0.01851851852,0.0,0.0,0.0,0.1111111111,0.0
1,1,0.8823529412,0.42,0.5,0.0,0.04,0.0,0.0,0.0,0.04,0.0
1,1,0.9142857143,0.4237288136,0.4406779661,0.0,0.01694915254,0.0,0.0,0.0,0.1186440678,0.0
1,1,0.9365079365,0.4054054054,0.527027027,0.0,0.0,0.0,0.0,0.0,0.06756756757,0.0
1,1,0.9142857143,0.3559322034,0.4576271186,0.0,0.01694915254,0.0,0.0,0.0,0.1186440678,0.05084745763
1,1,0.9208633094,0.5227272727,0.4090909091,0.0,0.01136363636,0.0,0.0,0.0,0.05681818182,0.0
1,1,0.9552238806,0.1958762887,0.381443299,0.2886597938,0.0,0.0,0.0,0.0,0.1340206186,0.0
1,1,0.9230769231,0.4264705882,0.4852941176,0.01470588235,0.0,0.0,0.0,0.0,0.07352941176,0.0
1,1,0.9126213592,0.3137254902,0.568627451,0.0,0.01960784314,0.0,0.0,0.0,0.09803921569,0.0
1,1,0.9126213592,0.4181818182,0.4,0.01818181818,0.01818181818,0.01818181818,0.0,0.0,0.09090909091,0.03636363636
1,1,0.8976377953,0.4383561644,0.4794520548,0.01369863014,0.0,0.0,0.0,0.0,0.06849315068,0.0
1,1,0.8484848485,0.4468085106,0.4680851064,0.0,0.04255319149,0.0,0.0,0.0,0.04255319149,0.0
1,1,0.9444444444,0.3333333333,0.5362318841,0.0,0.0,0.0,0.0,0.0,0.1304347826,0.0
1,1,0.9147286822,0.4307692308,0.4769230769,0.03076923077,0.0,0.01538461538,0.0,0.0,0.04615384615,0.0
1,1,0.9245283019,0.4444444444,0.5,0.0,0.0,0.0,0.0,0.0,0.05555555556,0.0
1,1,0.9302325581,0.4719101124,0.4494382022,0.01123595506,0.01123595506,0.0,0.0,0.0,0.03370786517,0.02247191011
1,1,0.9126213592,0.3888888889,0.537037037,0.0,0.01851851852,0.0,0.0,0.0,0.05555555556,0.0
1,1,0.9090909091,0.3875,0.3625,0.2375,0.0,0.0,0.0,0.0,0.0125,0.0
1,1,0.9142857143,0.3913043478,0.5,0.0,0.02173913043,0.0,0.0,0.0,0.08695652174,0.0
1,1,0.9126213592,0.4035087719,0.5789473684,0.0,0.0,0.0,0.0,0.0,0.01754385965,0.0
1,1,0.9361702128,0.4024390244,0.4634146341,0.0,0.01219512195,0.01219512195,0.0,0.0,0.1097560976,0.0
1,1,0.9032258065,0.3928571429,0.5535714286,0.0,0.0,0.0,0.0,0.0,0.05357142857,0.0
1,1,0.9133858268,0.4029850746,0.5223880597,0.0,0.0,0.01492537313,0.0,0.0,0.0447761194,0.01492537313
1,1,0.9245283019,0.3548387097,0.5967741935,0.0,0.0,0.0,0.0,0.0,0.04838709677,0.0
1,1,0.9541284404,0.3392857143,0.5357142857,0.0,0.01785714286,0.0,0.0,0.0,0.08928571429,0.01785714286
1,1,0.9245283019,0.4029850746,0.4328358209,0.0,0.02985074627,0.0,0.0,0.0,0.1343283582,0.0
1,1,0.9345794393,0.32,0.56,0.0,0.02,0.0,0.0,0.0,0.1,0.0
1,1,0.9245283019,0.4259259259,0.5,0.01851851852,0.01851851852,0.0,0.0,0.0,0.03703703704,0.0
1,1,0.9090909091,0.3406593407,0.4065934066,0.05494505495,0.0,0.0,0.0,0.0,0.1978021978,0.0
1,1,0.9245283019,0.3220338983,0.593220339,0.01694915254,0.0,0.0,0.0,0.0,0.06779661017,0.0
1,1,0.9133858268,0.45,0.5,0.0,0.0,0.0,0.0,0.0,0.05,0.0
1,1,0.9245283019,0.3962264151,0.4905660377,0.0,0.01886792453,0.0,0.0,0.0,0.09433962264,0.0
1,1,0.9375,0.4827586207,0.4367816092,0.0,0.0,0.0,0.0,0.0,0.08045977011,0.0
1,1,0.9345794393,0.3818181818,0.5090909091,0.0,0.01818181818,0.0,0.0,0.0,0.07272727273,0.01818181818
1,1,0.9133858268,0.3965517241,0.5,0.0,0.0,0.0,0.0,0.0,0.1034482759,0.0
1,1,0.9142857143,0.4081632653,0.5510204082,0.0,0.0,0.0,0.0,0.0,0.04081632653,0.0
1,1,0.9142857143,0.2745098039,0.5490196078,0.0,0.01960784314,0.0,0.0,0.0,0.137254902,0.01960784314
1,1,0.9206349206,0.4264705882,0.4852941176,0.0,0.0,0.0,0.0,0.0,0.08823529412,0.0
1,1,0.896,0.4918032787,0.4590163934,0.0,0.0,0.01639344262,0.0,0.0,0.03278688525,0.0
1,1,0.9333333333,0.4375,0.45,0.0,0.0125,0.0,0.0,0.0,0.0875,0.0125
1,1,0.9365079365,0.323943662,0.5774647887,0.0,0.0,0.0,0.0,0.0,0.0985915493,0.0
1,1,0.9245283019,0.3389830508,0.5762711864,0.0,0.0,0.0,0.0,0.0,0.08474576271,0.0
1,1,0.9333333333,0.36,0.54,0.02,0.02,0.0,0.0,0.0,0.06,0.0
1,1,0.9245283019,0.40625,0.421875,0.0,0.015625,0.0,0.0,0.0,0.125,0.03125
1,1,0.9245283019,0.4035087719,0.4736842105,0.0,0.01754385965,0.0,0.0,0.0,0.08771929825,0.01754385965
1,1,0.953271028,0.3220338983,0.593220339,0.0,0.01694915254,0.0,0.0,0.0,0.06779661017,0.0
1,1,0.9345794393,0.3673469388,0.5918367347,0.0,0.0,0.0,0.0,0.0,0.04081632653,0.0
1,1,0.8910891089,0.5090909091,0.4,0.01818181818,0.01818181818,0.0,0.0,0.0,0.05454545455,0.0
1,1,0.9433962264,0.3636363636,0.4909090909,0.0,0.01818181818,0.0,0.0,0.0,0.1272727273,0.0
1,1,0.9230769231,0.4939759036,0.4578313253,0.0,0.0,0.0,0.0,0.0,0.04819277108,0.0
1,1,0.7899159664,0.3965517241,0.4655172414,0.0,0.0,0.01724137931,0.0,0.0,0.1206896552,0.0
1,1,0.9312977099,0.4264705882,0.4705882353,0.0,0.0,0.0,0.0,0.0,0.07352941176,0.02941176471
1,1,0.8910891089,0.4375,0.4791666667,0.0,0.04166666667,0.0,0.0,0.0,0.04166666667,0.0
1,1,0.9230769231,0.4259259259,0.537037037,0.0,0.0,0.0,0.0,0.0,0.03703703704,0.0
1,1,0.9433962264,0.3921568627,0.5294117647,0.0,0.01960784314,0.0,0.0,0.0,0.05882352941,0.0
1,1,0.8976377953,0.5079365079,0.4603174603,0.0,0.0,0.0,0.0,0.0,0.03174603175,0.0
1,1,0.90625,0.406779661,0.5593220339,0.0,0.0,0.0,0.0,0.0,0.03389830508,0.0
1,1,0.9038461538,0.3962264151,0.4905660377,0.0,0.01886792453,0.0,0.0,0.0,0.09433962264,0.0
1,1,0.9345794393,0.2857142857,0.6607142857,0.0,0.0,0.0,0.0,0.0,0.05357142857,0.0
1,1,0.9622641509,0.3125,0.59375,0.0,0.0,0.0,0.0,0.0,0.09375,0.0
1,1,0.9245283019,0.375,0.5,0.01785714286,0.01785714286,0.0,0.0,0.0,0.08928571429,0.0
1,1,0.9133858268,0.2093023256,0.5,0.1279069767,0.01162790698,0.0,0.0,0.0,0.04651162791,0.1046511628
1,1,0.9047619048,0.4032258065,0.5161290323,0.01612903226,0.0,0.0,0.0,0.0,0.04838709677,0.01612903226
1,1,0.9433962264,0.3793103448,0.5,0.03448275862,0.01724137931,0.0,0.0,0.0,0.06896551724,0.0
1,1,0.9215686275,0.2978723404,0.5957446809,0.0,0.02127659574,0.0,0.0,0.0,0.08510638298,0.0
1,1,0.90625,0.375,0.4285714286,0.0,0.0,0.0,0.0,0.0,0.1964285714,0.0
1,1,0.8943089431,0.4761904762,0.4761904762,0.01587301587,0.0,0.0,0.0,0.0,0.03174603175,0.0
1,1,0.9047619048,0.4782608696,0.4202898551,0.01449275362,0.0,0.01449275362,0.0,0.0,0.04347826087,0.02898550725
1,1,0.9245283019,0.4464285714,0.4642857143,0.0,0.03571428571,0.0,0.0,0.0,0.05357142857,0.0
1,1,0.9230769231,0.3866666667,0.52,0.0,0.01333333333,0.0,0.0,0.0,0.08,0.0
1,1,0.9473684211,0.4805194805,0.5064935065,0.0,0.0,0.0,0.0,0.0,0.01298701299,0.0
1,1,0.8976377953,0.3793103448,0.5344827586,0.01724137931,0.0,0.0,0.0,0.0,0.06896551724,0.0
1,1,0.9264705882,0.1904761905,0.5,0.1547619048,0.0119047619,0.0,0.0,0.0,0.04761904762,0.09523809524
1,1,0.9541284404,0.3448275862,0.6034482759,0.0,0.0,0.0,0.0,0.0,0.05172413793,0.0
1,1,0.9312977099,0.3728813559,0.5762711864,0.0,0.0,0.0,0.0,0.0,0.05084745763,0.0
1,1,0.9423076923,0.2653061224,0.5918367347,0.0,0.02040816327,0.0,0.0,0.0,0.1224489796,0.0
1,1,0.9473684211,0.4571428571,0.4714285714,0.0,0.0,0.0,0.0,0.0,0.07142857143,0.0
1,1,0.9142857143,0.4210526316,0.4210526316,0.01754385965,0.01754385965,0.01754385965,0.0,0.0,0.0701754386,0.0350877193
1,1,0.9312977099,0.488372093,0.4651162791,0.0,0.0,0.0,0.0,0.0,0.03488372093,0.01162790698
1,1,0.9147286822,0.4857142857,0.4,0.01428571429,0.0,0.01428571429,0.0,0.0,0.07142857143,0.01428571429
1,1,0.8932038835,0.4509803922,0.4705882353,0.0,0.03921568627,0.0,0.0,0.0,0.03921568627,0.0
1,1,0.8932038835,0.3684210526,0.4736842105,0.0,0.0,0.0,0.0,0.0,0.1578947368,0.0
1,1,0.9245283019,0.4032258065,0.435483871,0.0,0.01612903226,0.0,0.0,0.0,0.1129032258,0.03225806452
1,1,0.868852459,0.3866666667,0.3466666667,0.09333333333,0.0,0.01333333333,0.0,0.0,0.16,0.0
1,1,0.9444444444,0.4126984127,0.4761904762,0.03174603175,0.01587301587,0.0,0.0,0.0,0.04761904762,0.01587301587
1,1,0.9636363636,0.3448275862,0.5689655172,0.01724137931,0.01724137931,0.0,0.0,0.0,0.05172413793,0.0
1,1,0.9444444444,0.3898305085,0.5084745763,0.01694915254,0.01694915254,0.0,0.0,0.0,0.06779661017,0.0
1,1,0.9622641509,0.4126984127,0.4603174603,0.0,0.0,0.0,0.0,0.0,0.1111111111,0.01587301587
1,1,0.9245283019,0.3962264151,0.5094339623,0.0,0.01886792453,0.0,0.0,0.0,0.07547169811,0.0
1,1,0.9345794393,0.3728813559,0.5762711864,0.0,0.0,0.0,0.0,0.0,0.05084745763,0.0
1,1,0.9345794393,0.4464285714,0.4464285714,0.0,0.01785714286,0.0,0.0,0.0,0.08928571429,0.0
1,1,0.8870967742,0.4492753623,0.5072463768,0.0,0.0,0.0,0.0,0.0,0.04347826087,0.0
1,1,0.9444444444,0.3404255319,0.5531914894,0.0,0.02127659574,0.0,0.0,0.0,0.08510638298,0.0
1,1,0.9230769231,0.3898305085,0.5593220339,0.0,0.0,0.0,0.0,0.0,0.05084745763,0.0
1,1,0.9275362319,0.3176470588,0.4352941176,0.08235294118,0.0,0.01176470588,0.0,0.0,0.07058823529,0.08235294118
1,1,0.90625,0.4428571429,0.5,0.0,0.0,0.01428571429,0.0,0.0,0.04285714286,0.0
1,1,0.9230769231,0.3962264151,0.4905660377,0.0,0.01886792453,0.0,0.0,0.0,0.09433962264,0.0
1,1,0.9444444444,0.3571428571,0.5178571429,0.0,0.01785714286,0.0,0.0,0.0,0.08928571429,0.01785714286
1,1,0.8976377953,0.4193548387,0.5161290323,0.0,0.0,0.0,0.0,0.0,0.06451612903,0.0
1,1,0.9245283019,0.34375,0.546875,0.0,0.015625,0.0,0.0,0.0,0.09375,0.0
1,1,0.8932038835,0.3962264151,0.4716981132,0.0,0.01886792453,0.0,0.0,0.0,0.09433962264,0.01886792453
1,1,0.9393939394,0.4230769231,0.4743589744,0.01282051282,0.0,0.0,0.0,0.0,0.08974358974,0.0
1,1,0.90625,0.4285714286,0.4920634921,0.01587301587,0.0,0.0,0.0,0.0,0.06349206349,0.0
1,1,0.9444444444,0.3148148148,0.5740740741,0.03703703704,0.01851851852,0.0,0.0,0.0,0.05555555556,0.0
1,1,0.9142857143,0.4,0.45,0.0,0.01666666667,0.0,0.0,0.0,0.1166666667,0.01666666667
1,1,0.8571428571,0.5,0.4074074074,0.01851851852,0.0,0.01851851852,0.0,0.0,0.05555555556,0.0
1,1,0.9051094891,0.3943661972,0.4507042254,0.0,0.0,0.0,0.01408450704,0.0,0.1126760563,0.02816901408
1,1,0.9147286822,0.3857142857,0.4285714286,0.0,0.0,0.0,0.0,0.0,0.1857142857,0.0
1,1,0.9245283019,0.2608695652,0.6304347826,0.02173913043,0.02173913043,0.0,0.0,0.0,0.0652173913,0.0
1,1,0.9038461538,0.4736842105,0.4385964912,0.01754385965,0.01754385965,0.0,0.0,0.0,0.05263157895,0.0
1,1,0.9345794393,0.358490566,0.5094339623,0.0,0.01886792453,0.0,0.0,0.0,0.1132075472,0.0
1,1,0.9444444444,0.3870967742,0.5161290323,0.0,0.01612903226,0.0,0.0,0.0,0.06451612903,0.01612903226
1,1,0.9444444444,0.4029850746,0.4776119403,0.0,0.02985074627,0.0,0.0,0.0,0.08955223881,0.0
1,1,0.9245283019,0.2909090909,0.6545454545,0.0,0.0,0.0,0.0,0.0,0.05454545455,0.0
1,1,0.9160305344,0.3974358974,0.5256410256,0.01282051282,0.0,0.0,0.0,0.0,0.0641025641,0.0
1,1,0.9541284404,0.4754098361,0.4590163934,0.0,0.01639344262,0.0,0.0,0.0,0.03278688525,0.01639344262
1,1,0.9230769231,0.4482758621,0.4827586207,0.0,0.0,0.0,0.0,0.0,0.06896551724,0.0
1,1,0.8031496063,0.5084745763,0.406779661,0.0,0.0,0.0,0.0,0.0,0.0,0.08474576271
1,1,0.9444444444,0.3392857143,0.5535714286,0.01785714286,0.01785714286,0.0,0.0,0.0,0.07142857143,0.0
1,1,0.9126213592,0.4259259259,0.5185185185,0.0,0.01851851852,0.0,0.0,0.0,0.03703703704,0.0
1,1,0.8852459016,0.4516129032,0.4516129032,0.0,0.0,0.0,0.0,0.0,0.09677419355,0.0
1,1,0.9345794393,0.32,0.56,0.0,0.02,0.0,0.0,0.0,0.1,0.0
1,1,0.90625,0.5384615385,0.4307692308,0.0,0.0,0.0,0.0,0.0,0.03076923077,0.0
1,1,0.9615384615,0.3137254902,0.5490196078,0.0,0.01960784314,0.0,0.0,0.0,0.1176470588,0.0
1,1,0.932038835,0.298245614,0.4385964912,0.0,0.01754385965,0.0,0.0,0.0,0.2456140351,0.0
1,1,0.9126213592,0.4098360656,0.4426229508,0.0,0.03278688525,0.0,0.0,0.0,0.1147540984,0.0
1,1,0.9245283019,0.3571428571,0.5178571429,0.0,0.01785714286,0.0,0.0,0.0,0.1071428571,0.0
1,1,0.9245283019,0.28,0.54,0.0,0.04,0.0,0.0,0.0,0.14,0.0
1,1,0.9411764706,0.2197802198,0.3626373626,0.3076923077,0.0,0.0,0.0,0.0,0.1098901099,0.0
1,1,0.90625,0.4375,0.4875,0.0,0.0,0.0,0.0,0.0,0.075,0.0
1,1,0.9345794393,0.3529411765,0.568627451,0.0,0.01960784314,0.0,0.0,0.0,0.03921568627,0.01960784314
1,1,0.9245283019,0.34,0.54,0.0,0.02,0.0,0.0,0.0,0.1,0.0
1,1,0.9444444444,0.358490566,0.5471698113,0.01886792453,0.01886792453,0.0,0.0,0.0,0.05660377358,0.0
1,1,0.9245283019,0.3898305085,0.4576271186,0.0,0.01694915254,0.01694915254,0.0,0.0,0.1016949153,0.01694915254
1,1,0.9245283019,0.3673469388,0.5510204082,0.0,0.02040816327,0.0,0.0,0.0,0.0612244898,0.0
1,1,0.921875,0.3714285714,0.5142857143,0.0,0.01428571429,0.0,0.0,0.0,0.1,0.0
1,1,0.9312977099,0.3924050633,0.5316455696,0.01265822785,0.0,0.0,0.0,0.0,0.06329113924,0.0
1,1,0.9147286822,0.4461538462,0.4923076923,0.0,0.0,0.0,0.0,0.0,0.06153846154,0.0
1,1,0.9230769231,0.3469387755,0.5510204082,0.0,0.02040816327,0.0,0.0,0.0,0.08163265306,0.0
1,1,0.9558823529,0.32,0.05,0.01,0.59,0.0,0.0,0.0,0.03,0.0
1,1,0.921875,0.4459459459,0.4864864865,0.01351351351,0.0,0.0,0.0,0.0,0.02702702703,0.02702702703
1,1,0.90625,0.4415584416,0.4675324675,0.01298701299,0.0,0.0,0.0,0.0,0.06493506494,0.01298701299
1,1,0.9245283019,0.4642857143,0.4464285714,0.01785714286,0.01785714286,0.0,0.0,0.0,0.05357142857,0.0
1,1,0.9117647059,0.4615384615,0.4461538462,0.0,0.01538461538,0.01538461538,0.0,0.0,0.06153846154,0.0
1,1,0.9423076923,0.2954545455,0.6136363636,0.0,0.02272727273,0.0,0.0,0.0,0.06818181818,0.0
1,1,0.9312977099,0.4880952381,0.4285714286,0.0,0.0,0.0,0.0,0.0,0.08333333333,0.0
1,1,0.921875,0.4492753623,0.4492753623,0.01449275362,0.0,0.0,0.0,0.0,0.07246376812,0.01449275362
1,1,0.9142857143,0.3962264151,0.4716981132,0.0,0.01886792453,0.0,0.0,0.0,0.1132075472,0.0
1,1,0.9302325581,0.4852941176,0.4705882353,0.0,0.0,0.0,0.0,0.0,0.04411764706,0.0
1,1,0.9245283019,0.3928571429,0.5,0.03571428571,0.01785714286,0.0,0.0,0.0,0.05357142857,0.0
1,1,0.9090909091,0.4571428571,0.4142857143,0.05714285714,0.02857142857,0.01428571429,0.0,0.0,0.02857142857,0.0
1,1,0.9444444444,0.2884615385,0.6346153846,0.0,0.03846153846,0.0,0.0,0.0,0.03846153846,0.0
1,1,0.9393939394,0.4146341463,0.512195122,0.01219512195,0.0,0.0,0.0,0.0,0.06097560976,0.0
1,1,0.9142857143,0.3404255319,0.6170212766,0.0,0.0,0.0,0.0,0.0,0.04255319149,0.0
1,1,0.9133858268,0.4714285714,0.4857142857,0.0,0.01428571429,0.0,0.0,0.0,0.02857142857,0.0
1,1,0.9142857143,0.4339622642,0.4716981132,0.0,0.03773584906,0.0,0.0,0.0,0.05660377358,0.0
1,1,0.9444444444,0.4237288136,0.4915254237,0.0,0.01694915254,0.0,0.0,0.0,0.06779661017,0.0
1,1,0.90625,0.4166666667,0.5166666667,0.01666666667,0.0,0.0,0.0,0.0,0.05,0.0
1,1,0.9245283019,0.3333333333,0.5625,0.0,0.02083333333,0.0,0.0,0.0,0.08333333333,0.0
1,1,0.8976377953,0.435483871,0.4677419355,0.01612903226,0.0,0.0,0.0,0.0,0.08064516129,0.0
1,1,0.9345794393,0.3728813559,0.4915254237,0.01694915254,0.01694915254,0.0,0.0,0.0,0.08474576271,0.01694915254
1,1,0.9295774648,0.25,0.4782608696,0.03260869565,0.01086956522,0.0,0.0,0.0,0.1630434783,0.0652173913
1,1,0.9444444444,0.32,0.58,0.0,0.02,0.0,0.0,0.0,0.08,0.0
1,1,0.9142857143,0.4181818182,0.4545454545,0.0,0.01818181818,0.0,0.0,0.0,0.1090909091,0.0
1,1,0.9126213592,0.347826087,0.5434782609,0.0,0.02173913043,0.0,0.0,0.0,0.08695652174,0.0
1,1,0.9444444444,0.3333333333,0.568627451,0.0,0.01960784314,0.0,0.0,0.0,0.07843137255,0.0
1,1,0.9444444444,0.3888888889,0.5185185185,0.0,0.01851851852,0.01851851852,0.0,0.0,0.05555555556,0.0
1,1,0.9245283019,0.3023255814,0.6046511628,0.0,0.02325581395,0.0,0.0,0.0,0.06976744186,0.0
1,1,0.9345794393,0.3770491803,0.4918032787,0.0,0.03278688525,0.0,0.0,0.0,0.09836065574,0.0
1,1,0.9312977099,0.4098360656,0.5245901639,0.0,0.0,0.0,0.0,0.0,0.06557377049,0.0
1,1,0.9245283019,0.4137931034,0.4482758621,0.01724137931,0.03448275862,0.0,0.0,0.0,0.08620689655,0.0
1,1,0.9444444444,0.3898305085,0.5084745763,0.0,0.01694915254,0.0,0.0,0.0,0.08474576271,0.0
1,1,0.7899159664,0.3709677419,0.2419354839,0.2096774194,0.0,0.01612903226,0.0,0.0,0.1129032258,0.04838709677
1,1,0.9142857143,0.4,0.5454545455,0.0,0.01818181818,0.0,0.0,0.0,0.03636363636,0.0
1,1,0.9142857143,0.358490566,0.5283018868,0.01886792453,0.01886792453,0.0,0.0,0.0,0.07547169811,0.0
1,1,0.9142857143,0.3396226415,0.5283018868,0.0,0.01886792453,0.0,0.0,0.0,0.1132075472,0.0
1,1,0.9160305344,0.4814814815,0.4197530864,0.0,0.0,0.0,0.0,0.0,0.0987654321,0.0
1,1,0.9393939394,0.3287671233,0.5753424658,0.0,0.01369863014,0.0,0.0,0.0,0.08219178082,0.0
1,1,0.8333333333,0.431372549,0.4901960784,0.0,0.03921568627,0.0,0.0,0.0,0.01960784314,0.01960784314
1,1,0.8888888889,0.5081967213,0.4590163934,0.0,0.0,0.0,0.0,0.0,0.03278688525,0.0
1,1,0.8484848485,0.3846153846,0.4230769231,0.0,0.0,0.03846153846,0.0,0.0,0.1538461538,0.0
1,1,0.9206349206,0.3783783784,0.5405405405,0.0,0.0,0.0,0.0,0.0,0.08108108108,0.0
1,1,0.9230769231,0.3454545455,0.5090909091,0.0,0.01818181818,0.01818181818,0.0,0.0,0.1090909091,0.0
1,1,0.8,0.6274509804,0.3333333333,0.03921568627,0.0,0.0,0.0,0.0,0.0,0.0
1,1,0.9245283019,0.306122449,0.5714285714,0.0,0.02040816327,0.0,0.0,0.0,0.1020408163,0.0
1,1,0.9147286822,0.4025974026,0.5324675325,0.0,0.0,0.0,0.0,0.0,0.06493506494,0.0
1,1,0.9384615385,0.4545454545,0.5,0.0,0.0,0.0,0.0,0.0,0.04545454545,0.0
1,1,0.8943089431,0.5084745763,0.4406779661,0.0,0.0,0.0,0.0,0.0,0.05084745763,0.0
1,1,0.9541284404,0.3529411765,0.5441176471,0.0,0.01470588235,0.0,0.0,0.0,0.07352941176,0.01470588235
1,1,0.9142857143,0.3148148148,0.5,0.0,0.01851851852,0.0,0.0,0.0,0.1111111111,0.05555555556
1,1,0.9147286822,0.4,0.5,0.0,0.0,0.0,0.0,0.0,0.1,0.0
1,1,0.9133858268,0.5,0.4473684211,0.0,0.01315789474,0.0,0.0,0.0,0.03947368421,0.0
1,1,0.9147286822,0.4507042254,0.4366197183,0.0,0.0,0.01408450704,0.0,0.0,0.0985915493,0.0
1,1,0.9473684211,0.4558823529,0.4705882353,0.0,0.0,0.0,0.0,0.0,0.07352941176,0.0
1,1,0.9333333333,0.1904761905,0.5,0.1547619048,0.0119047619,0.0,0.0,0.0,0.04761904762,0.09523809524
1,1,0.9245283019,0.3272727273,0.4909090909,0.0,0.01818181818,0.0,0.0,0.0,0.1090909091,0.05454545455
1,1,0.9541284404,0.3768115942,0.4347826087,0.0,0.02898550725,0.0,0.0,0.0,0.115942029,0.04347826087
1,1,0.9230769231,0.4666666667,0.4133333333,0.01333333333,0.0,0.01333333333,0.0,0.0,0.06666666667,0.02666666667
1,1,0.9142857143,0.3,0.56,0.0,0.02,0.0,0.0,0.0,0.12,0.0
1,1,0.9333333333,0.2777777778,0.5925925926,0.0,0.03703703704,0.0,0.0,0.0,0.09259259259,0.0
1,1,0.8823529412,0.38,0.52,0.0,0.02,0.0,0.0,0.0,0.08,0.0
1,1,0.9142857143,0.36,0.54,0.0,0.02,0.0,0.0,0.0,0.06,0.02
1,1,0.9345794393,0.3518518519,0.537037037,0.0,0.01851851852,0.0,0.0,0.0,0.09259259259,0.0
1,1,0.90625,0.4027777778,0.3611111111,0.01388888889,0.01388888889,0.0,0.0,0.0,0.1666666667,0.04166666667
1,1,0.9312977099,0.4571428571,0.4571428571,0.01428571429,0.0,0.0,0.0,0.0,0.07142857143,0.0
1,1,0.8571428571,0.4776119403,0.328358209,0.08955223881,0.0,0.0,0.0,0.0,0.08955223881,0.01492537313
1,1,0.9245283019,0.3148148148,0.537037037,0.01851851852,0.01851851852,0.0,0.0,0.0,0.1111111111,0.0
1,1,0.88,0.4761904762,0.4444444444,0.0,0.03174603175,0.0,0.0,0.0,0.04761904762,0.0
1,1,0.9541284404,0.3859649123,0.5087719298,0.0,0.01754385965,0.0,0.0,0.0,0.08771929825,0.0
1,1,0.9345794393,0.3846153846,0.5384615385,0.0,0.01923076923,0.0,0.0,0.0,0.03846153846,0.01923076923
1,1,0.9312977099,0.4415584416,0.5194805195,0.0,0.01298701299,0.0,0.0,0.0,0.02597402597,0.0
1,1,0.8932038835,0.387755102,0.4693877551,0.0,0.02040816327,0.0,0.0,0.0,0.1224489796,0.0
1,1,0.9230769231,0.4109589041,0.5205479452,0.0,0.0,0.01369863014,0.0,0.0,0.05479452055,0.0
1,1,0.9345794393,0.359375,0.53125,0.0,0.015625,0.0,0.0,0.0,0.09375,0.0
1,1,0.9142857143,0.3157894737,0.6140350877,0.0,0.0,0.0,0.0,0.0,0.0701754386,0.0
1,1,0.9291338583,0.5068493151,0.4794520548,0.0,0.0,0.0,0.0,0.0,0.01369863014,0.0
1,1,0.9583333333,0.2424242424,0.202020202,0.1414141414,0.3535353535,0.0,0.0,0.0,0.06060606061,0.0
1,1,0.9185185185,0.4054054054,0.3918918919,0.04054054054,0.04054054054,0.05405405405,0.0,0.0,0.02702702703,0.04054054054
1,1,0.9541284404,0.4237288136,0.5084745763,0.0,0.01694915254,0.0,0.0,0.0,0.05084745763,0.0
1,1,0.9147286822,0.5316455696,0.4556962025,0.0,0.0,0.0,0.0,0.0,0.01265822785,0.0
1,1,0.9345794393,0.4035087719,0.5087719298,0.0,0.01754385965,0.0,0.0,0.0,0.0701754386,0.0
1,1,0.9105691057,0.3965517241,0.5172413793,0.0,0.0,0.0,0.0,0.0,0.08620689655,0.0
1,1,0.9444444444,0.3773584906,0.5283018868,0.0,0.01886792453,0.0,0.0,0.0,0.05660377358,0.01886792453
1,1,0.9345794393,0.3404255319,0.5531914894,0.0,0.0,0.0,0.0,0.02127659574,0.08510638298,0.0
1,1,0.9019607843,0.3653846154,0.5192307692,0.01923076923,0.01923076923,0.0,0.0,0.0,0.07692307692,0.0
1,1,0.9345794393,0.2941176471,0.5882352941,0.0,0.0,0.0,0.0,0.0,0.1176470588,0.0
1,1,0.972972973,0.303030303,0.5909090909,0.0,0.0,0.0,0.0,0.0,0.09090909091,0.01515151515
1,1,0.9345794393,0.3818181818,0.4909090909,0.01818181818,0.01818181818,0.0,0.0,0.0,0.09090909091,0.0
1,1,0.9275362319,0.4137931034,0.2988505747,0.1494252874,0.0,0.0,0.0,0.0,0.1379310345,0.0
1,1,0.9393939394,0.4,0.55,0.0,0.0,0.0,0.0,0.0,0.05,0.0
1,1,0.9245283019,0.3703703704,0.5,0.0,0.01851851852,0.0,0.0,0.0,0.09259259259,0.01851851852
1,1,0.9444444444,0.4307692308,0.4615384615,0.0,0.01538461538,0.0,0.0,0.0,0.07692307692,0.01538461538
1,1,0.8888888889,0.4029850746,0.5074626866,0.01492537313,0.0,0.0,0.0,0.0,0.07462686567,0.0
1,1,0.9345794393,0.358490566,0.5283018868,0.0,0.01886792453,0.0,0.0,0.0,0.09433962264,0.0
1,1,0.9203539823,0.4202898551,0.5072463768,0.0,0.0,0.0,0.0,0.0,0.07246376812,0.0
1,1,0.9230769231,0.4090909091,0.5151515152,0.01515151515,0.0,0.0,0.0,0.0,0.06060606061,0.0
1,1,0.9245283019,0.3148148148,0.537037037,0.01851851852,0.01851851852,0.0,0.0,0.0,0.07407407407,0.03703703704
1,1,0.9038461538,0.3529411765,0.5294117647,0.0,0.01960784314,0.0,0.0,0.0,0.09803921569,0.0
1,1,0.9345794393,0.4210526316,0.5087719298,0.0,0.01754385965,0.0,0.0,0.0,0.05263157895,0.0
1,1,0.848,0.4647887324,0.323943662,0.07042253521,0.05633802817,0.0,0.0,0.0,0.07042253521,0.01408450704
1,1,0.9038461538,0.3962264151,0.4905660377,0.0,0.01886792453,0.0,0.0,0.0,0.07547169811,0.01886792453
1,1,0.9312977099,0.4492753623,0.4782608696,0.0,0.0,0.0,0.0,0.0,0.07246376812,0.0
1,1,0.9197080292,0.5138888889,0.3888888889,0.0,0.01388888889,0.0,0.0,0.0,0.08333333333,0.0
1,1,0.9245283019,0.3928571429,0.4821428571,0.01785714286,0.03571428571,0.0,0.0,0.0,0.07142857143,0.0
1,1,0.9444444444,0.3636363636,0.5272727273,0.03636363636,0.01818181818,0.0,0.0,0.0,0.05454545455,0.0
1,1,0.9133858268,0.4615384615,0.4153846154,0.0,0.0,0.0,0.0,0.0,0.1076923077,0.01538461538
1,1,0.9345794393,0.4426229508,0.4098360656,0.0,0.01639344262,0.0,0.0,0.0,0.09836065574,0.03278688525
1,1,0.9312977099,0.4032258065,0.5322580645,0.01612903226,0.0,0.0,0.0,0.0,0.03225806452,0.01612903226
1,1,0.9345794393,0.3272727273,0.5454545455,0.0,0.01818181818,0.0,0.0,0.0,0.1090909091,0.0
1,1,0.9345794393,0.4461538462,0.4461538462,0.0,0.01538461538,0.0,0.0,0.0,0.07692307692,0.01538461538
1,1,0.9185185185,0.2023809524,0.4880952381,0.1547619048,0.0119047619,0.0,0.0,0.0,0.04761904762,0.09523809524
1,1,0.9245283019,0.435483871,0.435483871,0.0,0.01612903226,0.0,0.0,0.0,0.1129032258,0.0
1,1,0.9038461538,0.3333333333,0.4791666667,0.0,0.02083333333,0.0,0.0,0.0,0.1666666667,0.0
1,1,0.9444444444,0.3333333333,0.537037037,0.01851851852,0.01851851852,0.0,0.0,0.0,0.09259259259,0.0
1,1,0.9142857143,0.3962264151,0.5094339623,0.0,0.01886792453,0.0,0.0,0.0,0.05660377358,0.01886792453
1,1,0.9433962264,0.3225806452,0.564516129,0.0,0.01612903226,0.0,0.0,0.0,0.09677419355,0.0
1,1,0.9523809524,0.4193548387,0.4516129032,0.0,0.0,0.0,0.0,0.0,0.1129032258,0.01612903226
1,1,0.8888888889,0.45,0.35,0.0,0.0,0.0,0.0,0.0,0.1833333333,0.01666666667
1,1,0.9038461538,0.4074074074,0.4259259259,0.01851851852,0.01851851852,0.01851851852,0.0,0.0,0.07407407407,0.03703703704
1,1,0.9444444444,0.4230769231,0.5,0.0,0.01923076923,0.0,0.0,0.0,0.05769230769,0.0
1,1,0.9345794393,0.4166666667,0.45,0.0,0.01666666667,0.01666666667,0.0,0.0,0.08333333333,0.01666666667
1,1,0.9402985075,0.4,0.3529411765,0.2352941176,0.0,0.0,0.0,0.0,0.01176470588,0.0
1,1,0.9245283019,0.3888888889,0.5,0.0,0.01851851852,0.0,0.0,0.0,0.09259259259,0.0
1,1,0.9019607843,0.3541666667,0.5208333333,0.0,0.0625,0.0,0.0,0.0,0.0625,0.0
1,1,0.9197080292,0.4743589744,0.3205128205,0.0,0.01282051282,0.0,0.0,0.0,0.1666666667,0.02564102564
1,1,0.9230769231,0.4534883721,0.476744186,0.02325581395,0.0,0.0,0.0,0.0,0.03488372093,0.01162790698
1,1,0.9142857143,0.4727272727,0.4545454545,0.0,0.03636363636,0.0,0.0,0.0,0.03636363636,0.0
1,1,0.8976377953,0.435483871,0.5,0.01612903226,0.0,0.0,0.0,0.0,0.04838709677,0.0
1,1,0.9064748201,0.5,0.4242424242,0.0,0.0303030303,0.0,0.0,0.0,0.04545454545,0.0
1,1,0.9333333333,0.4262295082,0.4754098361,0.0,0.01639344262,0.0,0.0,0.0,0.06557377049,0.01639344262
1,1,0.9245283019,0.3333333333,0.5185185185,0.0,0.01851851852,0.0,0.0,0.0,0.1296296296,0.0
1,1,0.8932038835,0.2888888889,0.6222222222,0.0,0.0,0.0,0.0,0.0,0.08888888889,0.0
1,1,0.9230769231,0.3896103896,0.4805194805,0.0,0.0,0.0,0.0,0.0,0.1038961039,0.02597402597
1,1,0.921875,0.4324324324,0.4864864865,0.0,0.01351351351,0.0,0.0,0.0,0.06756756757,0.0
1,1,0.9142857143,0.2545454545,0.6363636364,0.01818181818,0.01818181818,0.0,0.0,0.0,0.07272727273,0.0
1,1,0.9345794393,0.4166666667,0.45,0.0,0.01666666667,0.0,0.0,0.0,0.1166666667,0.0
1,1,0.9047619048,0.4920634921,0.4761904762,0.0,0.0,0.0,0.0,0.0,0.03174603175,0.0
1,1,0.9245283019,0.3333333333,0.5185185185,0.0,0.01851851852,0.0,0.0,0.0,0.1296296296,0.0
1,1,0.9245283019,0.4426229508,0.4262295082,0.0,0.01639344262,0.0,0.0,0.0,0.08196721311,0.03278688525
1,1,0.9038461538,0.4038461538,0.4807692308,0.01923076923,0.01923076923,0.0,0.0,0.0,0.07692307692,0.0
1,1,0.9076923077,0.4814814815,0.4444444444,0.0,0.0,0.0,0.0,0.0,0.07407407407,0.0
1,1,0.9142857143,0.4590163934,0.4262295082,0.0,0.01639344262,0.0,0.0,0.0,0.06557377049,0.03278688525
1,1,0.928,0.393442623,0.5081967213,0.0,0.0,0.0,0.0,0.0,0.09836065574,0.0
1,1,0.9185185185,0.2023809524,0.4880952381,0.1547619048,0.0119047619,0.0,0.0,0.0,0.04761904762,0.09523809524
1,1,0.9142857143,0.4181818182,0.5090909091,0.0,0.01818181818,0.0,0.0,0.0,0.05454545455,0.0
1,1,0.9142857143,0.3728813559,0.5593220339,0.0,0.0,0.0,0.0,0.0,0.06779661017,0.0
1,1,0.9208633094,0.4722222222,0.4444444444,0.0,0.01388888889,0.01388888889,0.0,0.0,0.05555555556,0.0
1,1,0.9275362319,0.4927536232,0.4782608696,0.0,0.01449275362,0.0,0.0,0.0,0.01449275362,0.0
1,1,0.9333333333,0.4,0.5090909091,0.01818181818,0.01818181818,0.0,0.0,0.0,0.03636363636,0.01818181818
1,1,0.9105691057,0.4626865672,0.447761194,0.0,0.02985074627,0.0,0.0,0.0,0.05970149254,0.0
1,1,0.9203539823,0.3921568627,0.5098039216,0.0,0.0,0.0,0.0,0.0,0.09803921569,0.0
1,1,0.9230769231,0.32,0.54,0.0,0.02,0.0,0.0,0.0,0.12,0.0
1,1,0.9038461538,0.2884615385,0.5384615385,0.0,0.01923076923,0.0,0.0,0.0,0.09615384615,0.05769230769
1,1,0.8852459016,0.4210526316,0.5087719298,0.0,0.0350877193,0.0,0.0,0.0,0.01754385965,0.01754385965
1,1,0.8503937008,0.5161290323,0.3548387097,0.1290322581,0.0,0.0,0.0,0.0,0.0,0.0
1,1,0.953271028,0.3802816901,0.4788732394,0.0,0.0,0.0,0.0,0.0,0.1267605634,0.01408450704
1,1,0.9285714286,0.4383561644,0.397260274,0.0,0.01369863014,0.01369863014,0.0,0.0,0.09589041096,0.04109589041
1,1,0.9047619048,0.4637681159,0.5072463768,0.0,0.0,0.0,0.0,0.0,0.02898550725,0.0
1,1,0.9230769231,0.3898305085,0.5254237288,0.0,0.0,0.0,0.0,0.0,0.08474576271,0.0
1,1,0.9245283019,0.421875,0.53125,0.0,0.0,0.0,0.0,0.0,0.046875,0.0
1,1,0.9147286822,0.3928571429,0.5357142857,0.0,0.0,0.0,0.0,0.0,0.07142857143,0.0
1,1,0.9245283019,0.38,0.56,0.0,0.04,0.0,0.0,0.0,0.02,0.0
1,1,0.9345794393,0.3333333333,0.5625,0.0,0.02083333333,0.0,0.0,0.0,0.08333333333,0.0
1,1,0.9230769231,0.358490566,0.5094339623,0.01886792453,0.01886792453,0.0,0.0,0.0,0.07547169811,0.01886792453
1,1,0.9230769231,0.3272727273,0.6181818182,0.0,0.0,0.0,0.0,0.0,0.05454545455,0.0
1,1,0.9172932331,0.2159090909,0.4886363636,0.125,0.01136363636,0.0,0.0,0.0,0.05681818182,0.1022727273
1,1,0.8828828829,0.4032258065,0.564516129,0.0,0.0,0.0,0.0,0.0,0.03225806452,0.0
1,1,0.9345794393,0.4137931034,0.5,0.0,0.01724137931,0.0,0.0,0.0,0.05172413793,0.01724137931
1,1,0.9142857143,0.435483871,0.435483871,0.0,0.01612903226,0.0,0.0,0.0,0.1129032258,0.0
1,1,0.9444444444,0.3125,0.5833333333,0.0,0.02083333333,0.0,0.0,0.0,0.08333333333,0.0
1,1,0.90625,0.4,0.5166666667,0.0,0.0,0.0,0.0,0.0,0.08333333333,0.0
1,1,0.90625,0.4647887324,0.4507042254,0.0,0.01408450704,0.0,0.0,0.0,0.07042253521,0.0
1,1,0.8976377953,0.4333333333,0.4833333333,0.01666666667,0.0,0.0,0.0,0.0,0.06666666667,0.0
1,1,0.9245283019,0.4210526316,0.4736842105,0.0,0.01754385965,0.0,0.0,0.0,0.0701754386,0.01754385965
1,1,0.9245283019,0.3529411765,0.5294117647,0.01960784314,0.01960784314,0.0,0.0,0.0,0.07843137255,0.0
1,1,0.9345794393,0.3541666667,0.5625,0.0,0.02083333333,0.0,0.0,0.0,0.0625,0.0
1,1,0.832,0.453125,0.375,0.109375,0.0,0.0,0.0,0.0,0.0625,0.0
1,1,0.921875,0.4210526316,0.5394736842,0.0,0.0,0.0,0.0,0.0,0.03947368421,0.0
1,1,0.9444444444,0.3529411765,0.5294117647,0.0,0.01960784314,0.0,0.0,0.0,0.09803921569,0.0
1,1,0.9047619048,0.421875,0.5,0.015625,0.0,0.0,0.0,0.0,0.0625,0.0
1,1,0.9345794393,0.3333333333,0.5185185185,0.0,0.01851851852,0.0,0.0,0.0,0.1296296296,0.0
1,1,0.9038461538,0.3529411765,0.5294117647,0.0,0.01960784314,0.0,0.0,0.0,0.09803921569,0.0
1,1,0.9245283019,0.3928571429,0.4821428571,0.0,0.01785714286,0.0,0.0,0.0,0.1071428571,0.0
1,1,0.9038461538,0.2978723404,0.5957446809,0.02127659574,0.02127659574,0.0,0.0,0.0,0.06382978723,0.0
1,1,0.8932038835,0.3090909091,0.4909090909,0.0,0.01818181818,0.0,0.0,0.0,0.1818181818,0.0
1,1,0.9147286822,0.4615384615,0.4769230769,0.0,0.0,0.0,0.0,0.0,0.06153846154,0.0
1,1,0.9345794393,0.320754717,0.5471698113,0.0,0.01886792453,0.0,0.0,0.0,0.1132075472,0.0
1,1,0.8976377953,0.5428571429,0.3428571429,0.0,0.0,0.05714285714,0.0,0.05714285714,0.0,0.0
1,1,0.9253731343,0.1951219512,0.5,0.1585365854,0.01219512195,0.0,0.0,0.0,0.0487804878,0.08536585366
1,1,0.9333333333,0.390625,0.421875,0.0,0.015625,0.0,0.0,0.0,0.140625,0.03125
1,1,0.9230769231,0.4578313253,0.4578313253,0.0,0.0,0.0,0.0,0.0,0.0843373494,0.0
1,1,0.9444444444,0.32,0.56,0.0,0.02,0.0,0.0,0.0,0.1,0.0
1,1,0.9206349206,0.4864864865,0.4324324324,0.01351351351,0.0,0.0,0.0,0.0,0.05405405405,0.01351351351
1,1,0.9,0.3829787234,0.4680851064,0.0,0.02127659574,0.0,0.0,0.0,0.1276595745,0.0
1,1,0.9142857143,0.3043478261,0.5652173913,0.0,0.02173913043,0.0,0.0,0.0,0.1086956522,0.0
1,1,0.9345794393,0.406779661,0.4576271186,0.0,0.01694915254,0.0,0.0,0.0,0.1186440678,0.0
1,1,0.8976377953,0.4406779661,0.4915254237,0.01694915254,0.0,0.0,0.0,0.0,0.05084745763,0.0
1,1,0.9444444444,0.3859649123,0.5087719298,0.0,0.01754385965,0.0,0.0,0.0,0.0701754386,0.01754385965
1,1,0.9242424242,0.4078947368,0.5394736842,0.01315789474,0.0,0.0,0.0,0.0,0.03947368421,0.0
1,1,0.8721804511,0.4852941176,0.3676470588,0.0,0.0,0.0,0.0,0.1323529412,0.01470588235,0.0
1,1,0.9345794393,0.375,0.46875,0.0,0.03125,0.0,0.0,0.0,0.125,0.0
1,1,0.9038461538,0.3793103448,0.5,0.0,0.01724137931,0.0,0.0,0.0,0.1034482759,0.0
1,1,0.8976377953,0.4603174603,0.4761904762,0.0,0.0,0.0,0.0,0.0,0.06349206349,0.0
1,1,0.9333333333,0.4745762712,0.4237288136,0.0,0.01694915254,0.0,0.0,0.0,0.06779661017,0.01694915254
1,1,0.90625,0.4936708861,0.4556962025,0.0,0.0,0.01265822785,0.0,0.0,0.03797468354,0.0
1,1,0.9230769231,0.350877193,0.5263157895,0.0,0.0350877193,0.0,0.0,0.0,0.08771929825,0.0
1,1,0.9142857143,0.38,0.52,0.0,0.02,0.0,0.0,0.0,0.08,0.0
1,1,0.9636363636,0.4406779661,0.5084745763,0.0,0.01694915254,0.0,0.0,0.0,0.03389830508,0.0
1,1,0.9333333333,0.3518518519,0.5185185185,0.0,0.01851851852,0.0,0.0,0.0,0.1111111111,0.0
1,1,0.9541284404,0.3857142857,0.5285714286,0.0,0.01428571429,0.0,0.0,0.0,0.07142857143,0.0
1,1,0.8787878788,0.3939393939,0.4242424242,0.0,0.0,0.0,0.0,0.1666666667,0.01515151515,0.0
1,1,0.921875,0.4027777778,0.5694444444,0.0,0.0,0.0,0.0,0.0,0.02777777778,0.0
1,1,0.9038461538,0.3,0.54,0.0,0.02,0.0,0.0,0.0,0.14,0.0
1,1,0.9285714286,0.4691358025,0.4197530864,0.0,0.01234567901,0.01234567901,0.0,0.0,0.08641975309,0.0
1,1,0.9142857143,0.3333333333,0.4901960784,0.0,0.01960784314,0.0,0.0,0.0,0.1568627451,0.0
1,1,0.9444444444,0.4464285714,0.4464285714,0.0,0.01785714286,0.0,0.0,0.0,0.08928571429,0.0
1,1,0.9245283019,0.2941176471,0.568627451,0.0,0.01960784314,0.0,0.0,0.0,0.1176470588,0.0
1,1,0.9333333333,0.3962264151,0.5283018868,0.0,0.01886792453,0.0,0.0,0.0,0.05660377358,0.0
1,1,0.9142857143,0.4736842105,0.4385964912,0.0,0.01754385965,0.0,0.0,0.0,0.0701754386,0.0
1,1,0.9345794393,0.3684210526,0.5087719298,0.01754385965,0.01754385965,0.0,0.0,0.0,0.08771929825,0.0
1,1,0.9345794393,0.4285714286,0.4603174603,0.0,0.01587301587,0.0,0.0,0.0,0.06349206349,0.03174603175
1,1,0.8636363636,0.484375,0.453125,0.0,0.0,0.0,0.0,0.046875,0.015625,0.0
1,1,0.9345794393,0.34,0.56,0.02,0.02,0.0,0.0,0.0,0.06,0.0
1,1,0.9230769231,0.4743589744,0.4230769231,0.01282051282,0.01282051282,0.0,0.0,0.0,0.07692307692,0.0
1,1,0.9345794393,0.3333333333,0.5833333333,0.0,0.02083333333,0.0,0.0,0.0,0.0625,0.0
1,1,0.9523809524,0.4307692308,0.4307692308,0.0,0.01538461538,0.0,0.0,0.0,0.1230769231,0.0
1,1,0.9245283019,0.3404255319,0.5957446809,0.0,0.02127659574,0.0,0.0,0.0,0.04255319149,0.0
1,1,0.9245283019,0.4210526316,0.4035087719,0.0,0.0,0.05263157895,0.0,0.0,0.1228070175,0.0
1,1,0.90625,0.3818181818,0.5818181818,0.0,0.0,0.0,0.0,0.0,0.03636363636,0.0
1,1,0.8888888889,0.4444444444,0.4603174603,0.01587301587,0.0,0.0,0.0,0.0,0.07936507937,0.0
1,1,0.9333333333,0.390625,0.53125,0.0,0.0,0.0,0.0,0.0,0.078125,0.0
1,1,0.9245283019,0.3454545455,0.5454545455,0.0,0.01818181818,0.0,0.0,0.0,0.09090909091,0.0
1,1,0.8721804511,0.447761194,0.552238806,0.0,0.0,0.0,0.0,0.0,0.0,0.0
1,1,0.8703703704,0.3888888889,0.537037037,0.0,0.0,0.0,0.0,0.0,0.07407407407,0.0
1,1,0.9245283019,0.4107142857,0.5178571429,0.0,0.03571428571,0.0,0.0,0.0,0.03571428571,0.0
1,1,0.9312977099,0.4109589041,0.5068493151,0.01369863014,0.0,0.0,0.0,0.0,0.06849315068,0.0
1,1,0.9345794393,0.4032258065,0.4677419355,0.0,0.01612903226,0.0,0.0,0.0,0.1129032258,0.0
1,1,0.9230769231,0.4390243902,0.4634146341,0.01219512195,0.0,0.0,0.0,0.0,0.06097560976,0.0243902439
1,1,0.9636363636,0.3384615385,0.6,0.01538461538,0.01538461538,0.0,0.0,0.0,0.03076923077,0.0
1,1,0.896,0.4366197183,0.4929577465,0.0,0.0,0.01408450704,0.0,0.0,0.05633802817,0.0
1,1,0.9019607843,0.431372549,0.4509803922,0.0,0.03921568627,0.0,0.0,0.0,0.07843137255,0.0
1,1,0.9333333333,0.393442623,0.4754098361,0.0,0.03278688525,0.0,0.0,0.0,0.09836065574,0.0
1,1,0.9345794393,0.358490566,0.5471698113,0.0,0.01886792453,0.0,0.0,0.0,0.05660377358,0.01886792453
1,1,0.859375,0.453125,0.546875,0.0,0.0,0.0,0.0,0.0,0.0,0.0
1,1,0.8833333333,0.3888888889,0.5,0.0,0.01851851852,0.0,0.0,0.0,0.09259259259,0.0
1,1,0.9230769231,0.4736842105,0.4385964912,0.01754385965,0.01754385965,0.0,0.0,0.0,0.05263157895,0.0
1,1,0.9333333333,0.3396226415,0.5660377358,0.01886792453,0.01886792453,0.0,0.0,0.0,0.05660377358,0.0
1,1,0.9160305344,0.4305555556,0.375,0.0,0.0,0.0,0.0,0.0,0.1527777778,0.04166666667
1,1,0.9541284404,0.3529411765,0.568627451,0.0,0.01960784314,0.0,0.0,0.0,0.05882352941,0.0
1,1,0.9541284404,0.3684210526,0.5614035088,0.0,0.01754385965,0.0,0.0,0.0,0.05263157895,0.0
1,1,0.9245283019,0.406779661,0.5084745763,0.0,0.01694915254,0.0,0.0,0.0,0.06779661017,0.0
1,1,0.9142857143,0.3076923077,0.5576923077,0.0,0.01923076923,0.0,0.0,0.0,0.1153846154,0.0
1,1,0.90625,0.3650793651,0.5555555556,0.0,0.01587301587,0.0,0.0,0.0,0.06349206349,0.0
1,1,0.9245283019,0.3148148148,0.6111111111,0.0,0.0,0.0,0.0,0.0,0.05555555556,0.01851851852
1,1,0.8636363636,0.447761194,0.552238806,0.0,0.0,0.0,0.0,0.0,0.0,0.0
1,1,0.9333333333,0.3548387097,0.6129032258,0.0,0.0,0.0,0.0,0.0,0.03225806452,0.0
1,1,0.9142857143,0.3559322034,0.5254237288,0.0,0.03389830508,0.0,0.0,0.0,0.08474576271,0.0
1,1,0.9230769231,0.358490566,0.5283018868,0.0,0.01886792453,0.0,0.0,0.0,0.09433962264,0.0
1,1,0.9345794393,0.4310344828,0.5,0.0,0.01724137931,0.0,0.0,0.0,0.05172413793,0.0
1,1,0.9444444444,0.4333333333,0.5166666667,0.0,0.0,0.0,0.0,0.0,0.05,0.0
1,1,0.9230769231,0.3968253968,0.4444444444,0.0,0.03174603175,0.0,0.0,0.0,0.126984127,0.0
1,1,0.9361702128,0.5066666667,0.4133333333,0.0,0.01333333333,0.0,0.0,0.0,0.06666666667,0.0
1,1,0.8976377953,0.4,0.4833333333,0.01666666667,0.0,0.0,0.0,0.0,0.06666666667,0.03333333333
1,1,0.90625,0.4035087719,0.5263157895,0.0,0.0,0.0,0.0,0.0,0.0701754386,0.0
1,1,0.8888888889,0.4590163934,0.3114754098,0.0,0.0,0.01639344262,0.0,0.0,0.2131147541,0.0
1,1,0.9130434783,0.5,0.5,0.0,0.0,0.0,0.0,0.0,0.0,0.0
1,1,0.9541284404,0.3653846154,0.5384615385,0.0,0.01923076923,0.0,0.0,0.0,0.07692307692,0.0
1,1,0.9230769231,0.4210526316,0.5263157895,0.0,0.0,0.0,0.0,0.0,0.05263157895,0.0
1,1,0.9444444444,0.4166666667,0.5,0.01666666667,0.01666666667,0.0,0.0,0.0,0.05,0.0
1,1,0.9333333333,0.2941176471,0.6470588235,0.0,0.0,0.0,0.0,0.0,0.05882352941,0.0
1,1,0.9312977099,0.380952381,0.5079365079,0.0,0.0,0.0,0.0,0.0,0.1111111111,0.0
1,1,0.9345794393,0.3265306122,0.5714285714,0.0,0.02040816327,0.0,0.0,0.0,0.08163265306,0.0
1,1,0.9433962264,0.3333333333,0.6111111111,0.0,0.0,0.0,0.0,0.0,0.05555555556,0.0
1,1,0.8976377953,0.4939759036,0.4337349398,0.01204819277,0.01204819277,0.0,0.0,0.0,0.02409638554,0.02409638554
1,1,0.9230769231,0.3018867925,0.5660377358,0.0,0.01886792453,0.0,0.0,0.0,0.1132075472,0.0
1,1,0.953271028,0.375,0.5357142857,0.01785714286,0.01785714286,0.0,0.0,0.0,0.05357142857,0.0
1,1,0.8888888889,0.453125,0.546875,0.0,0.0,0.0,0.0,0.0,0.0,0.0
1,1,0.9433962264,0.3333333333,0.6031746032,0.0,0.0,0.0,0.0,0.0,0.06349206349,0.0
1,1,0.9444444444,0.3333333333,0.5438596491,0.0,0.0350877193,0.0,0.0,0.0,0.08771929825,0.0
1,1,0.9719626168,0.3888888889,0.5277777778,0.0,0.0,0.0,0.0,0.0,0.06944444444,0.01388888889
1,1,0.9433962264,0.3559322034,0.5254237288,0.05084745763,0.01694915254,0.0,0.0,0.0,0.03389830508,0.01694915254
1,1,0.9345794393,0.34,0.56,0.0,0.0,0.0,0.0,0.0,0.1,0.0
1,1,0.9636363636,0.4142857143,0.5428571429,0.0,0.0,0.0,0.0,0.0,0.04285714286,0.0
1,1,0.9230769231,0.4038461538,0.4807692308,0.0,0.03846153846,0.0,0.0,0.0,0.05769230769,0.01923076923
1,1,0.932038835,0.2978723404,0.5531914894,0.0,0.02127659574,0.0,0.0,0.0,0.1276595745,0.0
1,1,0.9433962264,0.4545454545,0.4909090909,0.0,0.01818181818,0.0,0.0,0.0,0.03636363636,0.0
1,1,0.9444444444,0.36,0.56,0.0,0.02,0.0,0.0,0.0,0.06,0.0
1,1,0.8805970149,0.4444444444,0.4761904762,0.0,0.0,0.0,0.0,0.06349206349,0.01587301587,0.0
1,1,0.9245283019,0.4444444444,0.4444444444,0.0,0.05555555556,0.0,0.0,0.0,0.05555555556,0.0
1,1,0.9142857143,0.3125,0.5833333333,0.0,0.02083333333,0.0,0.0,0.0,0.08333333333,0.0
1,1,0.9636363636,0.3793103448,0.5517241379,0.0,0.01724137931,0.0,0.0,0.0,0.05172413793,0.0
1,1,0.90625,0.4461538462,0.5076923077,0.0,0.0,0.0,0.0,0.0,0.04615384615,0.0
1,1,0.8943089431,0.4259259259,0.5185185185,0.0,0.0,0.0,0.0,0.0,0.05555555556,0.0
1,1,0.9333333333,0.375,0.5,0.01785714286,0.01785714286,0.0,0.0,0.0,0.08928571429,0.0
1,1,0.9345794393,0.4137931034,0.5,0.0,0.01724137931,0.0,0.0,0.0,0.05172413793,0.01724137931
1,1,0.9444444444,0.3220338983,0.593220339,0.0,0.01694915254,0.0,0.0,0.0,0.06779661017,0.0
1,1,0.9444444444,0.3090909091,0.4545454545,0.0,0.01818181818,0.0,0.0,0.0,0.2181818182,0.0
1,1,0.8932038835,0.3888888889,0.4814814815,0.0,0.0,0.0,0.0,0.0,0.1296296296,0.0
1,1,0.9352517986,0.2444444444,0.4666666667,0.1444444444,0.01111111111,0.0,0.0,0.0,0.04444444444,0.08888888889
1,1,0.8527131783,0.4923076923,0.5076923077,0.0,0.0,0.0,0.0,0.0,0.0,0.0
1,1,0.9142857143,0.3333333333,0.5294117647,0.01960784314,0.01960784314,0.0,0.0,0.0,0.09803921569,0.0
1,1,0.9147286822,0.4383561644,0.4657534247,0.01369863014,0.01369863014,0.0,0.0,0.0,0.06849315068,0.0
1,1,0.9393939394,0.3728813559,0.5762711864,0.0,0.0,0.0,0.0,0.0,0.05084745763,0.0
1,1,0.9333333333,0.4941176471,0.4235294118,0.0,0.01176470588,0.0,0.0,0.0,0.07058823529,0.0
1,1,0.9208633094,0.4743589744,0.4871794872,0.0,0.0,0.0,0.0,0.0,0.03846153846,0.0
1,1,0.9345794393,0.3333333333,0.5833333333,0.0,0.02083333333,0.0,0.0,0.0,0.0625,0.0
1,1,0.9142857143,0.320754717,0.5283018868,0.01886792453,0.01886792453,0.0,0.0,0.0,0.1132075472,0.0
1,1,0.9345794393,0.4406779661,0.4576271186,0.0,0.01694915254,0.0,0.0,0.0,0.08474576271,0.0
1,1,0.9230769231,0.3859649123,0.4561403509,0.0,0.01754385965,0.0,0.0,0.0,0.1052631579,0.0350877193
1,1,0.9345794393,0.3333333333,0.568627451,0.0,0.01960784314,0.0,0.0,0.0,0.07843137255,0.0
1,1,0.8818897638,0.5,0.5,0.0,0.0,0.0,0.0,0.0,0.0,0.0
1,1,0.9345794393,0.3725490196,0.568627451,0.0,0.03921568627,0.0,0.0,0.0,0.01960784314,0.0
1,1,0.9345794393,0.2881355932,0.6101694915,0.0,0.01694915254,0.0,0.0,0.0,0.08474576271,0.0
1,1,0.8976377953,0.4393939394,0.4696969697,0.0,0.0,0.0,0.0,0.0,0.09090909091,0.0
1,1,0.9245283019,0.4333333333,0.45,0.0,0.01666666667,0.0,0.0,0.0,0.1,0.0
1,1,0.8888888889,0.4545454545,0.4090909091,0.01515151515,0.0,0.0,0.0,0.0,0.1212121212,0.0
1,1,0.9333333333,0.3636363636,0.5090909091,0.0,0.01818181818,0.0,0.0,0.0,0.09090909091,0.01818181818
1,1,0.9433962264,0.3214285714,0.5535714286,0.01785714286,0.01785714286,0.0,0.0,0.0,0.08928571429,0.0
1,1,0.953271028,0.3731343284,0.5223880597,0.0,0.01492537313,0.0,0.0,0.0,0.08955223881,0.0
1,1,0.9133858268,0.4875,0.4375,0.0,0.0,0.0125,0.0,0.0,0.0625,0.0
1,1,0.9345794393,0.4090909091,0.4848484848,0.0,0.01515151515,0.0,0.0,0.0,0.07575757576,0.01515151515
1,1,0.873015873,0.4603174603,0.5396825397,0.0,0.0,0.0,0.0,0.0,0.0,0.0
1,1,0.9245283019,0.4032258065,0.4516129032,0.0,0.01612903226,0.0,0.0,0.0,0.1129032258,0.01612903226
1,1,0.9444444444,0.3076923077,0.5961538462,0.0,0.01923076923,0.0,0.0,0.0,0.07692307692,0.0
1,1,0.9444444444,0.3725490196,0.5294117647,0.0,0.01960784314,0.0,0.0,0.0,0.07843137255,0.0
1,1,0.9142857143,0.4561403509,0.4736842105,0.0,0.01754385965,0.0,0.0,0.0,0.05263157895,0.0
1,1,0.7,0.5172413793,0.4482758621,0.0,0.0,0.0,0.0,0.0,0.03448275862,0.0
1,1,0.90625,0.359375,0.578125,0.0,0.015625,0.0,0.0,0.0,0.046875,0.0
1,1,0.9433962264,0.4032258065,0.5,0.0,0.01612903226,0.0,0.0,0.0,0.06451612903,0.01612903226
1,1,0.9345794393,0.3191489362,0.5744680851,0.0,0.0,0.0,0.0,0.02127659574,0.08510638298,0.0
1,1,0.8932038835,0.3636363636,0.4181818182,0.0,0.0,0.07272727273,0.0,0.01818181818,0.1090909091,0.01818181818
1,1,0.9444444444,0.3859649123,0.4912280702,0.0,0.01754385965,0.0,0.0,0.0,0.08771929825,0.01754385965
1,1,0.9117647059,0.5657894737,0.4342105263,0.0,0.0,0.0,0.0,0.0,0.0,0.0
1,1,0.9147286822,0.4556962025,0.4810126582,0.0,0.0,0.0,0.0,0.0,0.06329113924,0.0
1,1,0.9433962264,0.3,0.6,0.0,0.02,0.0,0.0,0.0,0.08,0.0
1,1,0.9230769231,0.3833333333,0.5166666667,0.0,0.01666666667,0.0,0.0,0.0,0.08333333333,0.0
1,1,0.9302325581,0.3548387097,0.5,0.01612903226,0.0,0.01612903226,0.0,0.0,0.08064516129,0.03225806452
1,1,0.8888888889,0.5,0.5,0.0,0.0,0.0,0.0,0.0,0.0,0.0
1,1,0.9275362319,0.5211267606,0.4084507042,0.01408450704,0.0,0.0,0.0,0.0,0.05633802817,0.0
1,1,0.9019607843,0.4489795918,0.4489795918,0.0,0.0612244898,0.0,0.0,0.0,0.04081632653,0.0
1,1,0.9345794393,0.3928571429,0.5,0.0,0.01785714286,0.0,0.0,0.0,0.07142857143,0.01785714286
1,1,0.9038461538,0.4363636364,0.4545454545,0.0,0.05454545455,0.0,0.0,0.0,0.05454545455,0.0
1,1,0.9230769231,0.4428571429,0.4857142857,0.02857142857,0.0,0.0,0.0,0.0,0.04285714286,0.0
1,1,0.8524590164,0.5079365079,0.4920634921,0.0,0.0,0.0,0.0,0.0,0.0,0.0
1,1,0.9142857143,0.3103448276,0.6034482759,0.0,0.0,0.0,0.0,0.0,0.08620689655,0.0
1,1,0.9302325581,0.3787878788,0.5757575758,0.0,0.0,0.0,0.0,0.0,0.04545454545,0.0
1,1,0.8976377953,0.4677419355,0.4677419355,0.0,0.0,0.0,0.0,0.0,0.06451612903,0.0
1,1,0.9047619048,0.4090909091,0.3787878788,0.01515151515,0.0,0.0,0.0,0.0,0.1666666667,0.0303030303
1,1,0.9345794393,0.3492063492,0.5079365079,0.03174603175,0.01587301587,0.03174603175,0.0,0.0,0.04761904762,0.01587301587
1,1,0.9230769231,0.5,0.3939393939,0.01515151515,0.0,0.0,0.0,0.0,0.09090909091,0.0
1,1,0.9133858268,0.48,0.4933333333,0.0,0.0,0.01333333333,0.0,0.0,0.01333333333,0.0
1,1,0.9245283019,0.4444444444,0.5,0.0,0.0,0.0,0.0,0.0,0.05555555556,0.0
1,1,0.9444444444,0.4406779661,0.4745762712,0.0,0.01694915254,0.0,0.0,0.0,0.06779661017,0.0
1,1,0.9142857143,0.380952381,0.4444444444,0.0,0.03174603175,0.0,0.0,0.0,0.1428571429,0.0
1,1,0.8461538462,0.4262295082,0.3442622951,0.0,0.0,0.01639344262,0.0,0.1967213115,0.01639344262,0.0
1,1,0.9245283019,0.4210526316,0.4561403509,0.0,0.01754385965,0.0,0.0,0.0,0.08771929825,0.01754385965
1,1,0.9142857143,0.3404255319,0.5319148936,0.0,0.02127659574,0.0,0.0,0.0,0.1063829787,0.0
1,1,0.9302325581,0.4137931034,0.5517241379,0.0,0.0,0.0,0.0,0.0,0.03448275862,0.0
1,1,0.9444444444,0.3076923077,0.5961538462,0.0,0.01923076923,0.0,0.0,0.0,0.07692307692,0.0
1,1,0.9541284404,0.3714285714,0.5428571429,0.0,0.01428571429,0.0,0.0,0.0,0.07142857143,0.0
1,1,0.9245283019,0.3148148148,0.5,0.0,0.01851851852,0.0,0.0,0.0,0.1111111111,0.05555555556
1,1,0.9038461538,0.4339622642,0.4716981132,0.0,0.03773584906,0.0,0.0,0.0,0.05660377358,0.0
1,1,0.9473684211,0.4032258065,0.5483870968,0.0,0.0,0.0,0.0,0.0,0.04838709677,0.0
1,1,0.9245283019,0.4385964912,0.4736842105,0.0,0.01754385965,0.0,0.0,0.0,0.0701754386,0.0
1,1,0.9444444444,0.3392857143,0.5535714286,0.01785714286,0.01785714286,0.0,0.0,0.0,0.07142857143,0.0
1,1,0.9051094891,0.5466666667,0.4533333333,0.0,0.0,0.0,0.0,0.0,0.0,0.0
1,1,0.9038461538,0.320754717,0.5471698113,0.0,0.01886792453,0.0,0.0,0.0,0.1132075472,0.0
1,1,0.9291338583,0.380952381,0.5079365079,0.0,0.0,0.0,0.0,0.0,0.1111111111,0.0
1,1,0.9147286822,0.3870967742,0.5,0.03225806452,0.0,0.0,0.0,0.0,0.08064516129,0.0
1,1,0.9245283019,0.34,0.58,0.0,0.02,0.0,0.0,0.0,0.06,0.0
1,1,0.9147286822,0.3571428571,0.5535714286,0.0,0.0,0.01785714286,0.0,0.0,0.05357142857,0.01785714286
1,1,0.90625,0.397260274,0.5342465753,0.0,0.01369863014,0.0,0.0,0.0,0.05479452055,0.0
1,1,0.9345794393,0.3541666667,0.5416666667,0.0,0.02083333333,0.0,0.0,0.0,0.08333333333,0.0
1,1,0.9142857143,0.4375,0.453125,0.0,0.015625,0.0,0.0,0.0,0.09375,0.0
1,1,0.9133858268,0.4657534247,0.4931506849,0.0,0.0,0.01369863014,0.0,0.0,0.02739726027,0.0
1,1,0.90625,0.3387096774,0.5322580645,0.04838709677,0.0,0.0,0.0,0.0,0.08064516129,0.0
1,1,0.8636363636,0.5,0.5,0.0,0.0,0.0,0.0,0.0,0.0,0.0
1,1,0.90625,0.4677419355,0.4193548387,0.0,0.0,0.0,0.0,0.0,0.09677419355,0.01612903226
1,1,0.9333333333,0.4406779661,0.4915254237,0.0,0.03389830508,0.0,0.0,0.0,0.03389830508,0.0
1,1,0.9302325581,0.4035087719,0.5614035088,0.0,0.0,0.0,0.0,0.0,0.0350877193,0.0
1,1,0.9038461538,0.4444444444,0.4814814815,0.0,0.01851851852,0.0,0.0,0.0,0.05555555556,0.0
1,1,0.90625,0.4545454545,0.4545454545,0.0,0.0,0.0,0.0,0.0,0.09090909091,0.0
1,1,0.9142857143,0.3076923077,0.5384615385,0.0,0.01923076923,0.0,0.0,0.0,0.1346153846,0.0
1,1,0.9047619048,0.484375,0.4375,0.0,0.03125,0.0,0.0,0.0,0.03125,0.015625
1,1,0.9245283019,0.4166666667,0.45,0.01666666667,0.03333333333,0.0,0.0,0.0,0.08333333333,0.0
1,1,0.9312977099,0.5,0.4545454545,0.0,0.0,0.0,0.0,0.0,0.04545454545,0.0
1,1,0.8976377953,0.4242424242,0.4242424242,0.01515151515,0.0,0.0,0.0,0.0,0.1060606061,0.0303030303
1,1,0.8666666667,0.4035087719,0.4035087719,0.0,0.0,0.0,0.0,0.1754385965,0.01754385965,0.0
1,1,0.9444444444,0.320754717,0.5660377358,0.0,0.01886792453,0.0,0.0,0.0,0.09433962264,0.0
1,1,0.9126213592,0.2826086957,0.5869565217,0.0,0.02173913043,0.0,0.0,0.0,0.1086956522,0.0
1,1,0.9142857143,0.4528301887,0.4528301887,0.0,0.01886792453,0.0,0.0,0.0,0.07547169811,0.0
1,1,0.9172932331,0.4358974359,0.5128205128,0.0,0.0,0.0,0.0,0.0,0.05128205128,0.0
1,1,0.9230769231,0.4567901235,0.4938271605,0.0,0.0,0.0,0.0,0.0,0.04938271605,0.0
1,1,0.9142857143,0.3636363636,0.4909090909,0.0,0.01818181818,0.0,0.0,0.0,0.1272727273,0.0
1,1,0.9245283019,0.3404255319,0.5106382979,0.0,0.02127659574,0.0,0.0,0.0,0.1276595745,0.0
1,1,0.9444444444,0.350877193,0.5438596491,0.0350877193,0.01754385965,0.0,0.0,0.0,0.05263157895,0.0
1,1,0.9142857143,0.3846153846,0.4615384615,0.0,0.03076923077,0.0,0.0,0.0,0.1230769231,0.0
1,1,0.9064748201,0.45,0.45,0.0125,0.0125,0.0,0.0,0.0,0.075,0.0
1,1,0.9130434783,0.5466666667,0.4533333333,0.0,0.0,0.0,0.0,0.0,0.0,0.0
1,1,0.9423076923,0.4262295082,0.4754098361,0.0,0.01639344262,0.0,0.0,0.0,0.08196721311,0.0
1,1,0.9245283019,0.36,0.52,0.0,0.02,0.0,0.0,0.0,0.1,0.0
1,1,0.9038461538,0.4375,0.4791666667,0.0,0.04166666667,0.02083333333,0.0,0.0,0.0,0.02083333333
1,1,0.9375,0.3333333333,0.5964912281,0.0,0.0,0.0,0.0,0.0,0.0701754386,0.0
1,1,0.9142857143,0.3617021277,0.5744680851,0.0,0.0,0.0,0.0,0.0,0.06382978723,0.0
1,1,0.9142857143,0.3469387755,0.5510204082,0.0,0.02040816327,0.0,0.0,0.0,0.08163265306,0.0
1,1,0.9245283019,0.3859649123,0.4736842105,0.0,0.01754385965,0.0,0.0,0.0,0.1052631579,0.01754385965
1,1,0.9444444444,0.4285714286,0.4603174603,0.0,0.01587301587,0.0,0.0,0.0,0.07936507937,0.01587301587
1,1,0.9345794393,0.2941176471,0.5882352941,0.0,0.01960784314,0.0,0.0,0.0,0.09803921569,0.0
1,1,0.9345794393,0.3333333333,0.537037037,0.0,0.01851851852,0.0,0.0,0.0,0.1111111111,0.0
1,1,0.9022556391,0.5833333333,0.4166666667,0.0,0.0,0.0,0.0,0.0,0.0,0.0
1,1,0.8818897638,0.5,0.5,0.0,0.0,0.0,0.0,0.0,0.0,0.0
1,1,0.9514563107,0.3731343284,0.5373134328,0.0,0.0,0.0,0.0,0.0,0.07462686567,0.01492537313
1,1,0.9541284404,0.4098360656,0.4918032787,0.0,0.01639344262,0.0,0.0,0.0,0.08196721311,0.0
1,1,0.9142857143,0.32,0.56,0.02,0.02,0.0,0.0,0.0,0.08,0.0
1,1,0.8932038835,0.3269230769,0.5,0.0,0.03846153846,0.0,0.0,0.0,0.1346153846,0.0
1,1,0.9038461538,0.358490566,0.4716981132,0.0,0.01886792453,0.0,0.0,0.0,0.1509433962,0.0
1,1,0.8,0.5192307692,0.4423076923,0.03846153846,0.0,0.0,0.0,0.0,0.0,0.0
1,1,0.9423076923,0.3333333333,0.5185185185,0.0,0.01851851852,0.0,0.0,0.0,0.1111111111,0.01851851852
1,1,0.9147286822,0.4769230769,0.4923076923,0.0,0.0,0.0,0.0,0.0,0.03076923077,0.0
1,1,0.9038461538,0.350877193,0.4736842105,0.0,0.01754385965,0.0,0.0,0.0,0.1578947368,0.0
1,1,0.9230769231,0.4032258065,0.5,0.0,0.0,0.0,0.0,0.0,0.08064516129,0.01612903226
1,1,0.8360655738,0.5081967213,0.4918032787,0.0,0.0,0.0,0.0,0.0,0.0,0.0
1,1,0.9541284404,0.3269230769,0.5769230769,0.0,0.01923076923,0.0,0.0,0.0,0.07692307692,0.0
1,1,0.9444444444,0.3396226415,0.5660377358,0.0,0.01886792453,0.0,0.0,0.0,0.07547169811,0.0
1,1,0.9312977099,0.4285714286,0.5324675325,0.0,0.0,0.0,0.0,0.0,0.03896103896,0.0
1,1,0.9345794393,0.2407407407,0.6481481481,0.0,0.01851851852,0.0,0.0,0.0,0.09259259259,0.0
1,1,0.9147286822,0.3928571429,0.5535714286,0.0,0.0,0.0,0.0,0.0,0.05357142857,0.0
1,1,0.90625,0.4098360656,0.4754098361,0.01639344262,0.0,0.0,0.0,0.0,0.06557377049,0.03278688525
1,1,0.912,0.3606557377,0.4918032787,0.0,0.01639344262,0.0,0.0,0.0,0.131147541,0.0
1,1,0.8976377953,0.3731343284,0.4029850746,0.01492537313,0.0,0.0,0.0,0.0,0.1194029851,0.08955223881
1,1,0.9444444444,0.4137931034,0.5,0.0,0.01724137931,0.0,0.0,0.0,0.06896551724,0.0
1,1,0.9345794393,0.3921568627,0.5294117647,0.0,0.01960784314,0.0,0.0,0.0,0.03921568627,0.01960784314
1,1,0.8455284553,0.4237288136,0.5762711864,0.0,0.0,0.0,0.0,0.0,0.0,0.0
1,1,0.9142857143,0.3148148148,0.5185185185,0.0,0.01851851852,0.0,0.0,0.0,0.09259259259,0.05555555556
1,1,0.9206349206,0.4285714286,0.4935064935,0.0,0.0,0.0,0.0,0.0,0.07792207792,0.0
1,1,0.9142857143,0.3773584906,0.5094339623,0.0,0.01886792453,0.0,0.0,0.0,0.07547169811,0.01886792453
1,1,0.9393939394,0.4714285714,0.4571428571,0.01428571429,0.0,0.0,0.0,0.0,0.05714285714,0.0
1,1,0.9393939394,0.4024390244,0.512195122,0.01219512195,0.0,0.0,0.0,0.0,0.07317073171,0.0
1,1,0.88,0.3148148148,0.5925925926,0.0,0.0,0.0,0.0,0.0,0.09259259259,0.0
1,1,0.90625,0.4,0.4923076923,0.03076923077,0.0,0.0,0.0,0.0,0.07692307692,0.0
1,1,0.9126213592,0.3,0.56,0.0,0.02,0.0,0.0,0.0,0.12,0.0
1,1,0.9312977099,0.4189189189,0.5,0.01351351351,0.0,0.0,0.0,0.0,0.06756756757,0.0
1,1,0.9142857143,0.3571428571,0.4821428571,0.0,0.01785714286,0.0,0.0,0.0,0.1071428571,0.03571428571
1,1,0.8217054264,0.4920634921,0.4285714286,0.0,0.0,0.0,0.0,0.07936507937,0.0,0.0
1,1,0.8888888889,0.4705882353,0.4705882353,0.02941176471,0.0,0.0,0.0,0.0,0.02941176471,0.0
1,1,0.9345794393,0.3278688525,0.5737704918,0.0,0.0,0.0,0.0,0.0,0.09836065574,0.0
1,1,0.9245283019,0.4074074074,0.537037037,0.0,0.0,0.0,0.0,0.0,0.05555555556,0.0
1,1,0.9622641509,0.421875,0.46875,0.0,0.015625,0.0,0.0,0.0,0.078125,0.015625
1,1,0.9345794393,0.4385964912,0.4736842105,0.0,0.01754385965,0.0,0.0,0.0,0.0701754386,0.0
1,1,0.9245283019,0.32,0.54,0.0,0.02,0.0,0.0,0.0,0.12,0.0
1,1,0.8976377953,0.4285714286,0.5079365079,0.0,0.0,0.01587301587,0.0,0.0,0.04761904762,0.0
1,1,0.8932038835,0.4081632653,0.4897959184,0.0,0.04081632653,0.0,0.0,0.0,0.04081632653,0.02040816327
1,1,0.9541284404,0.3392857143,0.5357142857,0.0,0.01785714286,0.0,0.0,0.0,0.1071428571,0.0
1,1,0.9133858268,0.4459459459,0.527027027,0.0,0.0,0.0,0.0,0.0,0.02702702703,0.0
1,1,0.868852459,0.5230769231,0.4769230769,0.0,0.0,0.0,0.0,0.0,0.0,0.0
1,1,0.9105691057,0.4492753623,0.5362318841,0.0,0.0,0.0,0.0,0.0,0.01449275362,0.0
1,1,0.9142857143,0.2857142857,0.5714285714,0.0,0.02040816327,0.0,0.0,0.0,0.1224489796,0.0
1,1,0.9622641509,0.3684210526,0.5263157895,0.0,0.0,0.0,0.0,0.0,0.1052631579,0.0
1,1,0.90625,0.4507042254,0.4507042254,0.01408450704,0.0,0.0,0.0,0.0,0.05633802817,0.02816901408
1,1,0.9312977099,0.3606557377,0.5409836066,0.0,0.01639344262,0.0,0.0,0.0,0.08196721311,0.0
1,1,0.9245283019,0.3529411765,0.5098039216,0.0,0.01960784314,0.0,0.0,0.0,0.1176470588,0.0
1,1,0.9142857143,0.375,0.4821428571,0.01785714286,0.03571428571,0.0,0.0,0.0,0.08928571429,0.0
1,1,0.9245283019,0.3461538462,0.5384615385,0.0,0.01923076923,0.0,0.0,0.0,0.07692307692,0.01923076923
1,1,0.9038461538,0.3962264151,0.4716981132,0.0,0.01886792453,0.0,0.0,0.0,0.1132075472,0.0
1,1,0.9302325581,0.484375,0.453125,0.0,0.0,0.0,0.0,0.0,0.0625,0.0
1,1,0.8805970149,0.4571428571,0.5428571429,0.0,0.0,0.0,0.0,0.0,0.0,0.0
1,1,0.9245283019,0.3928571429,0.5178571429,0.0,0.01785714286,0.0,0.0,0.0,0.07142857143,0.0
1,1,0.8823529412,0.3333333333,0.4166666667,0.0,0.0,0.02083333333,0.0,0.0,0.2291666667,0.0
1,1,0.8976377953,0.4545454545,0.5272727273,0.0,0.0,0.0,0.0,0.0,0.01818181818,0.0
1,1,0.9345794393,0.3921568627,0.5098039216,0.0,0.01960784314,0.0,0.0,0.0,0.07843137255,0.0
1,1,0.8976377953,0.40625,0.453125,0.015625,0.0,0.0,0.0,0.0,0.0625,0.0625
1,1,0.9333333333,0.375,0.5357142857,0.0,0.01785714286,0.0,0.0,0.0,0.07142857143,0.0
1,1,0.8932038835,0.3684210526,0.3684210526,0.0,0.0,0.0350877193,0.0,0.0,0.2280701754,0.0
1,1,0.9523809524,0.3035714286,0.5892857143,0.0,0.03571428571,0.0,0.0,0.0,0.07142857143,0.0
1,1,0.8823529412,0.2888888889,0.5555555556,0.0,0.02222222222,0.0,0.0,0.0,0.1333333333,0.0
1,1,0.9032258065,0.46875,0.46875,0.015625,0.0,0.0,0.0,0.0,0.046875,0.0
1,1,0.8721804511,0.5492957746,0.4507042254,0.0,0.0,0.0,0.0,0.0,0.0,0.0
1,1,0.9444444444,0.3137254902,0.5882352941,0.0,0.01960784314,0.0,0.0,0.0,0.07843137255,0.0
1,1,0.9126213592,0.3921568627,0.5098039216,0.0,0.01960784314,0.0,0.0,0.0,0.07843137255,0.0
1,1,0.9345794393,0.421875,0.453125,0.0,0.015625,0.0,0.0,0.0,0.109375,0.0
1,1,0.9245283019,0.306122449,0.5918367347,0.0,0.02040816327,0.0,0.0,0.0,0.08163265306,0.0
1,1,0.9245283019,0.3404255319,0.5531914894,0.0,0.02127659574,0.0,0.0,0.0,0.08510638298,0.0
1,1,0.8925619835,0.4459459459,0.472972973,0.0,0.0,0.0,0.0,0.0,0.08108108108,0.0
1,1,0.9345794393,0.4,0.4545454545,0.0,0.01818181818,0.0,0.0,0.0,0.1272727273,0.0
1,1,0.9636363636,0.3272727273,0.6,0.01818181818,0.0,0.0,0.0,0.0,0.05454545455,0.0
1,1,0.9345794393,0.3148148148,0.5185185185,0.0,0.01851851852,0.0,0.0,0.0,0.1481481481,0.0
1,1,0.9312977099,0.4155844156,0.5324675325,0.0,0.0,0.0,0.0,0.0,0.05194805195,0.0
1,1,0.8970588235,0.5072463768,0.4927536232,0.0,0.0,0.0,0.0,0.0,0.0,0.0
1,1,0.9245283019,0.2916666667,0.5833333333,0.0,0.02083333333,0.0,0.0,0.0,0.1041666667,0.0
1,1,0.9345794393,0.3518518519,0.5555555556,0.01851851852,0.01851851852,0.0,0.0,0.0,0.05555555556,0.0
1,1,0.9142857143,0.3333333333,0.5294117647,0.0,0.01960784314,0.0,0.0,0.0,0.1176470588,0.0
1,1,0.9230769231,0.4931506849,0.3835616438,0.01369863014,0.0,0.02739726027,0.0,0.0,0.06849315068,0.01369863014
1,1,0.9142857143,0.4385964912,0.4385964912,0.0,0.01754385965,0.0,0.0,0.0,0.1052631579,0.0
1,1,0.9306930693,0.3137254902,0.5490196078,0.0,0.0,0.0,0.0,0.0,0.137254902,0.0
1,1,0.9038461538,0.3442622951,0.5573770492,0.0,0.0,0.0,0.0,0.0,0.09836065574,0.0
1,1,0.9423076923,0.358490566,0.5471698113,0.0,0.0,0.0,0.0,0.0,0.09433962264,0.0
1,1,0.9147286822,0.390625,0.59375,0.0,0.0,0.0,0.0,0.0,0.015625,0.0
1,1,0.9433962264,0.2641509434,0.5471698113,0.0,0.01886792453,0.01886792453,0.0,0.0,0.1509433962,0.0
1,1,0.8656716418,0.4722222222,0.4166666667,0.0,0.0,0.0,0.0,0.1111111111,0.0,0.0
1,1,0.9345794393,0.3538461538,0.6,0.0,0.0,0.0,0.0,0.0,0.04615384615,0.0
1,1,0.9541284404,0.3928571429,0.5535714286,0.0,0.01785714286,0.0,0.0,0.0,0.03571428571,0.0
1,1,0.9444444444,0.3709677419,0.5967741935,0.0,0.0,0.0,0.0,0.0,0.03225806452,0.0
1,1,0.9208633094,0.4242424242,0.4696969697,0.01515151515,0.01515151515,0.01515151515,0.0,0.0,0.06060606061,0.0
1,1,0.9142857143,0.4166666667,0.4666666667,0.0,0.03333333333,0.0,0.0,0.0,0.08333333333,0.0
1,1,0.9345794393,0.3684210526,0.5087719298,0.01754385965,0.01754385965,0.0,0.0,0.0,0.08771929825,0.0
1,1,0.9322033898,0.35,0.5,0.01666666667,0.01666666667,0.0,0.0,0.0,0.1166666667,0.0
1,1,0.9142857143,0.2962962963,0.6481481481,0.0,0.0,0.0,0.0,0.0,0.05555555556,0.0
1,1,0.9473684211,0.4712643678,0.4482758621,0.0,0.0,0.0,0.0,0.0,0.08045977011,0.0
1,1,0.9622641509,0.3125,0.59375,0.0,0.0,0.0,0.0,0.0,0.09375,0.0
1,1,0.8702290076,0.4852941176,0.5147058824,0.0,0.0,0.0,0.0,0.0,0.0,0.0
1,1,0.9312977099,0.3896103896,0.5064935065,0.01298701299,0.0,0.0,0.0,0.0,0.09090909091,0.0
1,1,0.8976377953,0.4871794872,0.4743589744,0.0,0.0,0.0,0.0,0.0,0.03846153846,0.0
1,1,0.896,0.4242424242,0.4848484848,0.0,0.0,0.01515151515,0.0,0.0,0.07575757576,0.0
1,1,0.9147286822,0.4098360656,0.4918032787,0.0,0.0,0.0,0.0,0.0,0.09836065574,0.0
1,1,0.896,0.515625,0.40625,0.0,0.03125,0.0,0.0,0.0,0.03125,0.015625
1,1,0.9133858268,0.4,0.5,0.0,0.0,0.0,0.0,0.0,0.1,0.0
1,1,0.9444444444,0.3859649123,0.5263157895,0.0350877193,0.01754385965,0.0,0.0,0.0,0.0350877193,0.0
1,1,0.9230769231,0.2884615385,0.6346153846,0.0,0.03846153846,0.0,0.0,0.0,0.03846153846,0.0
1,1,0.9541284404,0.3684210526,0.5614035088,0.0,0.01754385965,0.0,0.0,0.0,0.05263157895,0.0
1,1,0.9433962264,0.3617021277,0.5319148936,0.0,0.02127659574,0.0,0.0,0.0,0.08510638298,0.0
1,1,0.8818897638,0.4545454545,0.3787878788,0.0303030303,0.01515151515,0.06060606061,0.0,0.0,0.01515151515,0.04545454545
1,1,0.8656716418,0.5,0.4285714286,0.0,0.0,0.0,0.0,0.07142857143,0.0,0.0
1,1,0.9126213592,0.3773584906,0.5094339623,0.01886792453,0.03773584906,0.0,0.0,0.0,0.05660377358,0.0
1,1,0.9230769231,0.4393939394,0.4696969697,0.01515151515,0.0,0.0,0.0,0.0,0.07575757576,0.0
1,1,0.9230769231,0.4657534247,0.4520547945,0.0,0.01369863014,0.0,0.0,0.0,0.06849315068,0.0
1,1,0.9333333333,0.4259259259,0.4814814815,0.01851851852,0.01851851852,0.0,0.0,0.0,0.05555555556,0.0
1,1,0.9038461538,0.4827586207,0.4137931034,0.0,0.05172413793,0.0,0.0,0.0,0.05172413793,0.0
1,1,0.9306930693,0.4035087719,0.4912280702,0.0,0.01754385965,0.0,0.0,0.0,0.08771929825,0.0
1,1,0.9133858268,0.4428571429,0.3571428571,0.0,0.0,0.01428571429,0.0,0.0,0.1428571429,0.04285714286
1,1,0.9541284404,0.3703703704,0.5555555556,0.0,0.01851851852,0.0,0.0,0.0,0.05555555556,0.0
1,1,0.9444444444,0.32,0.58,0.0,0.02,0.0,0.0,0.0,0.08,0.0
1,1,0.9433962264,0.3111111111,0.6,0.0,0.02222222222,0.0,0.0,0.0,0.06666666667,0.0
1,1,0.868852459,0.4444444444,0.5555555556,0.0,0.0,0.0,0.0,0.0,0.0,0.0
1,1,0.9444444444,0.358490566,0.5471698113,0.0,0.01886792453,0.0,0.0,0.0,0.07547169811,0.0
1,1,0.90625,0.40625,0.59375,0.0,0.0,0.0,0.0,0.0,0.0,0.0
1,1,0.9345794393,0.3442622951,0.606557377,0.0,0.0,0.0,0.0,0.0,0.04918032787,0.0
1,1,0.9245283019,0.4,0.4909090909,0.01818181818,0.03636363636,0.0,0.0,0.0,0.05454545455,0.0
1,1,0.9312977099,0.487804878,0.4512195122,0.0,0.0,0.0,0.0,0.0,0.06097560976,0.0
1,1,0.9245283019,0.42,0.52,0.0,0.04,0.0,0.0,0.0,0.02,0.0
1,1,0.9245283019,0.4166666667,0.5,0.0,0.01666666667,0.0,0.0,0.0,0.06666666667,0.0
1,1,0.9345794393,0.3921568627,0.5294117647,0.0,0.01960784314,0.0,0.0,0.0,0.05882352941,0.0
1,1,0.9245283019,0.3272727273,0.5090909091,0.0,0.01818181818,0.0,0.0,0.0,0.09090909091,0.05454545455
1,1,0.9345794393,0.4262295082,0.4754098361,0.01639344262,0.03278688525,0.0,0.0,0.0,0.04918032787,0.0
1,1,0.8484848485,0.4754098361,0.4754098361,0.0,0.0,0.0,0.0,0.04918032787,0.0,0.0
1,1,0.9345794393,0.4242424242,0.4696969697,0.0,0.01515151515,0.0,0.0,0.0,0.07575757576,0.01515151515
1,1,0.9245283019,0.3333333333,0.5555555556,0.0,0.0,0.0,0.0,0.0,0.1111111111,0.0
1,1,0.9433962264,0.3684210526,0.5263157895,0.01754385965,0.01754385965,0.0,0.0,0.0,0.0701754386,0.0
1,1,0.9444444444,0.3269230769,0.5769230769,0.0,0.01923076923,0.0,0.0,0.0,0.07692307692,0.0
1,1,0.8976377953,0.4754098361,0.4590163934,0.0,0.03278688525,0.0,0.0,0.0,0.03278688525,0.0
1,1,0.9433962264,0.3620689655,0.5862068966,0.0,0.0,0.0,0.0,0.0,0.05172413793,0.0
1,1,0.8823529412,0.3461538462,0.3653846154,0.0,0.0,0.0,0.0,0.0,0.2692307692,0.01923076923
1,1,0.9230769231,0.453125,0.5,0.015625,0.0,0.0,0.0,0.0,0.03125,0.0
1,1,0.9245283019,0.4,0.4666666667,0.0,0.03333333333,0.0,0.0,0.0,0.1,0.0
1,1,0.9333333333,0.3709677419,0.5967741935,0.0,0.0,0.0,0.0,0.0,0.03225806452,0.0
1,1,0.8721804511,0.4852941176,0.5147058824,0.0,0.0,0.0,0.0,0.0,0.0,0.0
1,1,0.9333333333,0.3859649123,0.5087719298,0.0,0.01754385965,0.0,0.0,0.0,0.0701754386,0.01754385965
1,1,0.9433962264,0.3653846154,0.5576923077,0.0,0.01923076923,0.0,0.0,0.0,0.05769230769,0.0
1,1,0.9245283019,0.4,0.52,0.0,0.02,0.0,0.0,0.0,0.06,0.0
1,1,0.8333333333,0.4042553191,0.4255319149,0.0,0.02127659574,0.02127659574,0.0,0.0,0.1276595745,0.0
1,1,0.9433962264,0.4464285714,0.4821428571,0.0,0.01785714286,0.0,0.0,0.0,0.05357142857,0.0
1,1,0.9444444444,0.2941176471,0.568627451,0.0,0.01960784314,0.01960784314,0.0,0.0,0.07843137255,0.01960784314
1,1,0.9147286822,0.4126984127,0.5238095238,0.0,0.0,0.0,0.0,0.0,0.06349206349,0.0
1,1,0.9444444444,0.4262295082,0.4590163934,0.0,0.01639344262,0.0,0.0,0.0,0.09836065574,0.0
1,1,0.9361702128,0.4285714286,0.4545454545,0.0,0.01298701299,0.0,0.0,0.0,0.1038961039,0.0
1,1,0.9230769231,0.3833333333,0.3833333333,0.01666666667,0.0,0.0,0.0,0.0,0.2166666667,0.0
1,1,0.8484848485,0.447761194,0.4328358209,0.0,0.0,0.0,0.0,0.1194029851,0.0,0.0
1,1,0.9302325581,0.4328358209,0.4776119403,0.0,0.0,0.0,0.0,0.0,0.08955223881,0.0
1,1,0.90625,0.4307692308,0.4923076923,0.01538461538,0.0,0.0,0.0,0.0,0.06153846154,0.0
1,1,0.9345794393,0.3859649123,0.5087719298,0.0,0.01754385965,0.0,0.0,0.0,0.08771929825,0.0
1,1,0.9541284404,0.3859649123,0.5087719298,0.0,0.01754385965,0.0,0.0,0.0,0.08771929825,0.0
1,1,0.9245283019,0.4210526316,0.4736842105,0.0,0.05263157895,0.0,0.0,0.0,0.05263157895,0.0
1,1,0.9285714286,0.4794520548,0.4246575342,0.01369863014,0.01369863014,0.0,0.0,0.0,0.06849315068,0.0
1,1,0.9230769231,0.4647887324,0.3802816901,0.01408450704,0.0,0.0,0.0,0.0,0.1267605634,0.01408450704
1,1,0.9393939394,0.4929577465,0.4507042254,0.0,0.02816901408,0.0,0.0,0.0,0.02816901408,0.0
1,1,0.9448818898,0.4102564103,0.5256410256,0.01282051282,0.0,0.0,0.0,0.0,0.05128205128,0.0
1,1,0.8932038835,0.4339622642,0.4528301887,0.0,0.03773584906,0.0,0.0,0.0,0.07547169811,0.0
1,1,0.8527131783,0.484375,0.515625,0.0,0.0,0.0,0.0,0.0,0.0,0.0
1,1,0.9185185185,0.5365853659,0.3780487805,0.0,0.01219512195,0.0,0.0,0.0,0.07317073171,0.0
1,1,0.9217391304,0.4583333333,0.4444444444,0.0,0.0,0.0,0.0,0.0,0.09722222222,0.0
1,1,0.9245283019,0.4615384615,0.4461538462,0.0,0.01538461538,0.0,0.0,0.0,0.04615384615,0.03076923077
1,1,0.9147286822,0.3965517241,0.5172413793,0.0,0.0,0.0,0.0,0.0,0.08620689655,0.0
1,1,0.9312977099,0.4098360656,0.5573770492,0.0,0.0,0.0,0.0,0.0,0.03278688525,0.0
1,1,0.9245283019,0.2962962963,0.5740740741,0.0,0.01851851852,0.0,0.0,0.0,0.1111111111,0.0
1,1,0.9245283019,0.28,0.48,0.0,0.02,0.0,0.0,0.0,0.22,0.0
1,1,0.9230769231,0.3076923077,0.6769230769,0.0,0.0,0.0,0.0,0.0,0.01538461538,0.0
1,1,0.9245283019,0.3653846154,0.5,0.0,0.01923076923,0.0,0.0,0.0,0.1153846154,0.0
1,1,0.9245283019,0.3529411765,0.5490196078,0.0,0.01960784314,0.0,0.0,0.0,0.07843137255,0.0
1,1,0.8461538462,0.4696969697,0.5303030303,0.0,0.0,0.0,0.0,0.0,0.0,0.0
1,1,0.953271028,0.3620689655,0.5172413793,0.0,0.01724137931,0.0,0.0,0.0,0.1034482759,0.0
1,1,0.9423076923,0.2941176471,0.5882352941,0.0,0.01960784314,0.0,0.0,0.0,0.09803921569,0.0
1,1,0.9444444444,0.3773584906,0.5471698113,0.0,0.01886792453,0.0,0.0,0.0,0.05660377358,0.0
1,1,0.90625,0.393442623,0.4590163934,0.0,0.01639344262,0.0,0.0,0.0,0.131147541,0.0
1,1,0.8709677419,0.4406779661,0.4237288136,0.0,0.0,0.05084745763,0.0,0.0,0.08474576271,0.0
1,1,0.921875,0.4126984127,0.5238095238,0.0,0.0,0.01587301587,0.0,0.0,0.04761904762,0.0
1,1,0.9142857143,0.3529411765,0.5490196078,0.0,0.0,0.0,0.0,0.0,0.09803921569,0.0
1,1,0.8932038835,0.3725490196,0.5490196078,0.0,0.03921568627,0.0,0.0,0.0,0.03921568627,0.0
1,1,0.9076923077,0.3857142857,0.5,0.0,0.0,0.0,0.0,0.0,0.1142857143,0.0
1,1,0.8976377953,0.4461538462,0.4153846154,0.01538461538,0.0,0.0,0.0,0.0,0.09230769231,0.03076923077
1,1,0.8823529412,0.5277777778,0.4722222222,0.0,0.0,0.0,0.0,0.0,0.0,0.0
1,1,0.9230769231,0.5238095238,0.4166666667,0.02380952381,0.0,0.0,0.0,0.0,0.02380952381,0.0119047619
1,1,0.9147286822,0.4,0.5166666667,0.0,0.0,0.0,0.0,0.0,0.08333333333,0.0
1,1,0.9345794393,0.3541666667,0.5833333333,0.0,0.02083333333,0.0,0.0,0.0,0.04166666667,0.0
1,1,0.9312977099,0.3866666667,0.5066666667,0.0,0.01333333333,0.0,0.0,0.0,0.09333333333,0.0
1,1,0.8888888889,0.4516129032,0.4677419355,0.0,0.03225806452,0.0,0.0,0.0,0.03225806452,0.01612903226
1,1,0.9345794393,0.3461538462,0.5576923077,0.01923076923,0.0,0.0,0.0,0.0,0.07692307692,0.0
1,1,0.9345794393,0.3793103448,0.4310344828,0.0,0.0,0.05172413793,0.0,0.0,0.1379310345,0.0
1,1,0.9444444444,0.3703703704,0.5555555556,0.0,0.01851851852,0.0,0.0,0.0,0.05555555556,0.0
1,1,0.9345794393,0.3396226415,0.5471698113,0.0,0.01886792453,0.0,0.0,0.0,0.09433962264,0.0
1,1,0.9142857143,0.4259259259,0.462962963,0.01851851852,0.01851851852,0.0,0.0,0.0,0.07407407407,0.0
1,1,0.8721804511,0.4126984127,0.3333333333,0.0,0.0,0.01587301587,0.0,0.2222222222,0.01587301587,0.0
1,1,0.9142857143,0.4823529412,0.4235294118,0.01176470588,0.01176470588,0.0,0.0,0.0,0.07058823529,0.0
1,1,0.9433962264,0.3965517241,0.5172413793,0.0,0.01724137931,0.0,0.0,0.0,0.05172413793,0.01724137931
1,1,0.9345794393,0.4038461538,0.5192307692,0.0,0.01923076923,0.0,0.0,0.0,0.05769230769,0.0
1,1,0.9245283019,0.2765957447,0.6170212766,0.02127659574,0.02127659574,0.0,0.0,0.0,0.06382978723,0.0
1,1,0.9345794393,0.4166666667,0.4666666667,0.0,0.01666666667,0.01666666667,0.0,0.0,0.06666666667,0.01666666667
1,1,0.9411764706,0.3396226415,0.5094339623,0.0,0.01886792453,0.0,0.0,0.0,0.1132075472,0.01886792453
1,1,0.9345794393,0.3404255319,0.5744680851,0.0,0.02127659574,0.0,0.0,0.0,0.06382978723,0.0
1,1,0.9147286822,0.4411764706,0.4558823529,0.0,0.0,0.0,0.0,0.0,0.1029411765,0.0
1,1,0.90625,0.4868421053,0.4736842105,0.0,0.0,0.0,0.0,0.0,0.03947368421,0.0
1,1,0.90625,0.5063291139,0.4683544304,0.0,0.0,0.0,0.0,0.0,0.0253164557,0.0
1,1,0.8372093023,0.46875,0.53125,0.0,0.0,0.0,0.0,0.0,0.0,0.0
1,1,0.9615384615,0.4032258065,0.4838709677,0.0,0.01612903226,0.0,0.0,0.0,0.08064516129,0.01612903226
1,1,0.9345794393,0.3571428571,0.5178571429,0.01785714286,0.01785714286,0.0,0.0,0.0,0.07142857143,0.01785714286
1,1,0.9230769231,0.4545454545,0.4848484848,0.0,0.0,0.0,0.0,0.0,0.04545454545,0.01515151515
1,1,0.9312977099,0.3384615385,0.6153846154,0.0,0.0,0.0,0.0,0.0,0.04615384615,0.0
1,1,0.9345794393,0.3137254902,0.5882352941,0.0,0.01960784314,0.0,0.0,0.0,0.07843137255,0.0
1,1,0.8888888889,0.4931506849,0.3287671233,0.0,0.02739726027,0.01369863014,0.0,0.0,0.1369863014,0.0
1,1,0.9345794393,0.4,0.5692307692,0.0,0.0,0.0,0.0,0.0,0.03076923077,0.0
1,1,0.8780487805,0.4590163934,0.4918032787,0.0,0.0,0.0,0.0,0.0,0.04918032787,0.0
1,1,0.9142857143,0.36,0.54,0.0,0.04,0.0,0.0,0.0,0.06,0.0
1,1,0.9142857143,0.3333333333,0.5416666667,0.0,0.02083333333,0.0,0.0,0.0,0.1041666667,0.0
1,1,0.8970588235,0.4698795181,0.3855421687,0.07228915663,0.0,0.0,0.0,0.0,0.06024096386,0.01204819277
1,1,0.9051094891,0.5333333333,0.4666666667,0.0,0.0,0.0,0.0,0.0,0.0,0.0
1,1,0.9147286822,0.3703703704,0.5740740741,0.0,0.0,0.0,0.0,0.0,0.05555555556,0.0
1,1,0.9142857143,0.375,0.4821428571,0.0,0.01785714286,0.01785714286,0.0,0.0,0.08928571429,0.01785714286
1,1,0.9245283019,0.3148148148,0.537037037,0.0,0.01851851852,0.0,0.0,0.0,0.1296296296,0.0
1,1,0.9444444444,0.3571428571,0.5178571429,0.03571428571,0.01785714286,0.0,0.0,0.0,0.07142857143,0.0
1,1,0.9333333333,0.4509803922,0.4509803922,0.0,0.05882352941,0.0,0.0,0.0,0.03921568627,0.0
1,1,0.9541284404,0.3835616438,0.5205479452,0.0,0.01369863014,0.0,0.0,0.0,0.06849315068,0.01369863014
1,1,0.9142857143,0.4259259259,0.5,0.0,0.03703703704,0.0,0.0,0.0,0.03703703704,0.0
1,1,0.9142857143,0.3404255319,0.5744680851,0.0,0.02127659574,0.0,0.0,0.0,0.06382978723,0.0
1,1,0.9444444444,0.4035087719,0.5263157895,0.01754385965,0.01754385965,0.0,0.0,0.0,0.0350877193,0.0
1,1,0.9285714286,0.4722222222,0.375,0.01388888889,0.01388888889,0.0,0.0,0.0,0.125,0.0
1,1,0.8780487805,0.4769230769,0.5230769231,0.0,0.0,0.0,0.0,0.0,0.0,0.0
1,1,0.9142857143,0.3225806452,0.564516129,0.0,0.0,0.0,0.0,0.0,0.1129032258,0.0
1,1,0.9038461538,0.3389830508,0.4576271186,0.0,0.01694915254,0.0,0.0,0.0,0.1355932203,0.05084745763
1,1,0.9444444444,0.3333333333,0.5438596491,0.01754385965,0.01754385965,0.0,0.0,0.0,0.08771929825,0.0
1,1,0.9142857143,0.375,0.4642857143,0.01785714286,0.03571428571,0.0,0.0,0.0,0.1071428571,0.0
1,1,0.90625,0.4848484848,0.4393939394,0.0,0.0,0.0,0.0,0.0,0.07575757576,0.0
1,1,0.8932038835,0.3111111111,0.5555555556,0.0,0.02222222222,0.0,0.0,0.0,0.1111111111,0.0
1,1,0.9541284404,0.350877193,0.5614035088,0.0,0.01754385965,0.0,0.0,0.0,0.0701754386,0.0
1,1,0.90625,0.4482758621,0.4827586207,0.0,0.0,0.0,0.0,0.0,0.06896551724,0.0
1,1,0.9345794393,0.3541666667,0.5416666667,0.0,0.02083333333,0.0,0.0,0.0,0.08333333333,0.0
1,1,0.9473684211,0.4507042254,0.4647887324,0.01408450704,0.0,0.0,0.0,0.0,0.07042253521,0.0
1,1,0.8985507246,0.5070422535,0.4929577465,0.0,0.0,0.0,0.0,0.0,0.0,0.0
1,1,0.9345794393,0.4333333333,0.45,0.0,0.01666666667,0.0,0.0,0.0,0.1,0.0
1,1,0.9541284404,0.3728813559,0.5254237288,0.01694915254,0.01694915254,0.0,0.0,0.0,0.06779661017,0.0
1,1,0.8888888889,0.4428571429,0.5142857143,0.0,0.0,0.01428571429,0.0,0.0,0.02857142857,0.0
1,1,0.9147286822,0.4647887324,0.4366197183,0.01408450704,0.0,0.0,0.0,0.0,0.07042253521,0.01408450704
1,1,0.9147286822,0.4375,0.4875,0.0,0.0,0.0,0.0,0.0,0.075,0.0
1,1,0.9444444444,0.3333333333,0.537037037,0.03703703704,0.01851851852,0.0,0.0,0.0,0.07407407407,0.0
1,1,0.9142857143,0.3461538462,0.5384615385,0.0,0.01923076923,0.0,0.0,0.0,0.09615384615,0.0
1,1,0.9245283019,0.3529411765,0.5294117647,0.0,0.03921568627,0.0,0.0,0.0,0.07843137255,0.0
1,1,0.9345794393,0.3928571429,0.5,0.0,0.01785714286,0.0,0.0,0.0,0.07142857143,0.01785714286
1,1,0.9636363636,0.3518518519,0.5185185185,0.0,0.01851851852,0.0,0.0,0.0,0.09259259259,0.01851851852
1,1,0.8461538462,0.45,0.5333333333,0.0,0.0,0.0,0.0,0.0,0.0,0.01666666667
1,1,0.8932038835,0.3829787234,0.5319148936,0.0,0.04255319149,0.0,0.0,0.0,0.04255319149,0.0
1,1,0.8976377953,0.4390243902,0.487804878,0.0243902439,0.0,0.0,0.0,0.0,0.03658536585,0.01219512195
1,1,0.9038461538,0.3529411765,0.5490196078,0.0,0.01960784314,0.0,0.0,0.0,0.07843137255,0.0
1,1,0.9245283019,0.3265306122,0.5510204082,0.0,0.02040816327,0.0,0.0,0.0,0.1020408163,0.0
1,1,0.9230769231,0.3684210526,0.5789473684,0.0,0.0,0.0,0.0,0.0,0.05263157895,0.0
1,1,0.9038461538,0.3529411765,0.5294117647,0.0,0.01960784314,0.0,0.0,0.0,0.09803921569,0.0
1,1,0.9523809524,0.3103448276,0.6379310345,0.0,0.0,0.0,0.0,0.0,0.05172413793,0.0
1,1,0.9444444444,0.4,0.4833333333,0.01666666667,0.01666666667,0.0,0.0,0.0,0.08333333333,0.0
1,1,0.9444444444,0.3484848485,0.4696969697,0.0,0.01515151515,0.0,0.0,0.0,0.1060606061,0.06060606061
1,1,0.90625,0.4411764706,0.3823529412,0.0,0.0,0.01470588235,0.0,0.0,0.1323529412,0.02941176471
1,1,0.8571428571,0.4615384615,0.4615384615,0.0,0.0,0.0,0.0,0.07692307692,0.0,0.0
1,1,0.9345794393,0.2884615385,0.5961538462,0.0,0.0,0.0,0.0,0.0,0.1153846154,0.0
1,1,0.9230769231,0.4545454545,0.4935064935,0.0,0.0,0.0,0.0,0.0,0.05194805195,0.0
1,1,0.9345794393,0.32,0.56,0.0,0.02,0.0,0.0,0.0,0.1,0.0
1,1,0.9444444444,0.3265306122,0.5714285714,0.0,0.02040816327,0.0,0.0,0.0,0.08163265306,0.0
1,1,0.9076923077,0.4736842105,0.4605263158,0.0,0.0,0.0,0.0,0.0,0.06578947368,0.0
1,1,0.9444444444,0.3636363636,0.5303030303,0.0,0.01515151515,0.0,0.0,0.0,0.09090909091,0.0
1,1,0.9444444444,0.3571428571,0.5535714286,0.0,0.01785714286,0.0,0.0,0.0,0.07142857143,0.0
1,1,0.8976377953,0.4393939394,0.3181818182,0.01515151515,0.01515151515,0.0,0.0,0.0,0.1363636364,0.07575757576
1,1,0.896,0.3492063492,0.5714285714,0.0,0.01587301587,0.0,0.0,0.0,0.06349206349,0.0
1,1,0.9444444444,0.3818181818,0.5272727273,0.03636363636,0.01818181818,0.0,0.0,0.0,0.03636363636,0.0
1,1,0.8837209302,0.3870967742,0.435483871,0.0,0.0,0.0,0.0,0.1612903226,0.01612903226,0.0
1,1,0.9147286822,0.4230769231,0.5384615385,0.0,0.0,0.01282051282,0.0,0.0,0.02564102564,0.0
1,1,0.9142857143,0.358490566,0.5471698113,0.01886792453,0.01886792453,0.0,0.0,0.0,0.05660377358,0.0
1,1,0.9345794393,0.4142857143,0.4285714286,0.0,0.02857142857,0.0,0.0,0.0,0.1285714286,0.0
1,1,0.9197080292,0.4666666667,0.3466666667,0.0,0.01333333333,0.0,0.0,0.0,0.1333333333,0.04
1,1,0.9444444444,0.3090909091,0.5818181818,0.0,0.03636363636,0.0,0.0,0.0,0.07272727273,0.0
1,1,0.9142857143,0.358490566,0.5094339623,0.01886792453,0.01886792453,0.0,0.0,0.0,0.09433962264,0.0
1,1,0.9245283019,0.3968253968,0.4126984127,0.0,0.03174603175,0.0,0.0,0.0,0.09523809524,0.06349206349
1,1,0.9333333333,0.4385964912,0.4561403509,0.0,0.01754385965,0.0,0.0,0.0,0.0701754386,0.01754385965
1,1,0.9230769231,0.375,0.4642857143,0.0,0.01785714286,0.0,0.0,0.0,0.1428571429,0.0
1,1,0.8976377953,0.4406779661,0.5084745763,0.0,0.01694915254,0.01694915254,0.0,0.0,0.01694915254,0.0
1,1,0.8636363636,0.5230769231,0.4769230769,0.0,0.0,0.0,0.0,0.0,0.0,0.0
1,1,0.8823529412,0.38,0.44,0.02,0.02,0.02,0.0,0.0,0.08,0.04
1,1,0.9523809524,0.24,0.68,0.0,0.02,0.0,0.0,0.0,0.06,0.0
1,1,0.9038461538,0.2978723404,0.5744680851,0.0,0.02127659574,0.0,0.0,0.0,0.1063829787,0.0
1,1,0.9142857143,0.3965517241,0.4827586207,0.0,0.01724137931,0.0,0.0,0.0,0.06896551724,0.03448275862
1,1,0.9312977099,0.4,0.5454545455,0.0,0.0,0.0,0.0,0.0,0.05454545455,0.0
1,1,0.9147286822,0.5057471264,0.4252873563,0.01149425287,0.0,0.0,0.0,0.0,0.02298850575,0.03448275862
1,1,0.8888888889,0.4736842105,0.4868421053,0.0,0.0,0.01315789474,0.0,0.0,0.02631578947,0.0
1,1,0.9541284404,0.2909090909,0.5636363636,0.01818181818,0.01818181818,0.0,0.0,0.0,0.1090909091,0.0
1,1,0.896,0.4328358209,0.4029850746,0.0,0.0,0.0,0.0,0.0,0.1194029851,0.0447761194
1,1,0.9444444444,0.3773584906,0.5283018868,0.0,0.01886792453,0.0,0.0,0.0,0.07547169811,0.0
1,1,0.8805970149,0.5147058824,0.4117647059,0.0,0.0,0.0,0.0,0.05882352941,0.01470588235,0.0
1,1,0.9433962264,0.4,0.5090909091,0.0,0.01818181818,0.0,0.0,0.0,0.07272727273,0.0
1,1,0.9215686275,0.4426229508,0.4098360656,0.0,0.01639344262,0.0,0.0,0.0,0.131147541,0.0
1,1,0.8943089431,0.4237288136,0.5254237288,0.01694915254,0.0,0.0,0.0,0.0,0.03389830508,0.0
1,1,0.9393939394,0.359375,0.53125,0.03125,0.0,0.0,0.0,0.0,0.078125,0.0
1,1,0.9433962264,0.3333333333,0.537037037,0.01851851852,0.01851851852,0.0,0.0,0.0,0.09259259259,0.0
1,1,0.932038835,0.3518518519,0.4814814815,0.0,0.01851851852,0.0,0.0,0.0,0.1296296296,0.01851851852
1,1,0.9312977099,0.3880597015,0.4626865672,0.01492537313,0.0,0.0,0.0,0.0,0.08955223881,0.0447761194
1,1,0.9345794393,0.38,0.54,0.0,0.02,0.0,0.0,0.0,0.04,0.02
1,1,0.8760330579,0.5172413793,0.4310344828,0.0,0.0,0.0,0.0,0.0,0.05172413793,0.0
1,1,0.921875,0.4107142857,0.5357142857,0.0,0.0,0.01785714286,0.0,0.0,0.03571428571,0.0
1,1,0.8636363636,0.4626865672,0.5373134328,0.0,0.0,0.0,0.0,0.0,0.0,0.0
1,1,0.9312977099,0.4320987654,0.5061728395,0.01234567901,0.0,0.0,0.0,0.0,0.04938271605,0.0
1,1,0.9345794393,0.3461538462,0.5384615385,0.0,0.01923076923,0.0,0.0,0.0,0.07692307692,0.01923076923
1,1,0.9245283019,0.2653061224,0.612244898,0.0,0.0,0.0,0.0,0.0,0.1224489796,0.0
1,1,0.8976377953,0.5230769231,0.4461538462,0.0,0.0,0.0,0.0,0.0,0.03076923077,0.0
1,1,0.9361702128,0.4857142857,0.4428571429,0.0,0.0,0.0,0.0,0.0,0.07142857143,0.0
1,1,0.9230769231,0.447761194,0.4626865672,0.01492537313,0.0,0.0,0.0,0.0,0.07462686567,0.0
1,1,0.9433962264,0.3773584906,0.5094339623,0.0,0.01886792453,0.0,0.0,0.0,0.09433962264,0.0
1,1,0.9147286822,0.4831460674,0.4382022472,0.01123595506,0.01123595506,0.0,0.0,0.0,0.03370786517,0.02247191011
1,1,0.9444444444,0.4285714286,0.4603174603,0.0,0.01587301587,0.0,0.0,0.0,0.07936507937,0.01587301587
1,1,0.9245283019,0.3793103448,0.5862068966,0.0,0.0,0.0,0.0,0.0,0.03448275862,0.0
1,1,0.9104477612,0.56,0.44,0.0,0.0,0.0,0.0,0.0,0.0,0.0
1,1,0.9345794393,0.3818181818,0.5272727273,0.0,0.01818181818,0.03636363636,0.0,0.0,0.03636363636,0.0
1,1,0.90625,0.4743589744,0.4871794872,0.0,0.01282051282,0.0,0.0,0.0,0.02564102564,0.0
1,1,0.8932038835,0.4137931034,0.4482758621,0.0,0.01724137931,0.0,0.0,0.0,0.1206896552,0.0
1,1,0.9245283019,0.4230769231,0.4807692308,0.0,0.01923076923,0.0,0.0,0.0,0.07692307692,0.0
1,1,0.9142857143,0.3818181818,0.4727272727,0.0,0.01818181818,0.0,0.0,0.0,0.1272727273,0.0
1,1,0.9302325581,0.4342105263,0.5263157895,0.0,0.0,0.01315789474,0.0,0.0,0.01315789474,0.01315789474
1,1,0.9245283019,0.3725490196,0.5098039216,0.0,0.01960784314,0.0,0.0,0.0,0.09803921569,0.0
1,1,0.90625,0.4166666667,0.4861111111,0.0,0.0,0.01388888889,0.0,0.0,0.08333333333,0.0
1,1,0.9230769231,0.3974358974,0.5128205128,0.01282051282,0.01282051282,0.0,0.0,0.0,0.0641025641,0.0
1,1,0.9142857143,0.375,0.453125,0.0,0.03125,0.0,0.0,0.0,0.140625,0.0
1,1,0.9172932331,0.1851851852,0.4938271605,0.1604938272,0.01234567901,0.0,0.0,0.0,0.04938271605,0.0987654321
1,1,0.7704918033,0.5079365079,0.4126984127,0.0,0.0,0.01587301587,0.0,0.0,0.06349206349,0.0
1,1,0.9541284404,0.3392857143,0.5535714286,0.0,0.01785714286,0.0,0.0,0.0,0.07142857143,0.01785714286
1,1,0.9245283019,0.3846153846,0.4807692308,0.0,0.03846153846,0.0,0.0,0.0,0.09615384615,0.0
1,1,0.9038461538,0.320754717,0.5471698113,0.0,0.01886792453,0.0,0.0,0.0,0.1132075472,0.0
1,1,0.9245283019,0.16,0.72,0.0,0.02,0.0,0.0,0.0,0.08,0.02
1,1,0.88,0.4561403509,0.4385964912,0.0,0.0350877193,0.01754385965,0.0,0.0,0.0350877193,0.01754385965
1,1,0.9465648855,0.4074074074,0.5185185185,0.0,0.0,0.0,0.0,0.0,0.07407407407,0.0
1,1,0.8976377953,0.4179104478,0.5074626866,0.0,0.0,0.01492537313,0.0,0.0,0.05970149254,0.0
1,1,0.9245283019,0.2857142857,0.4693877551,0.0,0.02040816327,0.0,0.0,0.0,0.2244897959,0.0
1,1,0.9142857143,0.38,0.5,0.0,0.02,0.0,0.0,0.0,0.1,0.0
1,1,0.9038461538,0.25,0.6363636364,0.02272727273,0.02272727273,0.0,0.0,0.0,0.06818181818,0.0
1,1,0.8740740741,0.4782608696,0.5217391304,0.0,0.0,0.0,0.0,0.0,0.0,0.0
1,1,0.9245283019,0.4,0.5090909091,0.0,0.01818181818,0.0,0.0,0.0,0.07272727273,0.0
1,1,0.9345794393,0.3272727273,0.5272727273,0.03636363636,0.01818181818,0.0,0.0,0.0,0.09090909091,0.0
1,1,0.9126213592,0.3469387755,0.5918367347,0.0,0.02040816327,0.0,0.0,0.0,0.04081632653,0.0
1,1,0.9206349206,0.3692307692,0.5692307692,0.0,0.0,0.0,0.0,0.0,0.06153846154,0.0
1,1,0.9245283019,0.4166666667,0.4666666667,0.0,0.03333333333,0.0,0.0,0.0,0.08333333333,0.0
1,1,0.9345794393,0.3333333333,0.5185185185,0.0,0.01851851852,0.0,0.0,0.0,0.1296296296,0.0
1,1,0.9147286822,0.4179104478,0.4776119403,0.01492537313,0.0,0.0,0.0,0.0,0.08955223881,0.0
1,1,0.9230769231,0.4078947368,0.5131578947,0.01315789474,0.0,0.0,0.0,0.0,0.05263157895,0.01315789474
1,1,0.9142857143,0.3541666667,0.5625,0.0,0.02083333333,0.0,0.0,0.0,0.0625,0.0
1,1,0.9038461538,0.4545454545,0.4727272727,0.0,0.03636363636,0.0,0.0,0.0,0.03636363636,0.0
1,1,0.8787878788,0.4558823529,0.3823529412,0.0,0.0,0.0,0.0,0.1470588235,0.01470588235,0.0
1,1,0.8976377953,0.5,0.3857142857,0.0,0.0,0.0,0.0,0.0,0.1,0.01428571429
1,1,0.9142857143,0.3859649123,0.4561403509,0.0,0.01754385965,0.0,0.0,0.0,0.1403508772,0.0
1,1,0.921875,0.3968253968,0.4761904762,0.01587301587,0.0,0.0,0.0,0.0,0.07936507937,0.03174603175
1,1,0.9038461538,0.3,0.54,0.0,0.02,0.0,0.0,0.0,0.14,0.0
1,1,0.9345794393,0.34,0.56,0.0,0.02,0.0,0.0,0.0,0.08,0.0
1,1,0.912,0.4666666667,0.5166666667,0.0,0.0,0.0,0.0,0.0,0.01666666667,0.0
1,1,0.9142857143,0.3703703704,0.5,0.0,0.01851851852,0.0,0.0,0.0,0.1111111111,0.0
1,1,0.9345794393,0.4482758621,0.4827586207,0.0,0.01724137931,0.0,0.0,0.0,0.05172413793,0.0
1,1,0.9108910891,0.3469387755,0.5510204082,0.0,0.0,0.0,0.0,0.0,0.1020408163,0.0
1,1,0.9133858268,0.4262295082,0.4918032787,0.0,0.0,0.0,0.0,0.0,0.08196721311,0.0
1,1,0.8939393939,0.4857142857,0.5142857143,0.0,0.0,0.0,0.0,0.0,0.0,0.0
1,1,0.9345794393,0.3191489362,0.6170212766,0.0,0.02127659574,0.0,0.0,0.0,0.04255319149,0.0
1,1,0.9345794393,0.350877193,0.5438596491,0.01754385965,0.01754385965,0.0,0.0,0.0,0.0701754386,0.0
1,1,0.9142857143,0.4,0.4545454545,0.0,0.01818181818,0.0,0.0,0.0,0.1272727273,0.0
1,1,0.9230769231,0.4776119403,0.4626865672,0.01492537313,0.0,0.0,0.0,0.0,0.0447761194,0.0
1,1,0.9245283019,0.3469387755,0.5102040816,0.0,0.02040816327,0.0,0.0,0.0,0.1224489796,0.0
1,1,0.9345794393,0.32,0.56,0.0,0.02,0.0,0.0,0.0,0.1,0.0
1,1,0.9245283019,0.3777777778,0.5111111111,0.0,0.02222222222,0.02222222222,0.0,0.0,0.06666666667,0.0
1,1,0.9147286822,0.4035087719,0.5087719298,0.0,0.0,0.0,0.0,0.0,0.08771929825,0.0
1,1,0.9245283019,0.3529411765,0.5490196078,0.0,0.0,0.0,0.0,0.0,0.09803921569,0.0
1,1,0.9038461538,0.3559322034,0.4576271186,0.0,0.01694915254,0.0,0.0,0.0,0.1186440678,0.05084745763
1,1,0.8484848485,0.453125,0.46875,0.0,0.0,0.0,0.0,0.078125,0.0,0.0
1,1,0.9019607843,0.3555555556,0.5777777778,0.0,0.02222222222,0.0,0.0,0.0,0.04444444444,0.0
1,1,0.9142857143,0.375,0.5416666667,0.0,0.02083333333,0.0,0.0,0.0,0.04166666667,0.02083333333
1,1,0.9333333333,0.4166666667,0.45,0.0,0.01666666667,0.0,0.0,0.0,0.08333333333,0.03333333333
1,1,0.9333333333,0.3538461538,0.5384615385,0.0,0.01538461538,0.0,0.0,0.0,0.09230769231,0.0
1,1,0.9245283019,0.3787878788,0.4545454545,0.0,0.0303030303,0.0,0.0,0.0,0.1363636364,0.0
1,1,0.8888888889,0.4107142857,0.5,0.0,0.0,0.0,0.0,0.0,0.08928571429,0.0
1,1,0.9245283019,0.4745762712,0.4237288136,0.0,0.01694915254,0.0,0.0,0.0,0.06779661017,0.01694915254
1,1,0.9345794393,0.4561403509,0.4912280702,0.0,0.01754385965,0.0,0.0,0.0,0.0350877193,0.0
1,1,0.9142857143,0.4647887324,0.3943661972,0.0,0.01408450704,0.0,0.0,0.0,0.08450704225,0.04225352113
1,1,0.9245283019,0.320754717,0.5660377358,0.01886792453,0.01886792453,0.0,0.0,0.0,0.07547169811,0.0
1,1,0.8615384615,0.4571428571,0.4,0.0,0.0,0.0,0.0,0.1428571429,0.0,0.0
1,1,0.9312977099,0.4153846154,0.4769230769,0.0,0.0,0.0,0.0,0.0,0.1076923077,0.0
1,1,0.9444444444,0.406779661,0.5084745763,0.01694915254,0.01694915254,0.0,0.0,0.0,0.03389830508,0.01694915254
1,1,0.9230769231,0.3265306122,0.5510204082,0.0,0.02040816327,0.0,0.0,0.0,0.1020408163,0.0
1,1,0.9038461538,0.393442623,0.5573770492,0.0,0.0,0.0,0.0,0.0,0.04918032787,0.0
1,1,0.9147286822,0.4626865672,0.4029850746,0.0,0.0,0.0,0.0,0.0,0.1194029851,0.01492537313
1,1,0.9142857143,0.2978723404,0.5744680851,0.0,0.02127659574,0.0,0.0,0.0,0.1063829787,0.0
1,1,0.9345794393,0.2962962963,0.5555555556,0.0,0.01851851852,0.0,0.0,0.0,0.1296296296,0.0
1,1,0.90625,0.4545454545,0.4090909091,0.0,0.0,0.0,0.0,0.0,0.1212121212,0.01515151515
1,1,0.9245283019,0.4035087719,0.4736842105,0.0,0.01754385965,0.01754385965,0.0,0.0,0.05263157895,0.0350877193
1,1,0.9126213592,0.3404255319,0.5531914894,0.0,0.02127659574,0.0,0.0,0.0,0.08510638298,0.0
1,1,0.9051094891,0.5277777778,0.4722222222,0.0,0.0,0.0,0.0,0.0,0.0,0.0
1,1,0.8976377953,0.5230769231,0.4461538462,0.0,0.0,0.0,0.0,0.0,0.03076923077,0.0
1,1,0.9444444444,0.3538461538,0.5384615385,0.0,0.01538461538,0.0,0.0,0.0,0.09230769231,0.0
1,1,0.9444444444,0.4107142857,0.5357142857,0.0,0.0,0.0,0.0,0.0,0.05357142857,0.0
1,1,0.9444444444,0.359375,0.484375,0.0,0.03125,0.0,0.0,0.0,0.125,0.0
1,1,0.90625,0.4459459459,0.4864864865,0.0,0.0,0.01351351351,0.0,0.0,0.05405405405,0.0
1,1,0.9444444444,0.3454545455,0.5454545455,0.0,0.01818181818,0.0,0.0,0.0,0.09090909091,0.0
1,1,0.9622641509,0.34375,0.578125,0.0,0.0,0.0,0.0,0.0,0.078125,0.0
1,1,0.9636363636,0.3035714286,0.6071428571,0.01785714286,0.01785714286,0.0,0.0,0.0,0.05357142857,0.0
1,1,0.962962963,0.3454545455,0.5636363636,0.0,0.01818181818,0.0,0.0,0.0,0.05454545455,0.01818181818
1,1,0.9142857143,0.4285714286,0.4642857143,0.01785714286,0.03571428571,0.0,0.0,0.0,0.05357142857,0.0
1,1,0.8702290076,0.4857142857,0.5142857143,0.0,0.0,0.0,0.0,0.0,0.0,0.0
1,1,0.9457364341,0.4303797468,0.4936708861,0.0,0.0,0.0,0.0,0.0,0.07594936709,0.0
1,1,0.9230769231,0.4193548387,0.4838709677,0.0,0.0,0.0,0.0,0.0,0.09677419355,0.0
1,1,0.9245283019,0.34,0.56,0.0,0.02,0.0,0.0,0.0,0.08,0.0
1,1,0.9230769231,0.4225352113,0.4225352113,0.01408450704,0.0,0.0,0.0,0.0,0.08450704225,0.05633802817
1,1,0.9444444444,0.390625,0.5625,0.0,0.0,0.0,0.0,0.0,0.046875,0.0
1,1,0.9302325581,0.4125,0.5125,0.0125,0.0,0.0,0.0,0.0,0.0625,0.0
1,1,0.8823529412,0.3921568627,0.4901960784,0.01960784314,0.03921568627,0.0,0.0,0.0,0.05882352941,0.0
1,1,0.9215686275,0.3157894737,0.4912280702,0.0,0.01754385965,0.0,0.0,0.0,0.1754385965,0.0
1,1,0.9230769231,0.4590163934,0.4918032787,0.0,0.0,0.0,0.0,0.0,0.03278688525,0.01639344262
1,1,0.9245283019,0.3636363636,0.5272727273,0.0,0.01818181818,0.0,0.0,0.0,0.09090909091,0.0
1,1,0.8636363636,0.4347826087,0.5652173913,0.0,0.0,0.0,0.0,0.0,0.0,0.0
1,1,0.9457364341,0.4772727273,0.4431818182,0.0,0.0,0.0,0.0,0.0,0.07954545455,0.0
1,1,0.9285714286,0.4594594595,0.4324324324,0.0,0.0,0.0,0.0,0.0,0.1081081081,0.0
1,1,0.9622641509,0.3833333333,0.5,0.0,0.0,0.0,0.0,0.0,0.1,0.01666666667
1,1,0.9126213592,0.3529411765,0.5294117647,0.0,0.03921568627,0.0,0.0,0.0,0.07843137255,0.0
1,1,0.88,0.4716981132,0.4150943396,0.01886792453,0.01886792453,0.0,0.0,0.0,0.07547169811,0.0
1,1,0.9245283019,0.3404255319,0.5744680851,0.0,0.02127659574,0.0,0.0,0.0,0.06382978723,0.0
1,1,0.9345794393,0.4237288136,0.4745762712,0.01694915254,0.03389830508,0.0,0.0,0.0,0.05084745763,0.0
1,1,0.9291338583,0.4133333333,0.5466666667,0.0,0.0,0.0,0.0,0.0,0.04,0.0
1,1,0.9444444444,0.3396226415,0.5471698113,0.0,0.01886792453,0.0,0.0,0.0,0.09433962264,0.0
1,1,0.9245283019,0.2727272727,0.5909090909,0.02272727273,0.02272727273,0.0,0.0,0.0,0.09090909091,0.0
1,1,0.8872180451,0.4852941176,0.4264705882,0.0,0.0,0.0,0.0,0.07352941176,0.01470588235,0.0
1,1,0.9719626168,0.2857142857,0.5714285714,0.0,0.01785714286,0.0,0.0,0.0,0.1071428571,0.01785714286
1,1,0.8932038835,0.4137931034,0.4655172414,0.0,0.01724137931,0.0,0.0,0.0,0.08620689655,0.01724137931
1,1,0.9245283019,0.4032258065,0.435483871,0.0,0.01612903226,0.0,0.0,0.0,0.09677419355,0.04838709677
1,1,0.9345794393,0.34375,0.59375,0.0,0.0,0.0,0.0,0.0,0.0625,0.0
1,1,0.9038461538,0.4285714286,0.4642857143,0.01785714286,0.01785714286,0.0,0.0,0.0,0.07142857143,0.0
1,1,0.9345794393,0.34,0.56,0.0,0.02,0.0,0.0,0.0,0.08,0.0
1,1,0.9444444444,0.4426229508,0.4754098361,0.01639344262,0.01639344262,0.0,0.0,0.0,0.04918032787,0.0
1,1,0.9444444444,0.3636363636,0.5272727273,0.03636363636,0.01818181818,0.0,0.0,0.0,0.05454545455,0.0
1,1,0.8976377953,0.5223880597,0.4179104478,0.0,0.02985074627,0.0,0.0,0.0,0.02985074627,0.0
1,1,0.9142857143,0.3404255319,0.5319148936,0.0,0.02127659574,0.0,0.0,0.0,0.1063829787,0.0
1,1,0.8870967742,0.5294117647,0.4705882353,0.0,0.0,0.0,0.0,0.0,0.0,0.0
1,1,0.8571428571,0.4925373134,0.4328358209,0.0,0.0,0.0,0.0,0.07462686567,0.0,0.0
1,1,0.9444444444,0.4237288136,0.4915254237,0.0,0.01694915254,0.0,0.0,0.0,0.06779661017,0.0
1,1,0.9345794393,0.3653846154,0.5384615385,0.0,0.01923076923,0.0,0.0,0.0,0.07692307692,0.0
1,1,0.9147286822,0.4320987654,0.4691358025,0.0,0.0,0.01234567901,0.0,0.0,0.08641975309,0.0
1,1,0.9444444444,0.3333333333,0.5555555556,0.03703703704,0.01851851852,0.0,0.0,0.0,0.05555555556,0.0
1,1,0.90625,0.5061728395,0.4567901235,0.0,0.0,0.0,0.0,0.0,0.03703703704,0.0
1,1,0.9444444444,0.3214285714,0.5535714286,0.03571428571,0.01785714286,0.0,0.0,0.0,0.07142857143,0.0
1,1,0.8712871287,0.4259259259,0.3888888889,0.0,0.0,0.03703703704,0.0,0.0,0.1481481481,0.0
1,1,0.9245283019,0.2916666667,0.6041666667,0.02083333333,0.02083333333,0.0,0.0,0.0,0.0625,0.0
1,1,0.9345794393,0.4528301887,0.4905660377,0.0,0.01886792453,0.0,0.0,0.0,0.03773584906,0.0
1,1,0.9345794393,0.3461538462,0.5769230769,0.0,0.01923076923,0.0,0.0,0.0,0.03846153846,0.01923076923
1,1,0.9064748201,0.5540540541,0.4459459459,0.0,0.0,0.0,0.0,0.0,0.0,0.0
1,1,0.9133858268,0.515625,0.390625,0.03125,0.0,0.0,0.0,0.0,0.0625,0.0
1,1,0.9312977099,0.4090909091,0.4848484848,0.0,0.0,0.0,0.0,0.0,0.07575757576,0.0303030303
1,1,0.9245283019,0.4655172414,0.4655172414,0.0,0.01724137931,0.0,0.0,0.0,0.05172413793,0.0
1,1,0.9245283019,0.2978723404,0.5744680851,0.0,0.02127659574,0.0,0.0,0.0,0.1063829787,0.0
1,1,0.9523809524,0.3793103448,0.5344827586,0.0,0.01724137931,0.0,0.0,0.0,0.06896551724,0.0
1,1,0.9245283019,0.3469387755,0.5306122449,0.0,0.02040816327,0.0,0.0,0.0,0.1020408163,0.0
1,1,0.9245283019,0.4166666667,0.4833333333,0.0,0.01666666667,0.0,0.0,0.0,0.06666666667,0.01666666667
1,1,0.9345794393,0.3269230769,0.5192307692,0.0,0.01923076923,0.0,0.0,0.0,0.1346153846,0.0
1,1,0.9038461538,0.2916666667,0.5625,0.0,0.02083333333,0.0,0.0,0.0,0.125,0.0
1,1,0.9142857143,0.3636363636,0.4909090909,0.01818181818,0.01818181818,0.0,0.0,0.0,0.09090909091,0.01818181818
1,1,0.8387096774,0.4576271186,0.5423728814,0.0,0.0,0.0,0.0,0.0,0.0,0.0
1,1,0.9142857143,0.3703703704,0.5,0.0,0.01851851852,0.0,0.0,0.0,0.1111111111,0.0
1,1,0.9142857143,0.3529411765,0.4901960784,0.0,0.01960784314,0.0,0.0,0.0,0.1176470588,0.01960784314
1,1,0.9436619718,0.4933333333,0.3466666667,0.0,0.01333333333,0.0,0.0,0.0,0.1066666667,0.04
1,1,0.9038461538,0.3548387097,0.5483870968,0.0,0.0,0.0,0.0,0.0,0.09677419355,0.0
1,1,0.9345794393,0.4,0.5090909091,0.0,0.01818181818,0.0,0.0,0.0,0.05454545455,0.01818181818
1,1,0.9444444444,0.4482758621,0.4827586207,0.0,0.01724137931,0.0,0.0,0.0,0.05172413793,0.0
1,1,0.8823529412,0.3265306122,0.5510204082,0.0,0.0,0.0,0.0,0.0,0.1224489796,0.0
1,1,0.9245283019,0.3703703704,0.537037037,0.01851851852,0.01851851852,0.0,0.0,0.0,0.05555555556,0.0
1,1,0.9523809524,0.298245614,0.5614035088,0.0,0.0350877193,0.0,0.0,0.0,0.1052631579,0.0
1,1,0.9142857143,0.3035714286,0.5892857143,0.0,0.01785714286,0.0,0.0,0.0,0.08928571429,0.0
1,1,0.8571428571,0.46875,0.484375,0.0,0.0,0.0,0.0,0.046875,0.0,0.0
1,1,0.9245283019,0.4242424242,0.3939393939,0.0,0.0303030303,0.0,0.0,0.0,0.1060606061,0.04545454545
1,1,0.9245283019,0.3265306122,0.5714285714,0.0,0.02040816327,0.0,0.0,0.0,0.08163265306,0.0
1,1,0.8823529412,0.3148148148,0.3888888889,0.0,0.03703703704,0.0,0.0,0.0,0.2592592593,0.0
1,1,0.9047619048,0.4823529412,0.4352941176,0.01176470588,0.0,0.0,0.0,0.0,0.03529411765,0.03529411765
1,1,0.9206349206,0.4057971014,0.4347826087,0.0,0.0,0.0,0.0,0.0,0.1304347826,0.02898550725
1,1,0.9142857143,0.3125,0.5625,0.0,0.02083333333,0.0,0.0,0.0,0.1041666667,0.0
1,1,0.9047619048,0.3692307692,0.5384615385,0.0,0.04615384615,0.0,0.0,0.0,0.04615384615,0.0
1,1,0.9038461538,0.4237288136,0.5593220339,0.0,0.0,0.0,0.0,0.0,0.01694915254,0.0
1,1,0.90625,0.5074626866,0.4328358209,0.0,0.02985074627,0.0,0.0,0.0,0.02985074627,0.0
1,1,0.9230769231,0.3673469388,0.5510204082,0.0,0.02040816327,0.0,0.0,0.0,0.04081632653,0.02040816327
1,1,0.816,0.4912280702,0.4912280702,0.0,0.0,0.0,0.0,0.0,0.0,0.01754385965
1,1,0.9423076923,0.26,0.6,0.0,0.02,0.0,0.0,0.0,0.12,0.0
1,1,0.9245283019,0.2884615385,0.5769230769,0.0,0.0,0.0,0.0,0.0,0.1346153846,0.0
1,1,0.9142857143,0.435483871,0.4516129032,0.0,0.01612903226,0.0,0.0,0.0,0.06451612903,0.03225806452
1,1,0.9142857143,0.3833333333,0.4333333333,0.0,0.01666666667,0.0,0.0,0.0,0.1166666667,0.05
1,1,0.9245283019,0.3888888889,0.5,0.01851851852,0.01851851852,0.0,0.0,0.0,0.07407407407,0.0
1,1,0.9345794393,0.306122449,0.5714285714,0.0,0.02040816327,0.0,0.0,0.0,0.1020408163,0.0
1,1,0.8976377953,0.4920634921,0.4761904762,0.0,0.0,0.0,0.0,0.0,0.03174603175,0.0
1,1,0.9473684211,0.4831460674,0.4269662921,0.0,0.0,0.0,0.0,0.0,0.08988764045,0.0
1,1,0.896,0.3859649123,0.5087719298,0.0,0.0,0.0,0.0,0.0,0.1052631579,0.0
1,1,0.9038461538,0.2941176471,0.5098039216,0.0,0.01960784314,0.0,0.0,0.0,0.1176470588,0.05882352941
1,1,0.8484848485,0.4761904762,0.4444444444,0.0,0.0,0.0,0.0,0.07936507937,0.0,0.0
1,1,0.9064748201,0.4819277108,0.4337349398,0.0,0.01204819277,0.0,0.0,0.0,0.07228915663,0.0
1,1,0.9245283019,0.4,0.5272727273,0.0,0.01818181818,0.0,0.0,0.0,0.05454545455,0.0
1,1,0.9142857143,0.375,0.4791666667,0.0,0.02083333333,0.0,0.0,0.0,0.125,0.0
1,1,0.9047619048,0.4098360656,0.4426229508,0.01639344262,0.0,0.0,0.0,0.0,0.08196721311,0.04918032787
1,1,0.90625,0.4722222222,0.4305555556,0.01388888889,0.0,0.0,0.0,0.0,0.05555555556,0.02777777778
1,1,0.9076923077,0.4933333333,0.4666666667,0.0,0.0,0.0,0.0,0.0,0.04,0.0
1,1,0.8870967742,0.4647887324,0.5070422535,0.0,0.0,0.0,0.0,0.0,0.02816901408,0.0
1,1,0.9245283019,0.380952381,0.4761904762,0.0,0.03174603175,0.0,0.0,0.0,0.1111111111,0.0
1,1,0.9245283019,0.2941176471,0.568627451,0.0,0.01960784314,0.0,0.0,0.0,0.1176470588,0.0
1,1,0.9423076923,0.2941176471,0.568627451,0.0,0.01960784314,0.0,0.0,0.0,0.1176470588,0.0
1,1,0.9051094891,0.52,0.48,0.0,0.0,0.0,0.0,0.0,0.0,0.0
1,1,0.9038461538,0.3846153846,0.4615384615,0.0,0.01923076923,0.0,0.0,0.0,0.1346153846,0.0
1,1,0.88,0.4423076923,0.4230769231,0.01923076923,0.01923076923,0.01923076923,0.0,0.0,0.05769230769,0.01923076923
1,1,0.9147286822,0.4507042254,0.4084507042,0.01408450704,0.0,0.0,0.0,0.0,0.1126760563,0.01408450704
1,1,0.9345794393,0.4029850746,0.4328358209,0.0,0.02985074627,0.0,0.0,0.0,0.1343283582,0.0
1,1,0.9147286822,0.3666666667,0.5666666667,0.0,0.0,0.0,0.0,0.0,0.06666666667,0.0
1,1,0.9245283019,0.3269230769,0.5384615385,0.0,0.01923076923,0.0,0.0,0.0,0.1153846154,0.0
1,1,0.9245283019,0.2608695652,0.6086956522,0.02173913043,0.02173913043,0.0,0.0,0.0,0.08695652174,0.0
1,1,0.9147286822,0.4857142857,0.4285714286,0.01428571429,0.0,0.0,0.0,0.0,0.05714285714,0.01428571429
1,1,0.9245283019,0.3928571429,0.5,0.0,0.01785714286,0.0,0.0,0.0,0.08928571429,0.0
1,1,0.9444444444,0.3272727273,0.5272727273,0.0,0.01818181818,0.0,0.0,0.0,0.1272727273,0.0
1,1,0.8823529412,0.4857142857,0.5142857143,0.0,0.0,0.0,0.0,0.0,0.0,0.0
1,1,0.9323308271,0.4769230769,0.4769230769,0.0,0.01538461538,0.0,0.0,0.0,0.01538461538,0.01538461538
1,1,0.8888888889,0.4677419355,0.3709677419,0.01612903226,0.0,0.0,0.0,0.0,0.1129032258,0.03225806452
1,1,0.9345794393,0.4035087719,0.4912280702,0.0,0.01754385965,0.0,0.0,0.0,0.0701754386,0.01754385965
1,1,0.9444444444,0.32,0.56,0.0,0.02,0.0,0.0,0.0,0.1,0.0
1,1,0.9230769231,0.4776119403,0.4776119403,0.0,0.0,0.01492537313,0.0,0.0,0.02985074627,0.0
1,1,0.9245283019,0.4385964912,0.4736842105,0.0,0.01754385965,0.0,0.0,0.0,0.0701754386,0.0
1,1,0.9142857143,0.4385964912,0.4385964912,0.0,0.01754385965,0.0,0.0,0.0,0.1052631579,0.0
1,1,0.9142857143,0.4285714286,0.4642857143,0.0,0.01785714286,0.0,0.0,0.0,0.08928571429,0.0
1,1,0.9245283019,0.2884615385,0.5192307692,0.0,0.03846153846,0.0,0.0,0.0,0.1538461538,0.0
1,1,0.9444444444,0.375,0.5178571429,0.0,0.01785714286,0.0,0.0,0.0,0.07142857143,0.01785714286
1,1,0.8549618321,0.5,0.4242424242,0.0,0.0,0.0,0.0,0.07575757576,0.0,0.0
1,1,0.9345794393,0.3278688525,0.5409836066,0.0,0.03278688525,0.0,0.0,0.0,0.09836065574,0.0
1,1,0.9245283019,0.3191489362,0.5744680851,0.0,0.02127659574,0.0,0.0,0.0,0.08510638298,0.0
1,1,0.9142857143,0.3965517241,0.4482758621,0.0,0.01724137931,0.0,0.0,0.0,0.1379310345,0.0
1,1,0.8870967742,0.3970588235,0.5294117647,0.0,0.0,0.0,0.0,0.0,0.07352941176,0.0
1,1,0.8712871287,0.3529411765,0.4509803922,0.0,0.03921568627,0.0,0.0,0.0,0.1568627451,0.0
1,1,0.9719626168,0.3714285714,0.5571428571,0.0,0.0,0.0,0.0,0.0,0.07142857143,0.0
1,1,0.9230769231,0.4285714286,0.4920634921,0.01587301587,0.0,0.0,0.0,0.0,0.06349206349,0.0
1,1,0.9345794393,0.2916666667,0.5833333333,0.0,0.02083333333,0.0,0.0,0.0,0.1041666667,0.0
1,1,0.9245283019,0.4339622642,0.4905660377,0.0,0.01886792453,0.0,0.0,0.0,0.05660377358,0.0
1,1,0.9230769231,0.4594594595,0.5,0.0,0.0,0.01351351351,0.0,0.0,0.02702702703,0.0
1,1,0.8888888889,0.4571428571,0.3714285714,0.0,0.0,0.0,0.0,0.1571428571,0.01428571429,0.0
1,1,0.9142857143,0.36,0.52,0.0,0.02,0.0,0.0,0.0,0.1,0.0
1,1,0.9423076923,0.2708333333,0.5833333333,0.0,0.02083333333,0.0,0.0,0.0,0.125,0.0
1,1,0.9245283019,0.380952381,0.4444444444,0.0,0.03174603175,0.0,0.0,0.0,0.1428571429,0.0
1,1,0.8823529412,0.3469387755,0.4081632653,0.0,0.04081632653,0.0,0.0,0.0,0.1836734694,0.02040816327
1,1,0.9345794393,0.3818181818,0.4909090909,0.0,0.01818181818,0.0,0.0,0.0,0.1090909091,0.0
1,1,0.9541284404,0.2307692308,0.6538461538,0.0,0.01923076923,0.0,0.0,0.0,0.09615384615,0.0
1,1,0.9245283019,0.4107142857,0.4821428571,0.0,0.01785714286,0.0,0.0,0.0,0.08928571429,0.0
1,1,0.9245283019,0.3269230769,0.5192307692,0.0,0.0,0.03846153846,0.0,0.0,0.1153846154,0.0
1,1,0.8780487805,0.4411764706,0.5294117647,0.0,0.0,0.0,0.0,0.0,0.02941176471,0.0
1,1,0.9312977099,0.4864864865,0.5,0.0,0.0,0.0,0.0,0.0,0.01351351351,0.0
1,1,0.9090909091,0.4625,0.425,0.025,0.0,0.0,0.0,0.0,0.0875,0.0
1,1,0.9185185185,0.3333333333,0.4712643678,0.02298850575,0.01149425287,0.0,0.0,0.0,0.05747126437,0.1034482759
1,1,0.8524590164,0.4642857143,0.3928571429,0.0,0.0,0.0,0.0,0.125,0.01785714286,0.0
1,1,0.9230769231,0.4310344828,0.4482758621,0.0,0.03448275862,0.0,0.0,0.0,0.08620689655,0.0
1,1,0.9038461538,0.3529411765,0.4901960784,0.0,0.01960784314,0.0,0.0,0.0,0.137254902,0.0
1,1,0.9142857143,0.4727272727,0.4363636364,0.0,0.01818181818,0.0,0.0,0.0,0.07272727273,0.0
1,1,0.9541284404,0.350877193,0.5614035088,0.0350877193,0.01754385965,0.0,0.0,0.0,0.0350877193,0.0
1,1,0.90625,0.4852941176,0.4264705882,0.01470588235,0.0,0.0,0.0,0.0,0.05882352941,0.01470588235
1,1,0.9312977099,0.4342105263,0.5394736842,0.0,0.0,0.0,0.0,0.0,0.02631578947,0.0
1,1,0.9147286822,0.4698795181,0.4457831325,0.0,0.0,0.0,0.0,0.0,0.0843373494,0.0
1,1,0.8823529412,0.3396226415,0.4905660377,0.0,0.0,0.0,0.0,0.0,0.1698113208,0.0
1,1,0.9038461538,0.3559322034,0.593220339,0.0,0.0,0.0,0.0,0.0,0.05084745763,0.0
1,1,0.9428571429,0.5064935065,0.3636363636,0.0,0.01298701299,0.01298701299,0.0,0.0,0.09090909091,0.01298701299
1,1,0.8636363636,0.5074626866,0.447761194,0.0,0.0,0.0,0.0,0.0447761194,0.0,0.0
1,1,0.9193548387,0.4366197183,0.4788732394,0.0,0.0,0.0,0.0,0.0,0.08450704225,0.0
1,1,0.9444444444,0.4,0.4615384615,0.0,0.03076923077,0.0,0.0,0.0,0.1076923077,0.0
1,1,0.9444444444,0.3965517241,0.5172413793,0.0,0.01724137931,0.0,0.0,0.0,0.06896551724,0.0
1,1,0.9038461538,0.3617021277,0.5319148936,0.0,0.0,0.0,0.0,0.0,0.1063829787,0.0
1,1,0.9312977099,0.4605263158,0.4736842105,0.0,0.01315789474,0.01315789474,0.0,0.0,0.03947368421,0.0
1,1,0.9019607843,0.3818181818,0.4727272727,0.0,0.01818181818,0.0,0.0,0.0,0.1272727273,0.0
1,1,0.9242424242,0.3815789474,0.5,0.01315789474,0.0,0.0,0.0,0.0,0.1052631579,0.0
1,1,0.9444444444,0.393442623,0.4754098361,0.01639344262,0.01639344262,0.0,0.0,0.0,0.09836065574,0.0
1,1,0.9142857143,0.4333333333,0.4333333333,0.0,0.01666666667,0.0,0.0,0.0,0.1166666667,0.0
1,1,0.9523809524,0.4098360656,0.4754098361,0.01639344262,0.01639344262,0.0,0.0,0.0,0.08196721311,0.0
1,1,0.8571428571,0.4920634921,0.5079365079,0.0,0.0,0.0,0.0,0.0,0.0,0.0
1,1,0.90625,0.3571428571,0.5535714286,0.0,0.0,0.0,0.0,0.0,0.08928571429,0.0
1,1,0.9345794393,0.3898305085,0.4745762712,0.0,0.01694915254,0.01694915254,0.0,0.0,0.06779661017,0.03389830508
1,1,0.9142857143,0.3541666667,0.5208333333,0.0,0.02083333333,0.0,0.0,0.0,0.1041666667,0.0
1,1,0.9444444444,0.4347826087,0.5217391304,0.0,0.0,0.0,0.0,0.0,0.04347826087,0.0
1,1,0.9514563107,0.393442623,0.4918032787,0.0,0.0,0.0,0.0,0.0,0.1147540984,0.0
1,1,0.9142857143,0.3461538462,0.5192307692,0.03846153846,0.01923076923,0.0,0.0,0.0,0.07692307692,0.0
1,1,0.9444444444,0.40625,0.546875,0.0,0.0,0.0,0.0,0.0,0.046875,0.0
1,1,0.9038461538,0.320754717,0.5283018868,0.0,0.01886792453,0.0,0.0,0.0,0.09433962264,0.03773584906
1,1,0.9142857143,0.3559322034,0.5593220339,0.0,0.0,0.0,0.0,0.0,0.06779661017,0.01694915254
1,1,0.9245283019,0.4333333333,0.45,0.01666666667,0.01666666667,0.01666666667,0.0,0.0,0.05,0.01666666667
1,1,0.8656716418,0.5,0.4558823529,0.0,0.0,0.0,0.0,0.04411764706,0.0,0.0
1,1,0.9245283019,0.390625,0.546875,0.0,0.015625,0.0,0.0,0.0,0.046875,0.0
1,1,0.9245283019,0.350877193,0.5614035088,0.0,0.0,0.0,0.0,0.0,0.08771929825,0.0
1,1,0.9038461538,0.3541666667,0.5416666667,0.02083333333,0.02083333333,0.0,0.0,0.0,0.0625,0.0
1,1,0.8976377953,0.4032258065,0.5322580645,0.0,0.0,0.0,0.0,0.0,0.06451612903,0.0
1,1,0.9245283019,0.3333333333,0.5098039216,0.0,0.01960784314,0.0,0.0,0.0,0.137254902,0.0
1,1,0.9245283019,0.4210526316,0.4736842105,0.01754385965,0.01754385965,0.0,0.0,0.0,0.0701754386,0.0
1,1,0.9285714286,0.4942528736,0.4022988506,0.0,0.01149425287,0.0,0.0,0.0,0.09195402299,0.0
1,1,0.9038461538,0.38,0.52,0.02,0.02,0.0,0.0,0.0,0.06,0.0
1,1,0.9126213592,0.4590163934,0.4262295082,0.0,0.01639344262,0.0,0.0,0.0,0.06557377049,0.03278688525
1,1,0.9291338583,0.4133333333,0.4933333333,0.0,0.0,0.0,0.0,0.0,0.09333333333,0.0
1,1,0.9037037037,0.5342465753,0.4657534247,0.0,0.0,0.0,0.0,0.0,0.0,0.0
1,1,0.9345794393,0.3636363636,0.5303030303,0.0,0.01515151515,0.0,0.0,0.0,0.07575757576,0.01515151515
1,1,0.9245283019,0.3191489362,0.5744680851,0.0,0.0,0.0,0.0,0.02127659574,0.08510638298,0.0
1,1,0.9361702128,0.4109589041,0.4383561644,0.0,0.01369863014,0.01369863014,0.0,0.0,0.08219178082,0.04109589041
1,1,0.8976377953,0.3870967742,0.5161290323,0.03225806452,0.0,0.0,0.0,0.0,0.06451612903,0.0
1,1,0.9473684211,0.4659090909,0.4431818182,0.0,0.0,0.0,0.0,0.0,0.09090909091,0.0
1,1,0.9298245614,0.4137931034,0.4827586207,0.0,0.0,0.0,0.0,0.0,0.1034482759,0.0
1,1,0.9126213592,0.36,0.54,0.0,0.0,0.0,0.0,0.0,0.1,0.0
1,1,0.9142857143,0.3387096774,0.5806451613,0.0,0.01612903226,0.0,0.0,0.0,0.06451612903,0.0
1,1,0.9541284404,0.3888888889,0.5138888889,0.0,0.01388888889,0.0,0.0,0.0,0.06944444444,0.01388888889
1,1,0.9302325581,0.4605263158,0.4868421053,0.0,0.0,0.01315789474,0.0,0.0,0.03947368421,0.0
1,1,0.8461538462,0.4838709677,0.5161290323,0.0,0.0,0.0,0.0,0.0,0.0,0.0
1,1,0.921875,0.3802816901,0.5492957746,0.0,0.0,0.0,0.0,0.0,0.07042253521,0.0
1,1,0.9345794393,0.3653846154,0.5384615385,0.0,0.01923076923,0.0,0.0,0.0,0.07692307692,0.0
1,1,0.9245283019,0.46875,0.421875,0.0,0.015625,0.0,0.0,0.0,0.0625,0.03125
1,1,0.9444444444,0.3965517241,0.5,0.0,0.01724137931,0.0,0.0,0.0,0.08620689655,0.0
1,1,0.9142857143,0.44,0.5,0.0,0.02,0.0,0.0,0.0,0.04,0.0
1,1,0.9333333333,0.4545454545,0.4727272727,0.0,0.01818181818,0.0,0.0,0.0,0.05454545455,0.0
1,1,0.9245283019,0.3396226415,0.5660377358,0.01886792453,0.01886792453,0.0,0.0,0.0,0.05660377358,0.0
1,1,0.9444444444,0.3636363636,0.5454545455,0.0,0.01818181818,0.0,0.0,0.0,0.05454545455,0.01818181818
1,1,0.9047619048,0.4915254237,0.4406779661,0.0,0.03389830508,0.0,0.0,0.0,0.01694915254,0.01694915254
1,1,0.8823529412,0.3555555556,0.5555555556,0.02222222222,0.0,0.0,0.0,0.0,0.06666666667,0.0
1,1,0.8870967742,0.484375,0.515625,0.0,0.0,0.0,0.0,0.0,0.0,0.0
1,1,0.9230769231,0.3,0.56,0.0,0.02,0.0,0.0,0.0,0.12,0.0
1,1,0.896,0.4482758621,0.4827586207,0.0,0.0,0.01724137931,0.0,0.0,0.05172413793,0.0
1,1,0.9038461538,0.32,0.56,0.0,0.02,0.0,0.0,0.0,0.1,0.0
1,1,0.9230769231,0.4756097561,0.4390243902,0.0,0.0,0.0,0.0,0.0,0.08536585366,0.0
1,1,0.9444444444,0.2857142857,0.5918367347,0.0,0.02040816327,0.0,0.0,0.0,0.1020408163,0.0
1,1,0.9444444444,0.4210526316,0.4912280702,0.0,0.01754385965,0.0,0.0,0.0,0.0701754386,0.0
1,1,0.9345794393,0.3823529412,0.4558823529,0.0,0.02941176471,0.0,0.0,0.0,0.1323529412,0.0
1,1,0.9090909091,0.3559322034,0.4745762712,0.0,0.01694915254,0.0,0.0,0.0,0.1525423729,0.0
1,1,0.9345794393,0.3666666667,0.5666666667,0.01666666667,0.01666666667,0.0,0.0,0.0,0.03333333333,0.0
1,1,0.9038461538,0.4464285714,0.4642857143,0.01785714286,0.01785714286,0.0,0.0,0.0,0.05357142857,0.0
1,1,0.9104477612,0.5555555556,0.4444444444,0.0,0.0,0.0,0.0,0.0,0.0,0.0
1,1,0.9245283019,0.4426229508,0.4426229508,0.0,0.01639344262,0.0,0.0,0.0,0.09836065574,0.0
1,1,0.9444444444,0.45,0.4833333333,0.0,0.01666666667,0.0,0.0,0.0,0.05,0.0
1,1,0.9345794393,0.4035087719,0.4736842105,0.0,0.01754385965,0.0,0.0,0.0,0.1052631579,0.0
1,1,0.9496402878,0.4459459459,0.4054054054,0.0,0.01351351351,0.01351351351,0.0,0.0,0.09459459459,0.02702702703
1,1,0.9245283019,0.3269230769,0.5769230769,0.01923076923,0.01923076923,0.0,0.0,0.0,0.05769230769,0.0
1,1,0.9433962264,0.3518518519,0.5555555556,0.0,0.01851851852,0.0,0.0,0.0,0.05555555556,0.01851851852
1,1,0.9253731343,0.4714285714,0.4571428571,0.0,0.0,0.0,0.0,0.0,0.07142857143,0.0
1,1,0.9142857143,0.4181818182,0.5090909091,0.0,0.01818181818,0.0,0.0,0.0,0.05454545455,0.0
1,1,0.90625,0.4634146341,0.4756097561,0.0,0.0,0.0,0.0,0.0,0.0487804878,0.01219512195
1,1,0.9147286822,0.4603174603,0.4603174603,0.0,0.03174603175,0.0,0.0,0.0,0.03174603175,0.01587301587
1,1,0.8549618321,0.4615384615,0.5384615385,0.0,0.0,0.0,0.0,0.0,0.0,0.0
1,1,0.8932038835,0.4230769231,0.5,0.0,0.01923076923,0.0,0.0,0.0,0.05769230769,0.0
1,1,0.9345794393,0.359375,0.53125,0.0,0.015625,0.0,0.0,0.0,0.09375,0.0
1,1,0.9444444444,0.3333333333,0.5833333333,0.0,0.01666666667,0.0,0.0,0.0,0.06666666667,0.0
1,1,0.9245283019,0.32,0.58,0.0,0.02,0.0,0.0,0.0,0.06,0.02
1,1,0.9345794393,0.3461538462,0.5576923077,0.0,0.01923076923,0.0,0.0,0.0,0.07692307692,0.0
1,1,0.9444444444,0.3636363636,0.5636363636,0.01818181818,0.01818181818,0.0,0.0,0.0,0.03636363636,0.0
1,1,0.921875,0.4805194805,0.4155844156,0.01298701299,0.01298701299,0.0,0.0,0.0,0.07792207792,0.0
1,1,0.9375,0.3666666667,0.55,0.0,0.0,0.0,0.0,0.0,0.08333333333,0.0
1,1,0.9312977099,0.4347826087,0.4782608696,0.02898550725,0.0,0.0,0.0,0.0,0.05797101449,0.0
1,1,0.9142857143,0.2941176471,0.5490196078,0.0,0.01960784314,0.0,0.0,0.0,0.137254902,0.0
1,1,0.8787878788,0.5151515152,0.4242424242,0.0,0.0,0.0,0.0,0.04545454545,0.01515151515,0.0
1,1,0.9345794393,0.36,0.54,0.0,0.0,0.0,0.0,0.0,0.1,0.0
1,1,0.9444444444,0.3,0.6,0.0,0.02,0.0,0.0,0.0,0.08,0.0
1,1,0.9019607843,0.3617021277,0.5106382979,0.0,0.02127659574,0.0,0.0,0.0,0.1063829787,0.0
1,1,0.9142857143,0.3076923077,0.5961538462,0.0,0.0,0.0,0.0,0.0,0.09615384615,0.0
1,1,0.9016393443,0.4202898551,0.4347826087,0.0,0.0,0.0,0.0,0.0,0.115942029,0.02898550725
1,1,0.9230769231,0.3333333333,0.5490196078,0.01960784314,0.01960784314,0.0,0.0,0.0,0.07843137255,0.0
1,1,0.9253731343,0.4027777778,0.4027777778,0.01388888889,0.0,0.0,0.0,0.0,0.1111111111,0.06944444444
1,1,0.9147286822,0.3728813559,0.5423728814,0.0,0.0,0.0,0.0,0.0,0.08474576271,0.0
1,1,0.9433962264,0.320754717,0.5471698113,0.0,0.01886792453,0.0,0.0,0.0,0.1132075472,0.0
1,1,0.9038461538,0.3636363636,0.4727272727,0.0,0.01818181818,0.0,0.0,0.0,0.1090909091,0.03636363636
1,1,0.9172932331,0.4069767442,0.4186046512,0.06976744186,0.0,0.0,0.0,0.0,0.09302325581,0.01162790698
1,1,0.8970588235,0.4861111111,0.5138888889,0.0,0.0,0.0,0.0,0.0,0.0,0.0
1,1,0.9245283019,0.3272727273,0.4909090909,0.0,0.01818181818,0.0,0.0,0.0,0.1090909091,0.05454545455
1,1,0.9245283019,0.3333333333,0.5925925926,0.0,0.03703703704,0.0,0.0,0.0,0.03703703704,0.0
1,1,0.9444444444,0.3518518519,0.5555555556,0.0,0.01851851852,0.0,0.0,0.0,0.05555555556,0.01851851852
1,1,0.921875,0.5119047619,0.4166666667,0.0,0.0,0.0119047619,0.0,0.0,0.05952380952,0.0
1,1,0.88,0.4444444444,0.4444444444,0.01587301587,0.0,0.0,0.0,0.0,0.09523809524,0.0
1,1,0.9345794393,0.3859649123,0.4736842105,0.0,0.01754385965,0.0,0.0,0.0,0.1228070175,0.0
1,1,0.9622641509,0.3015873016,0.6031746032,0.0,0.0,0.0,0.0,0.0,0.09523809524,0.0
1,1,0.9345794393,0.3859649123,0.4912280702,0.01754385965,0.0350877193,0.0,0.0,0.0,0.0701754386,0.0
1,1,0.9433962264,0.4107142857,0.5178571429,0.0,0.01785714286,0.0,0.0,0.0,0.05357142857,0.0
1,1,0.9444444444,0.320754717,0.5660377358,0.0,0.01886792453,0.0,0.0,0.0,0.09433962264,0.0
1,1,0.8721804511,0.447761194,0.4029850746,0.0,0.0,0.0,0.0,0.1343283582,0.01492537313,0.0
1,1,0.9160305344,0.4705882353,0.4558823529,0.0,0.0,0.0,0.0,0.0,0.07352941176,0.0
1,1,0.9038461538,0.4230769231,0.4807692308,0.0,0.01923076923,0.0,0.0,0.0,0.07692307692,0.0
1,1,0.9230769231,0.4925373134,0.4626865672,0.0,0.0,0.0,0.0,0.0,0.0447761194,0.0
1,1,0.9019607843,0.3269230769,0.4807692308,0.0,0.01923076923,0.0,0.0,0.0,0.1153846154,0.05769230769
1,1,0.9433962264,0.406779661,0.4915254237,0.01694915254,0.01694915254,0.0,0.0,0.0,0.06779661017,0.0
1,1,0.9245283019,0.3818181818,0.5090909091,0.0,0.01818181818,0.0,0.0,0.0,0.09090909091,0.0
1,1,0.9208633094,0.4533333333,0.4,0.0,0.01333333333,0.0,0.0,0.0,0.09333333333,0.04
1,1,0.9433962264,0.4262295082,0.4426229508,0.0,0.01639344262,0.0,0.0,0.0,0.1147540984,0.0
1,1,0.9142857143,0.4426229508,0.4426229508,0.0,0.01639344262,0.0,0.0,0.0,0.09836065574,0.0
1,1,0.9291338583,0.3728813559,0.5423728814,0.0,0.0,0.0,0.0,0.0,0.08474576271,0.0
1,1,0.8571428571,0.5211267606,0.4788732394,0.0,0.0,0.0,0.0,0.0,0.0,0.0
1,1,0.9444444444,0.4035087719,0.5087719298,0.0,0.01754385965,0.0,0.0,0.0,0.05263157895,0.01754385965
1,1,0.9245283019,0.2978723404,0.5744680851,0.0,0.02127659574,0.0,0.0,0.0,0.1063829787,0.0
1,1,0.9230769231,0.38,0.5,0.0,0.02,0.0,0.0,0.0,0.1,0.0
1,1,0.9245283019,0.375,0.4821428571,0.0,0.01785714286,0.0,0.0,0.0,0.125,0.0
1,1,0.9038461538,0.3617021277,0.5319148936,0.0,0.02127659574,0.0,0.0,0.0,0.08510638298,0.0
1,1,0.9142857143,0.4385964912,0.4210526316,0.01754385965,0.01754385965,0.01754385965,0.0,0.0,0.0701754386,0.01754385965
1,1,0.9245283019,0.3709677419,0.5483870968,0.0,0.01612903226,0.0,0.0,0.0,0.06451612903,0.0
1,1,0.9444444444,0.3387096774,0.6290322581,0.0,0.0,0.0,0.0,0.0,0.03225806452,0.0
1,1,0.9245283019,0.3703703704,0.5,0.0,0.01851851852,0.0,0.0,0.0,0.1111111111,0.0
1,1,0.9444444444,0.32,0.58,0.0,0.02,0.0,0.0,0.0,0.08,0.0
1,1,0.8852459016,0.4769230769,0.5230769231,0.0,0.0,0.0,0.0,0.0,0.0,0.0
1,1,0.9393939394,0.4545454545,0.4848484848,0.0,0.0,0.0,0.0,0.0,0.06060606061,0.0
1,1,0.9147286822,0.4246575342,0.5342465753,0.0,0.0,0.0,0.0,0.0,0.04109589041,0.0
1,1,0.9133858268,0.4155844156,0.4805194805,0.01298701299,0.0,0.0,0.0,0.0,0.07792207792,0.01298701299
1,1,0.9444444444,0.4181818182,0.4909090909,0.0,0.01818181818,0.0,0.0,0.0,0.05454545455,0.01818181818
1,1,0.9541284404,0.3396226415,0.5660377358,0.0,0.01886792453,0.0,0.0,0.0,0.07547169811,0.0
1,1,0.9142857143,0.3846153846,0.5384615385,0.0,0.01923076923,0.0,0.0,0.0,0.05769230769,0.0
1,1,0.9245283019,0.4153846154,0.4615384615,0.01538461538,0.01538461538,0.0,0.0,0.0,0.07692307692,0.01538461538
1,1,0.9142857143,0.320754717,0.5094339623,0.0,0.01886792453,0.0,0.0,0.0,0.09433962264,0.05660377358
1,1,0.9444444444,0.3692307692,0.5846153846,0.0,0.0,0.0,0.0,0.0,0.04615384615,0.0
1,1,0.9245283019,0.435483871,0.435483871,0.0,0.01612903226,0.0,0.0,0.0,0.1129032258,0.0
1,1,0.8571428571,0.4848484848,0.5151515152,0.0,0.0,0.0,0.0,0.0,0.0,0.0
1,1,0.9541284404,0.320754717,0.5660377358,0.0,0.01886792453,0.0,0.0,0.0,0.09433962264,0.0
1,1,0.9345794393,0.38,0.54,0.0,0.02,0.0,0.0,0.0,0.04,0.02
1,1,0.9444444444,0.3928571429,0.5,0.0,0.01785714286,0.0,0.0,0.0,0.08928571429,0.0
1,1,0.9019607843,0.3846153846,0.4230769231,0.01923076923,0.01923076923,0.01923076923,0.0,0.0,0.09615384615,0.03846153846
1,1,0.9230769231,0.3396226415,0.5471698113,0.0,0.01886792453,0.0,0.0,0.0,0.09433962264,0.0
1,1,0.9312977099,0.4090909091,0.5151515152,0.0,0.0,0.0,0.0,0.0,0.07575757576,0.0
1,1,0.9245283019,0.3461538462,0.5192307692,0.0,0.01923076923,0.0,0.0,0.0,0.09615384615,0.01923076923
1,1,0.9541284404,0.3529411765,0.5588235294,0.0,0.01470588235,0.0,0.0,0.0,0.07352941176,0.0
1,1,0.9444444444,0.3947368421,0.4736842105,0.03947368421,0.01315789474,0.0,0.0,0.0,0.06578947368,0.01315789474
1,1,0.9345794393,0.3157894737,0.6315789474,0.0,0.0,0.0,0.0,0.0,0.05263157895,0.0
1,1,0.8721804511,0.4307692308,0.4153846154,0.0,0.0,0.0,0.0,0.1384615385,0.01538461538,0.0
1,1,0.896,0.3492063492,0.5714285714,0.01587301587,0.0,0.0,0.0,0.0,0.06349206349,0.0
1,1,0.9444444444,0.3818181818,0.5090909091,0.0,0.01818181818,0.0,0.0,0.0,0.07272727273,0.01818181818
1,1,0.9448818898,0.4588235294,0.4705882353,0.0,0.0,0.0,0.0,0.0,0.05882352941,0.01176470588
1,1,0.9375,0.5,0.4418604651,0.0,0.0,0.0,0.0,0.0,0.05813953488,0.0
1,1,0.9541284404,0.4375,0.484375,0.015625,0.015625,0.0,0.0,0.0,0.046875,0.0
1,1,0.90625,0.5303030303,0.4393939394,0.0,0.0,0.0,0.0,0.0,0.0303030303,0.0
1,1,0.90625,0.3898305085,0.5593220339,0.0,0.0,0.0,0.0,0.0,0.05084745763,0.0
1,1,0.9444444444,0.3,0.64,0.0,0.0,0.0,0.0,0.0,0.06,0.0
1,1,0.9147286822,0.4155844156,0.4935064935,0.0,0.01298701299,0.0,0.0,0.0,0.07792207792,0.0
1,1,0.9230769231,0.5138888889,0.4027777778,0.01388888889,0.0,0.0,0.0,0.0,0.04166666667,0.02777777778
1,1,0.8780487805,0.4444444444,0.5555555556,0.0,0.0,0.0,0.0,0.0,0.0,0.0
1,1,0.9333333333,0.3269230769,0.5384615385,0.01923076923,0.01923076923,0.0,0.0,0.0,0.09615384615,0.0
1,1,0.9142857143,0.3559322034,0.4576271186,0.0,0.01694915254,0.0,0.0,0.0,0.1355932203,0.03389830508
1,1,0.9245283019,0.4090909091,0.5454545455,0.0,0.0,0.0,0.0,0.0,0.04545454545,0.0
1,1,0.9038461538,0.3269230769,0.5961538462,0.0,0.0,0.0,0.0,0.0,0.07692307692,0.0
1,1,0.9142857143,0.3,0.5666666667,0.01666666667,0.0,0.0,0.0,0.0,0.1166666667,0.0
1,1,0.9444444444,0.32,0.58,0.0,0.02,0.0,0.0,0.0,0.08,0.0
1,1,0.8932038835,0.3617021277,0.5106382979,0.0,0.02127659574,0.0,0.0,0.0,0.1063829787,0.0
1,1,0.9345794393,0.4210526316,0.4912280702,0.0,0.01754385965,0.0,0.0,0.0,0.0701754386,0.0
1,1,0.9245283019,0.4285714286,0.4897959184,0.0,0.02040816327,0.0,0.0,0.0,0.0612244898,0.0
1,1,0.9245283019,0.3529411765,0.5490196078,0.01960784314,0.01960784314,0.0,0.0,0.0,0.05882352941,0.0
1,1,0.9130434783,0.5584415584,0.4415584416,0.0,0.0,0.0,0.0,0.0,0.0,0.0
1,1,0.9345794393,0.3703703704,0.537037037,0.0,0.01851851852,0.0,0.0,0.0,0.07407407407,0.0
1,1,0.9444444444,0.3529411765,0.5490196078,0.0,0.01960784314,0.0,0.0,0.0,0.07843137255,0.0
1,1,0.9444444444,0.3114754098,0.5737704918,0.0,0.01639344262,0.0,0.0,0.0,0.09836065574,0.0
1,1,0.8932038835,0.4807692308,0.4423076923,0.0,0.03846153846,0.0,0.0,0.0,0.03846153846,0.0
1,1,0.8823529412,0.3571428571,0.5714285714,0.0,0.0,0.0,0.0,0.0,0.07142857143,0.0
1,1,0.90625,0.5081967213,0.4262295082,0.0,0.01639344262,0.0,0.0,0.0,0.04918032787,0.0
1,1,0.9142857143,0.3396226415,0.5849056604,0.0,0.0,0.0,0.0,0.0,0.07547169811,0.0
1,1,0.9230769231,0.4507042254,0.3943661972,0.01408450704,0.0,0.0,0.0,0.0,0.1267605634,0.01408450704
1,1,0.9345794393,0.4035087719,0.4912280702,0.0,0.01754385965,0.0,0.0,0.0,0.0701754386,0.01754385965
1,1,0.9541284404,0.3835616438,0.5205479452,0.0,0.01369863014,0.0,0.0,0.0,0.06849315068,0.01369863014
1,1,0.8905109489,0.5540540541,0.4459459459,0.0,0.0,0.0,0.0,0.0,0.0,0.0
1,1,0.9245283019,0.3454545455,0.5272727273,0.0,0.01818181818,0.0,0.0,0.0,0.1090909091,0.0
1,1,0.9444444444,0.3898305085,0.5084745763,0.01694915254,0.01694915254,0.0,0.0,0.0,0.06779661017,0.0
1,1,0.9245283019,0.32,0.58,0.0,0.02,0.0,0.0,0.0,0.08,0.0
1,1,0.8870967742,0.5,0.4677419355,0.0,0.0,0.0,0.0,0.0,0.03225806452,0.0
1,1,0.9038461538,0.320754717,0.6226415094,0.0,0.0,0.0,0.0,0.0,0.05660377358,0.0
1,1,0.9032258065,0.3846153846,0.5192307692,0.01923076923,0.0,0.0,0.0,0.0,0.07692307692,0.0
1,1,0.9444444444,0.4166666667,0.4666666667,0.01666666667,0.03333333333,0.0,0.0,0.0,0.06666666667,0.0
1,1,0.90625,0.4246575342,0.5068493151,0.0,0.0,0.0,0.0,0.0,0.06849315068,0.0
1,1,0.8870967742,0.4347826087,0.5217391304,0.0,0.0,0.0,0.0,0.0,0.04347826087,0.0
1,1,0.912,0.4925373134,0.447761194,0.0,0.02985074627,0.0,0.0,0.0,0.02985074627,0.0
1,1,0.8595041322,0.4038461538,0.2884615385,0.0,0.0,0.01923076923,0.0,0.25,0.03846153846,0.0
1,1,0.9230769231,0.4285714286,0.4285714286,0.0,0.0,0.0,0.0,0.0,0.1285714286,0.01428571429
1,1,0.9517241379,0.5316455696,0.3037974684,0.0,0.01265822785,0.0,0.0,0.0,0.1139240506,0.03797468354
1,1,0.9444444444,0.3269230769,0.5576923077,0.0,0.01923076923,0.0,0.0,0.0,0.09615384615,0.0
1,1,0.9038461538,0.358490566,0.4905660377,0.0,0.01886792453,0.0,0.0,0.0,0.1320754717,0.0
1,1,0.9147286822,0.5,0.3823529412,0.01470588235,0.0,0.01470588235,0.0,0.0,0.07352941176,0.01470588235
1,1,0.9142857143,0.3846153846,0.5192307692,0.0,0.0,0.0,0.0,0.0,0.09615384615,0.0
1,1,0.9038461538,0.3529411765,0.5490196078,0.0,0.01960784314,0.0,0.0,0.0,0.07843137255,0.0
1,1,0.9160305344,0.5,0.4027777778,0.01388888889,0.0,0.0,0.0,0.0,0.05555555556,0.02777777778
1,1,0.9245283019,0.3148148148,0.5,0.0,0.01851851852,0.0,0.0,0.0,0.1111111111,0.05555555556
1,1,0.8932038835,0.3818181818,0.4545454545,0.0,0.01818181818,0.0,0.0,0.0,0.1272727273,0.01818181818
1,1,0.8387096774,0.4166666667,0.4305555556,0.0,0.0,0.0,0.0,0.0,0.0,0.1527777778
1,1,0.8780487805,0.4516129032,0.5483870968,0.0,0.0,0.0,0.0,0.0,0.0,0.0
1,1,0.9245283019,0.3137254902,0.5490196078,0.0,0.01960784314,0.0,0.0,0.0,0.1176470588,0.0
1,1,0.9038461538,0.358490566,0.3396226415,0.0,0.0,0.01886792453,0.0,0.0,0.2641509434,0.01886792453
1,1,0.9541284404,0.3859649123,0.5263157895,0.0,0.01754385965,0.0,0.0,0.0,0.0701754386,0.0
1,1,0.9433962264,0.4482758621,0.4655172414,0.0,0.01724137931,0.0,0.0,0.0,0.06896551724,0.0
1,1,0.9117647059,0.4342105263,0.4736842105,0.01315789474,0.01315789474,0.0,0.0,0.0,0.06578947368,0.0
1,1,0.8932038835,0.3125,0.5208333333,0.0,0.02083333333,0.0,0.0,0.0,0.1458333333,0.0
1,1,0.9333333333,0.3103448276,0.6206896552,0.0,0.0,0.0,0.0,0.0,0.06896551724,0.0
1,1,0.962962963,0.3103448276,0.5344827586,0.0,0.01724137931,0.0,0.0,0.0,0.1379310345,0.0
1,1,0.90625,0.3943661972,0.5211267606,0.0,0.0,0.0,0.0,0.0,0.08450704225,0.0
1,1,0.9142857143,0.3137254902,0.5882352941,0.0,0.0,0.0,0.0,0.0,0.07843137255,0.01960784314
1,1,0.8833333333,0.5,0.5,0.0,0.0,0.0,0.0,0.0,0.0,0.0
1,1,0.9444444444,0.380952381,0.4761904762,0.0,0.03174603175,0.0,0.0,0.0,0.1111111111,0.0
1,1,0.9019607843,0.3673469388,0.5102040816,0.0,0.02040816327,0.0,0.0,0.0,0.1020408163,0.0
1,1,0.9433962264,0.3703703704,0.537037037,0.0,0.01851851852,0.0,0.0,0.0,0.07407407407,0.0
1,1,0.9230769231,0.3898305085,0.5593220339,0.0,0.0,0.0,0.0,0.0,0.05084745763,0.0
1,1,0.9147286822,0.4558823529,0.4852941176,0.0,0.0,0.0,0.0,0.0,0.05882352941,0.0
1,1,0.8571428571,0.4482758621,0.4137931034,0.0,0.0,0.01724137931,0.0,0.0,0.1206896552,0.0
1,1,0.9230769231,0.3333333333,0.5294117647,0.0,0.01960784314,0.0,0.0,0.0,0.1176470588,0.0
1,1,0.9444444444,0.34,0.58,0.0,0.02,0.0,0.0,0.0,0.06,0.0
1,1,0.8992248062,0.4805194805,0.4545454545,0.0,0.0,0.0,0.0,0.0,0.06493506494,0.0
1,1,0.9333333333,0.3018867925,0.5471698113,0.0,0.01886792453,0.0,0.0,0.0,0.09433962264,0.03773584906
1,1,0.9130434783,0.5324675325,0.4675324675,0.0,0.0,0.0,0.0,0.0,0.0,0.0
1,1,0.9245283019,0.358490566,0.5094339623,0.01886792453,0.01886792453,0.0,0.0,0.0,0.09433962264,0.0
1,1,0.9245283019,0.3870967742,0.4677419355,0.0,0.03225806452,0.0,0.0,0.0,0.1129032258,0.0
1,1,0.9622641509,0.2666666667,0.6333333333,0.0,0.0,0.0,0.0,0.0,0.1,0.0
1,1,0.9444444444,0.3396226415,0.5471698113,0.0,0.01886792453,0.0,0.0,0.0,0.09433962264,0.0
1,1,0.9245283019,0.2941176471,0.568627451,0.0,0.01960784314,0.0,0.0,0.0,0.1176470588,0.0
1,1,0.9345794393,0.3548387097,0.5161290323,0.0,0.03225806452,0.0,0.0,0.0,0.09677419355,0.0
1,1,0.9230769231,0.4035087719,0.5614035088,0.0,0.0,0.0,0.0,0.0,0.0350877193,0.0
1,1,0.9423076923,0.3684210526,0.5087719298,0.0,0.01754385965,0.0,0.0,0.0,0.08771929825,0.01754385965
1,1,0.9345794393,0.3880597015,0.5223880597,0.0,0.01492537313,0.0,0.0,0.0,0.07462686567,0.0
1,1,0.96,0.3529411765,0.568627451,0.0,0.0,0.0,0.0,0.0,0.07843137255,0.0
1,1,0.8740740741,0.5285714286,0.4714285714,0.0,0.0,0.0,0.0,0.0,0.0,0.0
1,1,0.9133858268,0.4637681159,0.3913043478,0.01449275362,0.0,0.0,0.0,0.0,0.115942029,0.01449275362
1,1,0.9615384615,0.3114754098,0.5901639344,0.0,0.0,0.0,0.0,0.0,0.09836065574,0.0
1,1,0.9345794393,0.3018867925,0.5660377358,0.0,0.01886792453,0.0,0.0,0.0,0.09433962264,0.01886792453
1,1,0.9444444444,0.3518518519,0.537037037,0.0,0.01851851852,0.0,0.0,0.0,0.09259259259,0.0
1,1,0.9038461538,0.3333333333,0.5294117647,0.0,0.01960784314,0.0,0.0,0.0,0.1176470588,0.0
1,1,0.9393939394,0.4461538462,0.4923076923,0.0,0.0,0.0,0.0,0.0,0.06153846154,0.0
1,1,0.9245283019,0.3703703704,0.5185185185,0.0,0.01851851852,0.0,0.0,0.0,0.07407407407,0.01851851852
1,1,0.9038461538,0.3442622951,0.5409836066,0.0,0.0,0.0,0.0,0.0,0.1147540984,0.0
1,1,0.8712871287,0.3725490196,0.4705882353,0.0,0.01960784314,0.0,0.0,0.0,0.09803921569,0.03921568627
1,1,0.9019607843,0.32,0.5,0.0,0.04,0.0,0.0,0.0,0.14,0.0
1,1,0.8721804511,0.4769230769,0.4461538462,0.0,0.0,0.0,0.0,0.06153846154,0.01538461538,0.0
1,1,0.9038461538,0.2666666667,0.6,0.02222222222,0.02222222222,0.0,0.0,0.0,0.08888888889,0.0
1,1,0.9345794393,0.3833333333,0.5833333333,0.0,0.0,0.0,0.0,0.0,0.03333333333,0.0
1,1,0.8823529412,0.4150943396,0.3962264151,0.01886792453,0.01886792453,0.01886792453,0.0,0.0,0.09433962264,0.03773584906
1,1,0.9245283019,0.4237288136,0.4406779661,0.01694915254,0.03389830508,0.0,0.0,0.0,0.08474576271,0.0
1,1,0.9047619048,0.3846153846,0.5846153846,0.0,0.0,0.0,0.0,0.0,0.03076923077,0.0
1,1,0.9245283019,0.3529411765,0.5098039216,0.0,0.01960784314,0.0,0.0,0.0,0.1176470588,0.0
1,1,0.9444444444,0.380952381,0.4920634921,0.01587301587,0.01587301587,0.0,0.0,0.0,0.07936507937,0.01587301587
1,1,0.9142857143,0.2727272727,0.5909090909,0.02272727273,0.02272727273,0.0,0.0,0.0,0.09090909091,0.0
1,1,0.9208633094,0.5142857143,0.4,0.0,0.01428571429,0.01428571429,0.0,0.0,0.05714285714,0.0
1,1,0.8943089431,0.375,0.5178571429,0.0,0.0,0.0,0.0,0.0,0.1071428571,0.0
1,1,0.9219858156,0.5277777778,0.2638888889,0.0,0.0,0.1666666667,0.0,0.0,0.04166666667,0.0
1,1,0.9147286822,0.4,0.5166666667,0.0,0.0,0.0,0.0,0.0,0.08333333333,0.0
1,1,0.8686868687,0.4166666667,0.4791666667,0.0,0.04166666667,0.0,0.0,0.0,0.0625,0.0
1,1,0.9345794393,0.4307692308,0.4461538462,0.0,0.01538461538,0.0,0.0,0.0,0.09230769231,0.01538461538
1,1,0.9433962264,0.3846153846,0.5192307692,0.0,0.01923076923,0.0,0.0,0.0,0.07692307692,0.0
1,1,0.9206349206,0.4242424242,0.4848484848,0.0,0.0,0.0,0.0,0.0,0.09090909091,0.0
1,1,0.9142857143,0.4074074074,0.5,0.0,0.01851851852,0.0,0.0,0.0,0.07407407407,0.0
1,1,0.8571428571,0.42,0.38,0.0,0.0,0.04,0.0,0.0,0.16,0.0
1,1,0.9142857143,0.4210526316,0.4385964912,0.01754385965,0.01754385965,0.01754385965,0.0,0.0,0.0701754386,0.01754385965
1,1,0.9333333333,0.32,0.58,0.0,0.02,0.0,0.0,0.0,0.08,0.0
1,1,0.9245283019,0.3773584906,0.5283018868,0.0,0.01886792453,0.0,0.0,0.0,0.07547169811,0.0
1,1,0.8721804511,0.4615384615,0.4615384615,0.0,0.0,0.0,0.0,0.06153846154,0.01538461538,0.0
1,1,0.8932038835,0.3703703704,0.4814814815,0.0,0.01851851852,0.0,0.0,0.0,0.1111111111,0.01851851852
1,1,0.9375,0.4024390244,0.5365853659,0.0,0.0,0.0,0.0,0.0,0.06097560976,0.0
1,1,0.9133858268,0.40625,0.5,0.03125,0.0,0.015625,0.0,0.0,0.046875,0.0
1,1,0.9032258065,0.5147058824,0.3823529412,0.01470588235,0.0,0.0,0.0,0.0,0.08823529412,0.0
1,1,0.9142857143,0.380952381,0.4444444444,0.0,0.03174603175,0.0,0.0,0.0,0.1428571429,0.0
1,1,0.90625,0.4492753623,0.4057971014,0.0,0.0,0.01449275362,0.0,0.0,0.1304347826,0.0
1,1,0.9345794393,0.4090909091,0.5151515152,0.0,0.01515151515,0.0,0.0,0.0,0.06060606061,0.0
1,1,0.9444444444,0.3818181818,0.5090909091,0.0,0.01818181818,0.0,0.0,0.0,0.09090909091,0.0
1,1,0.9622641509,0.380952381,0.5079365079,0.0,0.01587301587,0.0,0.0,0.0,0.07936507937,0.01587301587
1,1,0.9345794393,0.3870967742,0.564516129,0.0,0.0,0.0,0.0,0.0,0.04838709677,0.0
1,1,0.8805970149,0.4776119403,0.4179104478,0.0,0.0,0.0,0.0,0.08955223881,0.01492537313,0.0
1,1,0.9245283019,0.4509803922,0.4705882353,0.0,0.01960784314,0.0,0.0,0.0,0.05882352941,0.0
1,1,0.953271028,0.3703703704,0.5185185185,0.01851851852,0.01851851852,0.0,0.0,0.0,0.05555555556,0.01851851852
1,1,0.9719626168,0.3484848485,0.5757575758,0.0,0.0,0.0,0.0,0.0,0.07575757576,0.0
1,1,0.9245283019,0.3333333333,0.5555555556,0.0,0.01587301587,0.0,0.0,0.0,0.09523809524,0.0
1,1,0.9393939394,0.3968253968,0.5238095238,0.0,0.0,0.01587301587,0.0,0.0,0.06349206349,0.0
1,1,0.9142857143,0.3148148148,0.5,0.0,0.01851851852,0.0,0.0,0.0,0.1111111111,0.05555555556
1,1,0.8780487805,0.4576271186,0.406779661,0.0,0.0,0.0,0.0,0.0,0.1016949153,0.03389830508
1,1,0.9245283019,0.4,0.4307692308,0.0,0.03076923077,0.0,0.0,0.0,0.1384615385,0.0
1,1,0.9142857143,0.3260869565,0.5869565217,0.0,0.02173913043,0.0,0.0,0.0,0.0652173913,0.0
1,1,0.9345794393,0.3898305085,0.4576271186,0.0,0.01694915254,0.01694915254,0.0,0.0,0.1016949153,0.01694915254
1,1,0.8615384615,0.4769230769,0.5230769231,0.0,0.0,0.0,0.0,0.0,0.0,0.0
1,1,0.9245283019,0.3773584906,0.5094339623,0.0,0.01886792453,0.0,0.0,0.0,0.09433962264,0.0
1,1,0.8932038835,0.358490566,0.4716981132,0.0,0.01886792453,0.0,0.0,0.0,0.09433962264,0.05660377358
1,1,0.9038461538,0.3333333333,0.5833333333,0.0,0.02083333333,0.0,0.0,0.0,0.0625,0.0
1,1,0.9047619048,0.4603174603,0.4761904762,0.0,0.0,0.0,0.0,0.0,0.04761904762,0.01587301587
1,1,0.9444444444,0.3684210526,0.5087719298,0.01754385965,0.01754385965,0.0,0.0,0.0,0.08771929825,0.0
1,1,0.8992248062,0.4137931034,0.5172413793,0.0,0.0,0.0,0.0,0.0,0.06896551724,0.0
1,1,0.9245283019,0.4310344828,0.4310344828,0.0,0.01724137931,0.0,0.0,0.0,0.1206896552,0.0
1,1,0.9038461538,0.3928571429,0.4464285714,0.0,0.01785714286,0.0,0.0,0.0,0.1428571429,0.0
1,1,0.9147286822,0.46875,0.453125,0.0,0.03125,0.0,0.0,0.0,0.03125,0.015625
1,1,0.9230769231,0.4189189189,0.5405405405,0.0,0.0,0.0,0.0,0.0,0.04054054054,0.0
1,1,0.7967479675,0.5625,0.359375,0.0,0.0,0.0,0.0,0.0,0.0625,0.015625
1,1,0.9245283019,0.4035087719,0.4736842105,0.0,0.01754385965,0.01754385965,0.0,0.0,0.0701754386,0.01754385965
1,1,0.90625,0.4305555556,0.5,0.0,0.0,0.0,0.0,0.0,0.06944444444,0.0
1,1,0.9245283019,0.421875,0.53125,0.0,0.0,0.0,0.0,0.0,0.046875,0.0
1,1,0.8976377953,0.4285714286,0.4761904762,0.0,0.0,0.0,0.0,0.0,0.09523809524,0.0
1,1,0.8823529412,0.4285714286,0.4897959184,0.0,0.04081632653,0.0,0.0,0.0,0.04081632653,0.0
1,1,0.9245283019,0.3018867925,0.641509434,0.0,0.0,0.0,0.0,0.0,0.05660377358,0.0
1,1,0.8823529412,0.4038461538,0.4807692308,0.0,0.01923076923,0.01923076923,0.0,0.0,0.05769230769,0.01923076923
1,1,0.8888888889,0.4375,0.421875,0.015625,0.0,0.0,0.0,0.0,0.0625,0.0625
1,1,0.8976377953,0.4461538462,0.4615384615,0.0,0.0,0.0,0.0,0.0,0.09230769231,0.0
1,1,0.9245283019,0.3773584906,0.5471698113,0.0,0.01886792453,0.0,0.0,0.0,0.03773584906,0.01886792453
1,1,0.9253731343,0.2307692308,0.4835164835,0.1208791209,0.01098901099,0.0,0.0,0.0,0.05494505495,0.0989010989
1,1,0.9361702128,0.5142857143,0.2714285714,0.0,0.0,0.1714285714,0.0,0.0,0.04285714286,0.0
1,1,0.9444444444,0.4328358209,0.4328358209,0.02985074627,0.01492537313,0.0,0.0,0.0,0.07462686567,0.01492537313
1,1,0.86,0.375,0.5208333333,0.0,0.0,0.0,0.0,0.0,0.1041666667,0.0
1,1,0.9147286822,0.4262295082,0.5245901639,0.0,0.0,0.0,0.0,0.0,0.04918032787,0.0
1,1,0.9245283019,0.3269230769,0.5192307692,0.0,0.01923076923,0.0,0.0,0.0,0.1346153846,0.0
1,1,0.921875,0.5,0.4393939394,0.0,0.0,0.0,0.0,0.0,0.06060606061,0.0
1,1,0.921875,0.3773584906,0.5849056604,0.0,0.0,0.0,0.0,0.0,0.03773584906,0.0
1,1,0.9433962264,0.4237288136,0.4576271186,0.01694915254,0.03389830508,0.0,0.0,0.0,0.06779661017,0.0
1,1,0.9444444444,0.4153846154,0.5230769231,0.0,0.01538461538,0.0,0.0,0.0,0.04615384615,0.0
1,1,0.9142857143,0.3728813559,0.4576271186,0.0,0.01694915254,0.0,0.0,0.0,0.1186440678,0.03389830508
1,1,0.9333333333,0.3448275862,0.5689655172,0.0,0.0,0.0,0.0,0.0,0.08620689655,0.0
1,1,0.9130434783,0.5641025641,0.4358974359,0.0,0.0,0.0,0.0,0.0,0.0,0.0
1,1,0.9142857143,0.36,0.52,0.0,0.02,0.0,0.0,0.0,0.1,0.0
1,1,0.9245283019,0.3650793651,0.4444444444,0.0,0.01587301587,0.0,0.0,0.0,0.126984127,0.04761904762
1,1,0.9541284404,0.3272727273,0.5454545455,0.0,0.01818181818,0.0,0.0,0.0,0.1090909091,0.0
1,1,0.9423076923,0.3454545455,0.5272727273,0.01818181818,0.0,0.0,0.0,0.0,0.1090909091,0.0
1,1,0.9245283019,0.3469387755,0.5306122449,0.0,0.02040816327,0.0,0.0,0.0,0.1020408163,0.0
1,1,0.9142857143,0.4761904762,0.4285714286,0.0,0.01587301587,0.0,0.0,0.0,0.04761904762,0.03174603175
1,1,0.9444444444,0.3943661972,0.5211267606,0.0,0.01408450704,0.0,0.0,0.0,0.05633802817,0.01408450704
1,1,0.9047619048,0.4754098361,0.5081967213,0.0,0.0,0.0,0.0,0.0,0.01639344262,0.0
1,1,0.896,0.46875,0.453125,0.0,0.03125,0.0,0.0,0.0,0.046875,0.0
1,1,0.90625,0.4626865672,0.4626865672,0.01492537313,0.0,0.0,0.0,0.0,0.0447761194,0.01492537313
1,1,0.9130434783,0.5584415584,0.4415584416,0.0,0.0,0.0,0.0,0.0,0.0,0.0
1,1,0.9142857143,0.4210526316,0.4385964912,0.0,0.01754385965,0.0,0.0,0.0,0.1228070175,0.0
1,1,0.9423076923,0.26,0.6,0.0,0.02,0.0,0.0,0.0,0.12,0.0
1,1,0.8932038835,0.3272727273,0.4909090909,0.0,0.01818181818,0.0,0.0,0.0,0.1636363636,0.0
1,1,0.9245283019,0.2881355932,0.6440677966,0.0,0.0,0.0,0.0,0.0,0.06779661017,0.0
1,1,0.9541284404,0.3090909091,0.5454545455,0.01818181818,0.01818181818,0.0,0.0,0.0,0.1090909091,0.0
1,1,0.9038461538,0.3148148148,0.6111111111,0.0,0.0,0.0,0.0,0.0,0.07407407407,0.0
1,1,0.9393939394,0.3833333333,0.55,0.0,0.0,0.03333333333,0.0,0.0,0.03333333333,0.0
1,1,0.9433962264,0.2857142857,0.5918367347,0.0,0.02040816327,0.0,0.0,0.0,0.1020408163,0.0
1,1,0.9361702128,0.4050632911,0.4556962025,0.0,0.01265822785,0.0,0.0,0.0,0.1265822785,0.0
1,1,0.9038461538,0.4426229508,0.4262295082,0.0,0.01639344262,0.0,0.0,0.0,0.08196721311,0.03278688525
1,1,0.8739495798,0.4838709677,0.5161290323,0.0,0.0,0.0,0.0,0.0,0.0,0.0
1,1,0.90625,0.3684210526,0.5789473684,0.0,0.0,0.0,0.0,0.0,0.05263157895,0.0
1,1,0.8712871287,0.3529411765,0.5882352941,0.0,0.0,0.0,0.0,0.0,0.05882352941,0.0
1,1,0.9117647059,0.5180722892,0.421686747,0.0,0.01204819277,0.0,0.0,0.0,0.04819277108,0.0
1,1,0.912,0.375,0.5357142857,0.0,0.0,0.0,0.0,0.0,0.08928571429,0.0
1,1,0.9193548387,0.3620689655,0.5344827586,0.0,0.0,0.0,0.0,0.0,0.1034482759,0.0
1,1,0.9622641509,0.2321428571,0.6785714286,0.0,0.0,0.0,0.0,0.0,0.08928571429,0.0
1,1,0.9147286822,0.4225352113,0.3943661972,0.01408450704,0.0,0.0,0.0,0.0,0.1408450704,0.02816901408
1,1,0.9142857143,0.3333333333,0.537037037,0.0,0.01851851852,0.0,0.0,0.0,0.1111111111,0.0
1,1,0.9302325581,0.4197530864,0.4814814815,0.01234567901,0.0,0.01234567901,0.0,0.0,0.03703703704,0.03703703704
1,1,0.9245283019,0.4545454545,0.4909090909,0.0,0.0,0.0,0.0,0.0,0.05454545455,0.0
1,1,0.8474576271,0.4385964912,0.3859649123,0.0,0.0,0.01754385965,0.0,0.1403508772,0.01754385965,0.0
1,1,0.962962963,0.45,0.5,0.0,0.01666666667,0.0,0.0,0.0,0.03333333333,0.0
1,1,0.9038461538,0.3793103448,0.4310344828,0.01724137931,0.01724137931,0.0,0.0,0.0,0.1551724138,0.0
1,1,0.9523809524,0.3114754098,0.5737704918,0.0,0.0,0.0,0.0,0.0,0.09836065574,0.01639344262
1,1,0.9523809524,0.3333333333,0.5490196078,0.0,0.01960784314,0.0,0.0,0.0,0.09803921569,0.0
1,1,0.9245283019,0.4285714286,0.5,0.0,0.01785714286,0.0,0.0,0.0,0.05357142857,0.0
1,1,0.9245283019,0.3770491803,0.4754098361,0.0,0.03278688525,0.0,0.0,0.0,0.1147540984,0.0
1,1,0.9142857143,0.3043478261,0.5869565217,0.0,0.02173913043,0.0,0.0,0.0,0.08695652174,0.0
1,1,0.9444444444,0.4242424242,0.5454545455,0.0,0.0,0.0,0.0,0.0,0.0303030303,0.0
1,1,0.8712871287,0.3921568627,0.4117647059,0.01960784314,0.01960784314,0.01960784314,0.0,0.0,0.09803921569,0.03921568627
1,1,0.9038461538,0.36,0.54,0.0,0.02,0.0,0.0,0.0,0.08,0.0
1,1,0.8760330579,0.5079365079,0.4920634921,0.0,0.0,0.0,0.0,0.0,0.0,0.0
1,1,0.9142857143,0.2653061224,0.4693877551,0.0,0.02040816327,0.0,0.0,0.0,0.2448979592,0.0
1,1,0.9541284404,0.3125,0.578125,0.0,0.015625,0.0,0.0,0.0,0.09375,0.0
1,1,0.9160305344,0.4939759036,0.421686747,0.0,0.0,0.0,0.0,0.0,0.0843373494,0.0
1,1,0.8932038835,0.3888888889,0.4444444444,0.01851851852,0.01851851852,0.01851851852,0.0,0.0,0.07407407407,0.03703703704
1,1,0.9523809524,0.3278688525,0.5901639344,0.0,0.0,0.0,0.0,0.0,0.08196721311,0.0
1,1,0.9444444444,0.3880597015,0.5074626866,0.0,0.02985074627,0.0,0.0,0.0,0.07462686567,0.0
1,1,0.9038461538,0.4181818182,0.4727272727,0.01818181818,0.03636363636,0.0,0.0,0.0,0.05454545455,0.0
1,1,0.9444444444,0.4090909091,0.4696969697,0.0,0.0303030303,0.0,0.0,0.0,0.09090909091,0.0
1,1,0.9345794393,0.3469387755,0.5306122449,0.0,0.04081632653,0.0,0.0,0.0,0.08163265306,0.0
1,1,0.9719626168,0.3559322034,0.5254237288,0.03389830508,0.0,0.0,0.0,0.0,0.08474576271,0.0
1,1,0.9117647059,0.5333333333,0.4666666667,0.0,0.0,0.0,0.0,0.0,0.0,0.0
1,1,0.9147286822,0.3818181818,0.5818181818,0.0,0.0,0.0,0.0,0.0,0.03636363636,0.0
1,1,0.9230769231,0.4358974359,0.5128205128,0.0,0.0,0.0,0.0,0.0,0.05128205128,0.0
1,1,0.7959183673,0.3333333333,0.5555555556,0.0,0.0,0.0,0.0,0.0,0.1111111111,0.0
1,1,0.9160305344,0.3770491803,0.5081967213,0.0,0.0,0.0,0.0,0.0,0.09836065574,0.01639344262
1,1,0.9142857143,0.3461538462,0.5,0.0,0.01923076923,0.0,0.0,0.0,0.1153846154,0.01923076923
1,1,0.9541284404,0.3571428571,0.5357142857,0.0,0.01785714286,0.0,0.0,0.0,0.07142857143,0.01785714286
1,1,0.9147286822,0.5373134328,0.4179104478,0.0,0.0,0.0,0.0,0.0,0.0447761194,0.0
1,1,0.90625,0.3859649123,0.5263157895,0.0,0.0,0.0,0.0,0.0,0.08771929825,0.0
1,1,0.9285714286,0.4558823529,0.4411764706,0.01470588235,0.01470588235,0.0,0.0,0.0,0.07352941176,0.0
1,1,0.9019607843,0.4716981132,0.4528301887,0.0,0.03773584906,0.0,0.0,0.0,0.03773584906,0.0
1,1,0.9230769231,0.4677419355,0.2903225806,0.0,0.0,0.1935483871,0.0,0.0,0.04838709677,0.0
1,1,0.9142857143,0.2666666667,0.6,0.02222222222,0.02222222222,0.0,0.0,0.0,0.08888888889,0.0
1,1,0.9147286822,0.4487179487,0.4615384615,0.0,0.0,0.0,0.0,0.0,0.08974358974,0.0
1,1,0.9523809524,0.393442623,0.5081967213,0.0,0.01639344262,0.0,0.0,0.0,0.08196721311,0.0
1,1,0.9811320755,0.397260274,0.5205479452,0.0,0.0,0.0,0.0,0.0,0.06849315068,0.01369863014
1,1,0.8976377953,0.4117647059,0.4264705882,0.0,0.0,0.0,0.0,0.0,0.1323529412,0.02941176471
1,1,0.9433962264,0.3773584906,0.5094339623,0.01886792453,0.01886792453,0.0,0.0,0.0,0.07547169811,0.0
1,1,0.9038461538,0.3333333333,0.5185185185,0.0,0.03703703704,0.0,0.0,0.0,0.09259259259,0.01851851852
1,1,0.88,0.5306122449,0.387755102,0.0,0.0612244898,0.0,0.0,0.0,0.02040816327,0.0
1,1,0.90625,0.3387096774,0.6129032258,0.0,0.0,0.0,0.0,0.0,0.04838709677,0.0
1,1,0.9312977099,0.4935064935,0.4675324675,0.0,0.0,0.0,0.0,0.0,0.03896103896,0.0
1,1,0.8787878788,0.4179104478,0.4029850746,0.0,0.0,0.0,0.0,0.1641791045,0.01492537313,0.0
1,1,0.9345794393,0.2833333333,0.5833333333,0.01666666667,0.01666666667,0.0,0.0,0.0,0.1,0.0
1,1,0.9243697479,0.4,0.5,0.0,0.05,0.0,0.0,0.0,0.03333333333,0.01666666667
1,1,0.9245283019,0.3773584906,0.5283018868,0.0,0.01886792453,0.0,0.0,0.0,0.07547169811,0.0
1,1,0.9245283019,0.3818181818,0.5090909091,0.0,0.01818181818,0.0,0.0,0.0,0.09090909091,0.0
1,1,0.9433962264,0.3709677419,0.4677419355,0.0,0.03225806452,0.0,0.0,0.0,0.09677419355,0.03225806452
1,1,0.8823529412,0.4074074074,0.4444444444,0.01851851852,0.01851851852,0.01851851852,0.0,0.0,0.07407407407,0.01851851852
1,1,0.9197080292,0.4126984127,0.5079365079,0.01587301587,0.01587301587,0.0,0.0,0.0,0.04761904762,0.0
1,1,0.90625,0.4516129032,0.5161290323,0.01612903226,0.0,0.0,0.0,0.0,0.01612903226,0.0
1,1,0.9345794393,0.3125,0.6041666667,0.0,0.02083333333,0.0,0.0,0.0,0.0625,0.0
1,1,0.9444444444,0.3859649123,0.5087719298,0.0,0.01754385965,0.0,0.0,0.0,0.08771929825,0.0
1,1,0.8888888889,0.5789473684,0.4210526316,0.0,0.0,0.0,0.0,0.0,0.0,0.0
1,1,0.9147286822,0.4571428571,0.5285714286,0.0,0.0,0.0,0.0,0.0,0.01428571429,0.0
1,1,0.9402985075,0.3731343284,0.5074626866,0.01492537313,0.01492537313,0.0,0.0,0.0,0.08955223881,0.0
1,1,0.88,0.4428571429,0.4714285714,0.01428571429,0.0,0.0,0.0,0.0,0.07142857143,0.0
1,1,0.88,0.4,0.5333333333,0.0,0.04444444444,0.0,0.0,0.0,0.02222222222,0.0
1,1,0.9193548387,0.375,0.5,0.0,0.03125,0.0,0.0,0.0,0.078125,0.015625
1,1,0.9142857143,0.3469387755,0.5510204082,0.02040816327,0.0,0.0,0.0,0.0,0.08163265306,0.0
1,1,0.9142857143,0.4444444444,0.5,0.0,0.01851851852,0.0,0.0,0.0,0.03703703704,0.0
1,1,0.9444444444,0.3333333333,0.537037037,0.03703703704,0.01851851852,0.0,0.0,0.0,0.07407407407,0.0
1,1,0.9444444444,0.3939393939,0.4242424242,0.0,0.0303030303,0.0,0.0,0.0,0.1212121212,0.0303030303
1,1,0.9444444444,0.3396226415,0.5471698113,0.0,0.01886792453,0.0,0.0,0.0,0.09433962264,0.0
1,1,0.8905109489,0.4634146341,0.3048780488,0.09756097561,0.0,0.0,0.0,0.0,0.1341463415,0.0
1,1,0.7540983607,0.5333333333,0.35,0.0,0.0,0.0,0.0,0.1,0.0,0.01666666667
1,1,0.9444444444,0.3965517241,0.5,0.0,0.01724137931,0.0,0.0,0.0,0.08620689655,0.0
1,1,0.9142857143,0.3888888889,0.5185185185,0.0,0.01851851852,0.0,0.0,0.0,0.05555555556,0.01851851852
1,1,0.9345794393,0.3793103448,0.4655172414,0.0,0.01724137931,0.01724137931,0.0,0.0,0.1034482759,0.01724137931
1,1,0.912,0.4285714286,0.4920634921,0.0,0.0,0.0,0.0,0.0,0.07936507937,0.0
1,1,0.9230769231,0.3382352941,0.4264705882,0.01470588235,0.0,0.0,0.0,0.0,0.2205882353,0.0
1,1,0.9444444444,0.3333333333,0.5555555556,0.0,0.01851851852,0.0,0.0,0.0,0.09259259259,0.0
1,1,0.8429752066,0.4406779661,0.3559322034,0.0,0.0,0.06779661017,0.0,0.0,0.1355932203,0.0
1,1,0.9038461538,0.4333333333,0.4666666667,0.0,0.01666666667,0.0,0.0,0.0,0.05,0.03333333333
1,1,0.9345794393,0.3492063492,0.5714285714,0.0,0.0,0.0,0.0,0.0,0.07936507937,0.0
1,1,0.8823529412,0.3818181818,0.4727272727,0.0,0.01818181818,0.0,0.0,0.0,0.1090909091,0.01818181818
1,1,0.8644067797,0.4745762712,0.406779661,0.0,0.0,0.0,0.0,0.08474576271,0.03389830508,0.0
1,1,0.90625,0.4923076923,0.4615384615,0.0,0.0,0.0,0.0,0.0,0.04615384615,0.0
1,1,0.8823529412,0.36,0.56,0.0,0.0,0.0,0.0,0.0,0.08,0.0
1,1,0.9038461538,0.3653846154,0.5,0.0,0.01923076923,0.0,0.0,0.0,0.1153846154,0.0
1,1,0.9302325581,0.4210526316,0.5263157895,0.0,0.0,0.0,0.0,0.0,0.05263157895,0.0
1,1,0.9333333333,0.320754717,0.5660377358,0.0,0.01886792453,0.0,0.0,0.0,0.09433962264,0.0
1,1,0.9312977099,0.3859649123,0.5789473684,0.0,0.0,0.0,0.0,0.0,0.0350877193,0.0
1,1,0.912,0.4520547945,0.5068493151,0.0,0.0,0.0,0.0,0.0,0.04109589041,0.0
1,1,0.9142857143,0.2978723404,0.5957446809,0.02127659574,0.02127659574,0.0,0.0,0.0,0.06382978723,0.0
1,1,0.8932038835,0.3333333333,0.4791666667,0.0,0.02083333333,0.0,0.0,0.0,0.1666666667,0.0
1,1,0.8976377953,0.4166666667,0.4666666667,0.01666666667,0.0,0.0,0.0,0.0,0.1,0.0
1,1,0.8636363636,0.5679012346,0.2962962963,0.0,0.01234567901,0.0,0.0,0.03703703704,0.03703703704,0.04938271605
1,1,0.9245283019,0.320754717,0.5660377358,0.01886792453,0.01886792453,0.0,0.0,0.0,0.07547169811,0.0
1,1,0.9523809524,0.2777777778,0.6296296296,0.0,0.01851851852,0.0,0.0,0.0,0.07407407407,0.0
1,1,0.9245283019,0.3620689655,0.5517241379,0.0,0.0,0.0,0.0,0.0,0.08620689655,0.0
1,1,0.9302325581,0.4264705882,0.4852941176,0.01470588235,0.0,0.0,0.0,0.0,0.07352941176,0.0
1,1,0.9312977099,0.4473684211,0.4736842105,0.0,0.0,0.01315789474,0.0,0.0,0.06578947368,0.0
1,1,0.9142857143,0.44,0.5,0.0,0.02,0.0,0.0,0.0,0.04,0.0
1,1,0.9275362319,0.447761194,0.4626865672,0.0,0.01492537313,0.0,0.0,0.0,0.07462686567,0.0
1,1,0.9126213592,0.3076923077,0.5192307692,0.0,0.01923076923,0.0,0.0,0.0,0.1153846154,0.03846153846
1,1,0.9433962264,0.4,0.5090909091,0.01818181818,0.01818181818,0.0,0.0,0.0,0.05454545455,0.0
1,1,0.8888888889,0.5322580645,0.4193548387,0.0,0.0,0.0,0.0,0.0,0.03225806452,0.01612903226
1,1,0.8549618321,0.5454545455,0.4545454545,0.0,0.0,0.0,0.0,0.0,0.0,0.0
1,1,0.9352517986,0.4657534247,0.3835616438,0.0,0.01369863014,0.0,0.0,0.0,0.09589041096,0.04109589041
1,1,0.8888888889,0.4520547945,0.4794520548,0.0,0.0,0.01369863014,0.0,0.0,0.05479452055,0.0
1,1,0.9433962264,0.4716981132,0.4528301887,0.0,0.01886792453,0.0,0.0,0.0,0.05660377358,0.0
1,1,0.9245283019,0.4126984127,0.5555555556,0.0,0.0,0.0,0.0,0.0,0.03174603175,0.0
1,1,0.9245283019,0.3090909091,0.6181818182,0.0,0.0,0.0,0.0,0.0,0.07272727273,0.0
1,1,0.9142857143,0.3137254902,0.5294117647,0.0,0.01960784314,0.0,0.0,0.0,0.137254902,0.0
1,1,0.9142857143,0.3,0.5666666667,0.01666666667,0.0,0.0,0.0,0.0,0.1166666667,0.0
1,1,0.9444444444,0.4426229508,0.4590163934,0.01639344262,0.01639344262,0.0,0.0,0.0,0.04918032787,0.01639344262
1,1,0.9345794393,0.2909090909,0.6545454545,0.0,0.0,0.0,0.0,0.0,0.05454545455,0.0
1,1,0.8888888889,0.4310344828,0.4310344828,0.03448275862,0.0,0.0,0.0,0.0,0.1034482759,0.0
1,1,0.8805970149,0.4411764706,0.3088235294,0.0,0.0,0.01470588235,0.0,0.2205882353,0.01470588235,0.0
1,1,0.9444444444,0.3833333333,0.4833333333,0.01666666667,0.01666666667,0.0,0.0,0.0,0.1,0.0
1,1,0.9345794393,0.350877193,0.4912280702,0.0,0.01754385965,0.01754385965,0.0,0.0,0.1052631579,0.01754385965
1,1,0.9142857143,0.4210526316,0.4385964912,0.0,0.01754385965,0.0,0.0,0.0,0.1228070175,0.0
1,1,0.9038461538,0.3846153846,0.5076923077,0.0,0.01538461538,0.0,0.0,0.0,0.07692307692,0.01538461538
1,1,0.9038461538,0.298245614,0.5789473684,0.0,0.01754385965,0.0,0.0,0.0,0.1052631579,0.0
1,1,0.8888888889,0.5238095238,0.4444444444,0.0,0.0,0.0,0.0,0.0,0.03174603175,0.0
1,1,0.8939393939,0.5362318841,0.3768115942,0.0,0.01449275362,0.0,0.0,0.0,0.07246376812,0.0
1,1,0.9361702128,0.4634146341,0.4268292683,0.0,0.0,0.0243902439,0.0,0.0,0.08536585366,0.0
1,1,0.9393939394,0.4347826087,0.4782608696,0.02898550725,0.0,0.0,0.0,0.0,0.05797101449,0.0
1,1,0.88,0.3076923077,0.5897435897,0.0,0.0,0.0,0.0,0.02564102564,0.07692307692,0.0
1,1,0.8805970149,0.4927536232,0.5072463768,0.0,0.0,0.0,0.0,0.0,0.0,0.0
1,1,0.9142857143,0.380952381,0.4444444444,0.0,0.03174603175,0.0,0.0,0.0,0.1428571429,0.0
1,1,0.9541284404,0.4,0.4833333333,0.01666666667,0.01666666667,0.0,0.0,0.0,0.08333333333,0.0
1,1,0.9142857143,0.3220338983,0.6101694915,0.0,0.0,0.0,0.0,0.0,0.05084745763,0.01694915254
1,1,0.9230769231,0.3448275862,0.5689655172,0.01724137931,0.0,0.0,0.0,0.0,0.06896551724,0.0
1,1,0.8932038835,0.3333333333,0.4444444444,0.0,0.03703703704,0.0,0.0,0.0,0.1851851852,0.0
1,1,0.9411764706,0.4333333333,0.4666666667,0.0,0.01666666667,0.0,0.0,0.0,0.08333333333,0.0
1,1,0.9343065693,0.4567901235,0.3950617284,0.0,0.01234567901,0.01234567901,0.0,0.0,0.08641975309,0.03703703704
1,1,0.9245283019,0.3709677419,0.5967741935,0.0,0.0,0.0,0.0,0.0,0.03225806452,0.0
1,1,0.9444444444,0.2950819672,0.5901639344,0.0,0.01639344262,0.0,0.0,0.0,0.09836065574,0.0
1,1,0.9245283019,0.4,0.5,0.0,0.02,0.0,0.0,0.0,0.08,0.0
1,1,0.9130434783,0.5714285714,0.4285714286,0.0,0.0,0.0,0.0,0.0,0.0,0.0
1,1,0.8976377953,0.447761194,0.3880597015,0.0,0.0,0.01492537313,0.0,0.0,0.1044776119,0.0447761194
1,1,0.9245283019,0.3770491803,0.4918032787,0.0,0.01639344262,0.0,0.0,0.0,0.1147540984,0.0
1,1,0.9130434783,0.5405405405,0.3648648649,0.0,0.01351351351,0.0,0.0,0.0,0.08108108108,0.0
1,1,0.9147286822,0.4794520548,0.4246575342,0.01369863014,0.0,0.0,0.0,0.0,0.05479452055,0.02739726027
1,1,0.8823529412,0.358490566,0.4716981132,0.0,0.01886792453,0.0,0.0,0.0,0.09433962264,0.05660377358
1,1,0.8888888889,0.4383561644,0.5068493151,0.0,0.0,0.0,0.0,0.0,0.05479452055,0.0
1,1,0.9245283019,0.320754717,0.5094339623,0.0,0.01886792453,0.0,0.0,0.0,0.1320754717,0.01886792453
1,1,0.9038461538,0.3653846154,0.5192307692,0.01923076923,0.01923076923,0.0,0.0,0.0,0.07692307692,0.0
1,1,0.9245283019,0.3018867925,0.5471698113,0.0,0.03773584906,0.0,0.0,0.0,0.1132075472,0.0
1,1,0.9126213592,0.3043478261,0.5652173913,0.02173913043,0.02173913043,0.0,0.0,0.0,0.08695652174,0.0
1,1,0.9130434783,0.5,0.5,0.0,0.0,0.0,0.0,0.0,0.0,0.0
1,1,0.9215686275,0.2941176471,0.5294117647,0.0,0.01960784314,0.0,0.0,0.0,0.1176470588,0.03921568627
1,1,0.9245283019,0.3888888889,0.537037037,0.0,0.0,0.0,0.0,0.0,0.07407407407,0.0
1,1,0.9160305344,0.4657534247,0.4109589041,0.02739726027,0.0,0.0,0.0,0.0,0.06849315068,0.02739726027
1,1,0.9444444444,0.3833333333,0.4666666667,0.0,0.01666666667,0.0,0.0,0.0,0.1333333333,0.0
1,1,0.8888888889,0.4545454545,0.4545454545,0.0,0.0,0.0,0.0,0.0,0.09090909091,0.0
1,1,0.9038461538,0.3617021277,0.5319148936,0.0,0.02127659574,0.0,0.0,0.0,0.08510638298,0.0
1,1,0.9444444444,0.4035087719,0.4912280702,0.0,0.01754385965,0.0,0.0,0.0,0.08771929825,0.0
1,1,0.9147286822,0.4,0.4,0.01428571429,0.0,0.0,0.0,0.0,0.1428571429,0.04285714286
1,1,0.9230769231,0.3043478261,0.5869565217,0.0,0.02173913043,0.0,0.0,0.0,0.08695652174,0.0
1,1,0.9126213592,0.3846153846,0.5192307692,0.0,0.01923076923,0.0,0.0,0.0,0.07692307692,0.0
1,1,0.8656716418,0.5217391304,0.4347826087,0.0,0.0,0.0,0.0,0.04347826087,0.0,0.0
1,1,0.9230769231,0.380952381,0.5079365079,0.0,0.0,0.01587301587,0.0,0.0,0.09523809524,0.0
1,1,0.9142857143,0.3035714286,0.6071428571,0.0,0.0,0.0,0.0,0.0,0.08928571429,0.0
1,1,0.8823529412,0.2978723404,0.5106382979,0.0,0.04255319149,0.0,0.0,0.0,0.1489361702,0.0
1,1,0.9541284404,0.3833333333,0.5,0.01666666667,0.01666666667,0.0,0.0,0.0,0.08333333333,0.0
1,1,0.9126213592,0.3469387755,0.4693877551,0.0,0.02040816327,0.0,0.0,0.0,0.1632653061,0.0
1,1,0.9245283019,0.3888888889,0.537037037,0.0,0.0,0.0,0.0,0.0,0.07407407407,0.0
1,1,0.9444444444,0.3653846154,0.5384615385,0.0,0.01923076923,0.0,0.0,0.0,0.07692307692,0.0
1,1,0.9032258065,0.4769230769,0.4461538462,0.01538461538,0.01538461538,0.0,0.0,0.0,0.04615384615,0.0
1,1,0.9142857143,0.3404255319,0.5531914894,0.0,0.02127659574,0.0,0.0,0.0,0.08510638298,0.0
1,1,0.9208633094,0.4626865672,0.447761194,0.01492537313,0.01492537313,0.0,0.0,0.0,0.05970149254,0.0
1,1,0.8372093023,0.4615384615,0.5384615385,0.0,0.0,0.0,0.0,0.0,0.0,0.0
1,1,0.9142857143,0.3076923077,0.5384615385,0.0,0.01923076923,0.0,0.0,0.0,0.1346153846,0.0
1,1,0.9312977099,0.4637681159,0.3913043478,0.01449275362,0.0,0.01449275362,0.0,0.0,0.08695652174,0.02898550725
1,1,0.9230769231,0.4032258065,0.4677419355,0.01612903226,0.0,0.0,0.0,0.0,0.1129032258,0.0
1,1,0.9142857143,0.3148148148,0.5,0.0,0.01851851852,0.0,0.0,0.0,0.1111111111,0.05555555556
1,1,0.9345794393,0.3818181818,0.4909090909,0.01818181818,0.01818181818,0.0,0.0,0.0,0.09090909091,0.0
1,1,0.9142857143,0.3606557377,0.4262295082,0.0,0.01639344262,0.0,0.0,0.0,0.131147541,0.06557377049
1,1,0.9541284404,0.3333333333,0.5789473684,0.01754385965,0.01754385965,0.0,0.0,0.0,0.05263157895,0.0
1,1,0.9047619048,0.3928571429,0.5178571429,0.0,0.0,0.0,0.0,0.0,0.08928571429,0.0
1,1,0.9345794393,0.4193548387,0.435483871,0.03225806452,0.01612903226,0.03225806452,0.0,0.0,0.04838709677,0.01612903226
1,1,0.9245283019,0.3018867925,0.5283018868,0.0,0.01886792453,0.0,0.0,0.0,0.1320754717,0.01886792453
1,1,0.9142857143,0.2978723404,0.06382978723,0.08510638298,0.4680851064,0.0,0.0,0.0,0.08510638298,0.0
1,1,0.8740740741,0.4705882353,0.5294117647,0.0,0.0,0.0,0.0,0.0,0.0,0.0
1,1,0.9245283019,0.4,0.48,0.0,0.02,0.0,0.0,0.0,0.1,0.0
1,1,0.9,0.2926829268,0.6097560976,0.0,0.0,0.0,0.0,0.0,0.09756097561,0.0
1,1,0.9298245614,0.4179104478,0.5074626866,0.0,0.0,0.0,0.0,0.0,0.07462686567,0.0
1,1,0.9038461538,0.3606557377,0.5409836066,0.0,0.01639344262,0.0,0.0,0.0,0.08196721311,0.0
1,1,0.9038461538,0.3396226415,0.5094339623,0.0,0.01886792453,0.0,0.0,0.0,0.1320754717,0.0
1,1,0.9108910891,0.3125,0.5416666667,0.0,0.02083333333,0.0,0.0,0.0,0.125,0.0
1,1,0.9230769231,0.393442623,0.5081967213,0.0,0.0,0.0,0.0,0.0,0.09836065574,0.0
1,1,0.9345794393,0.3461538462,0.5576923077,0.0,0.01923076923,0.0,0.0,0.0,0.05769230769,0.01923076923
1,1,0.9142857143,0.3064516129,0.5806451613,0.0,0.0,0.0,0.0,0.0,0.1129032258,0.0
1,1,0.9345794393,0.380952381,0.4761904762,0.03174603175,0.01587301587,0.0,0.0,0.0,0.07936507937,0.01587301587
1,1,0.9130434783,0.5584415584,0.4415584416,0.0,0.0,0.0,0.0,0.0,0.0,0.0
1,1,0.9142857143,0.3191489362,0.5957446809,0.0,0.0,0.0,0.0,0.0,0.08510638298,0.0
1,1,0.8823529412,0.2916666667,0.5,0.0,0.04166666667,0.0,0.0,0.0,0.1666666667,0.0
1,1,0.9147286822,0.4166666667,0.5333333333,0.0,0.0,0.0,0.0,0.0,0.05,0.0
1,1,0.9291338583,0.4492753623,0.4637681159,0.01449275362,0.0,0.0,0.0,0.0,0.07246376812,0.0
1,1,0.8932038835,0.3653846154,0.4615384615,0.0,0.01923076923,0.0,0.0,0.0,0.1538461538,0.0
1,1,0.9038461538,0.3529411765,0.5098039216,0.0,0.01960784314,0.0,0.0,0.0,0.09803921569,0.01960784314
1,1,0.9245283019,0.320754717,0.5283018868,0.01886792453,0.01886792453,0.0,0.0,0.0,0.1132075472,0.0
1,1,0.9047619048,0.4057971014,0.5217391304,0.0,0.0,0.01449275362,0.0,0.0,0.05797101449,0.0
1,1,0.9444444444,0.2962962963,0.6481481481,0.0,0.0,0.0,0.0,0.0,0.05555555556,0.0
1,1,0.8484848485,0.3125,0.3541666667,0.0,0.0,0.0,0.0,0.0,0.3125,0.02083333333
1,1,0.8805970149,0.4366197183,0.5633802817,0.0,0.0,0.0,0.0,0.0,0.0,0.0
1,1,0.9245283019,0.3148148148,0.5,0.0,0.01851851852,0.0,0.0,0.0,0.1111111111,0.05555555556
1,1,0.9444444444,0.3392857143,0.5357142857,0.0,0.01785714286,0.0,0.0,0.0,0.1071428571,0.0
1,1,0.8888888889,0.48,0.4533333333,0.0,0.0,0.0,0.0,0.0,0.06666666667,0.0
1,1,0.8932038835,0.2708333333,0.5833333333,0.0,0.0,0.0,0.0,0.0,0.1458333333,0.0
1,1,0.9291338583,0.4925373134,0.4776119403,0.0,0.0,0.0,0.0,0.0,0.02985074627,0.0
1,1,0.9147286822,0.4133333333,0.5066666667,0.0,0.0,0.0,0.0,0.0,0.08,0.0
1,1,0.9333333333,0.3653846154,0.5192307692,0.0,0.01923076923,0.0,0.0,0.0,0.09615384615,0.0
1,1,0.9142857143,0.3090909091,0.6181818182,0.0,0.0,0.0,0.0,0.0,0.07272727273,0.0
1,1,0.9142857143,0.3461538462,0.5576923077,0.01923076923,0.01923076923,0.01923076923,0.0,0.0,0.03846153846,0.0
1,1,0.9345794393,0.3538461538,0.5384615385,0.0,0.01538461538,0.0,0.0,0.0,0.09230769231,0.0
1,1,0.8721804511,0.4852941176,0.5147058824,0.0,0.0,0.0,0.0,0.0,0.0,0.0
1,1,0.9242424242,0.4337349398,0.4698795181,0.01204819277,0.0,0.0,0.0,0.0,0.06024096386,0.02409638554
1,1,0.90625,0.4473684211,0.5,0.0,0.0,0.0,0.0,0.0,0.05263157895,0.0
1,1,0.9245283019,0.3793103448,0.4655172414,0.0,0.01724137931,0.0,0.0,0.0,0.1206896552,0.01724137931
1,1,0.9245283019,0.3333333333,0.4814814815,0.0,0.03703703704,0.0,0.0,0.0,0.1481481481,0.0
1,1,0.8712871287,0.4130434783,0.3695652174,0.0,0.0,0.0,0.0,0.0,0.2173913043,0.0
1,1,0.9345794393,0.3888888889,0.5555555556,0.0,0.0,0.0,0.0,0.0,0.05555555556,0.0
1,1,0.9444444444,0.3333333333,0.537037037,0.01851851852,0.03703703704,0.0,0.0,0.0,0.07407407407,0.0
1,1,0.9345794393,0.306122449,0.5714285714,0.02040816327,0.02040816327,0.0,0.0,0.0,0.08163265306,0.0
1,1,0.9038461538,0.3260869565,0.5652173913,0.0,0.02173913043,0.0,0.0,0.0,0.08695652174,0.0
1,1,0.9345794393,0.3269230769,0.5384615385,0.0,0.01923076923,0.0,0.0,0.0,0.1153846154,0.0
1,1,0.8823529412,0.5342465753,0.4657534247,0.0,0.0,0.0,0.0,0.0,0.0,0.0
1,1,0.8712871287,0.3617021277,0.3829787234,0.0,0.0,0.02127659574,0.0,0.0,0.2340425532,0.0
1,1,0.9375,0.4358974359,0.5128205128,0.0,0.0,0.0,0.0,0.0,0.05128205128,0.0
1,1,0.928,0.40625,0.484375,0.015625,0.0,0.0,0.0,0.0,0.078125,0.015625
1,1,0.9448818898,0.3846153846,0.4923076923,0.03076923077,0.0,0.0,0.0,0.0,0.09230769231,0.0
1,1,0.9444444444,0.4615384615,0.4461538462,0.03076923077,0.01538461538,0.0,0.0,0.0,0.03076923077,0.01538461538
1,1,0.9147286822,0.5,0.3428571429,0.01428571429,0.0,0.0,0.0,0.0,0.1142857143,0.02857142857
1,1,0.9444444444,0.3653846154,0.5192307692,0.0,0.01923076923,0.0,0.0,0.0,0.09615384615,0.0
1,1,0.9312977099,0.3733333333,0.5333333333,0.0,0.0,0.0,0.0,0.0,0.09333333333,0.0
1,1,0.9444444444,0.4035087719,0.4736842105,0.0,0.01754385965,0.0,0.0,0.0,0.1052631579,0.0
1,1,0.9444444444,0.4137931034,0.4827586207,0.0,0.01724137931,0.0,0.0,0.0,0.08620689655,0.0
1,1,0.8571428571,0.4637681159,0.4202898551,0.0,0.0,0.0,0.0,0.115942029,0.0,0.0
1,1,0.9142857143,0.4137931034,0.4482758621,0.0,0.03448275862,0.0,0.0,0.0,0.1034482759,0.0
1,1,0.9107142857,0.4242424242,0.4848484848,0.0,0.0,0.0,0.0,0.0,0.09090909091,0.0
1,1,0.9245283019,0.4561403509,0.4561403509,0.0,0.01754385965,0.0,0.0,0.0,0.0701754386,0.0
1,1,0.9245283019,0.3650793651,0.4444444444,0.0,0.01587301587,0.0,0.0,0.0,0.126984127,0.04761904762
1,1,0.9433962264,0.3518518519,0.5185185185,0.0,0.01851851852,0.0,0.0,0.0,0.1111111111,0.0
1,1,0.90625,0.4875,0.4625,0.0,0.0,0.0,0.0,0.0,0.0375,0.0125
1,1,0.9245283019,0.4137931034,0.4827586207,0.01724137931,0.01724137931,0.0,0.0,0.0,0.06896551724,0.0
1,1,0.90625,0.5223880597,0.4328358209,0.0,0.02985074627,0.0,0.0,0.0,0.01492537313,0.0
1,1,0.9245283019,0.34,0.56,0.0,0.02,0.0,0.0,0.0,0.08,0.0
1,1,0.9230769231,0.4266666667,0.5466666667,0.0,0.0,0.0,0.0,0.0,0.02666666667,0.0
1,1,0.8666666667,0.4923076923,0.5076923077,0.0,0.0,0.0,0.0,0.0,0.0,0.0
1,1,0.9333333333,0.3518518519,0.5,0.01851851852,0.01851851852,0.0,0.0,0.0,0.1111111111,0.0
1,1,0.9245283019,0.3225806452,0.4516129032,0.0,0.01612903226,0.0,0.0,0.0,0.1290322581,0.08064516129
1,1,0.9230769231,0.4285714286,0.4761904762,0.0,0.01587301587,0.0,0.0,0.0,0.07936507937,0.0
1,1,0.9142857143,0.2962962963,0.5185185185,0.0,0.01851851852,0.0,0.0,0.0,0.1111111111,0.05555555556
1,1,0.9423076923,0.3773584906,0.5094339623,0.0,0.01886792453,0.0,0.0,0.0,0.09433962264,0.0
1,1,0.932038835,0.3191489362,0.5744680851,0.0,0.02127659574,0.0,0.0,0.0,0.08510638298,0.0
1,1,0.90625,0.3709677419,0.5,0.01612903226,0.0,0.0,0.0,0.0,0.09677419355,0.01612903226
1,1,0.9133858268,0.4615384615,0.4615384615,0.0,0.0,0.0,0.0,0.0,0.07692307692,0.0
1,1,0.8403361345,0.4406779661,0.4237288136,0.0,0.0,0.03389830508,0.0,0.0,0.1016949153,0.0
1,1,0.9365079365,0.3896103896,0.5324675325,0.0,0.0,0.0,0.0,0.0,0.06493506494,0.01298701299
1,1,0.9147286822,0.4745762712,0.2881355932,0.0,0.0,0.186440678,0.0,0.0,0.05084745763,0.0
1,1,0.9345794393,0.4137931034,0.4655172414,0.01724137931,0.01724137931,0.0,0.0,0.0,0.08620689655,0.0
1,1,0.9142857143,0.35,0.5666666667,0.01666666667,0.0,0.0,0.0,0.0,0.06666666667,0.0
1,1,0.9047619048,0.5,0.4411764706,0.0,0.01470588235,0.0,0.0,0.0,0.04411764706,0.0
1,1,0.9345794393,0.3265306122,0.5510204082,0.0,0.02040816327,0.0,0.0,0.0,0.1020408163,0.0
1,1,0.90625,0.4428571429,0.4142857143,0.01428571429,0.0,0.0,0.0,0.0,0.07142857143,0.05714285714
1,1,0.9230769231,0.46875,0.5,0.015625,0.0,0.0,0.0,0.0,0.015625,0.0
1,1,0.9147286822,0.4035087719,0.5614035088,0.0,0.0,0.0,0.0,0.0,0.0350877193,0.0
1,1,0.9345794393,0.3548387097,0.5161290323,0.0,0.03225806452,0.0,0.0,0.0,0.09677419355,0.0
1,1,0.9285714286,0.4705882353,0.4,0.0,0.01176470588,0.0,0.0,0.0,0.1176470588,0.0
1,1,0.9142857143,0.3392857143,0.5714285714,0.0,0.01785714286,0.0,0.0,0.0,0.07142857143,0.0
1,1,0.896,0.4776119403,0.5223880597,0.0,0.0,0.0,0.0,0.0,0.0,0.0
1,1,0.8932038835,0.3333333333,0.4561403509,0.0,0.01754385965,0.0,0.0,0.0,0.1403508772,0.05263157895
1,1,0.9345794393,0.3673469388,0.5510204082,0.0,0.02040816327,0.0,0.0,0.0,0.0612244898,0.0
1,1,0.90625,0.48,0.44,0.05333333333,0.0,0.0,0.0,0.0,0.01333333333,0.01333333333
1,1,0.9444444444,0.375,0.5357142857,0.01785714286,0.01785714286,0.0,0.0,0.0,0.05357142857,0.0
1,1,0.9333333333,0.406779661,0.5423728814,0.0,0.0,0.0,0.0,0.0,0.05084745763,0.0
1,1,0.9523809524,0.3269230769,0.5769230769,0.0,0.01923076923,0.0,0.0,0.0,0.05769230769,0.01923076923
1,1,0.9541284404,0.3148148148,0.5555555556,0.0,0.01851851852,0.0,0.0,0.0,0.1111111111,0.0
1,1,0.9333333333,0.306122449,0.5714285714,0.0,0.02040816327,0.0,0.0,0.0,0.1020408163,0.0
1,1,0.9147286822,0.4,0.5333333333,0.0,0.0,0.0,0.0,0.0,0.06666666667,0.0
1,1,0.9444444444,0.3148148148,0.5740740741,0.01851851852,0.01851851852,0.0,0.0,0.0,0.07407407407,0.0
1,1,0.8666666667,0.5245901639,0.4754098361,0.0,0.0,0.0,0.0,0.0,0.0,0.0
1,1,0.9230769231,0.3968253968,0.4920634921,0.01587301587,0.0,0.0,0.0,0.0,0.06349206349,0.03174603175
1,1,0.9345794393,0.4126984127,0.4603174603,0.0,0.01587301587,0.0,0.0,0.0,0.1111111111,0.0
1,1,0.9444444444,0.375,0.4642857143,0.0,0.01785714286,0.0,0.0,0.0,0.1428571429,0.0
1,1,0.896,0.4153846154,0.4307692308,0.01538461538,0.0,0.0,0.0,0.0,0.1076923077,0.03076923077
1,1,0.9245283019,0.2978723404,0.5744680851,0.0,0.02127659574,0.0,0.0,0.0,0.1063829787,0.0
1,1,0.8985507246,0.5,0.4375,0.0,0.0,0.0,0.0,0.0,0.0625,0.0
1,1,0.9230769231,0.4050632911,0.5189873418,0.0,0.0,0.0,0.0,0.0,0.07594936709,0.0
1,1,0.8823529412,0.4347826087,0.4565217391,0.0,0.04347826087,0.02173913043,0.0,0.0,0.04347826087,0.0
1,1,0.890625,0.4,0.45,0.0,0.01666666667,0.0,0.0,0.0,0.1333333333,0.0
1,1,0.9333333333,0.3518518519,0.5185185185,0.0,0.01851851852,0.0,0.0,0.0,0.1111111111,0.0
1,1,0.8970588235,0.4367816092,0.3448275862,0.09195402299,0.0,0.02298850575,0.0,0.0,0.09195402299,0.01149425287
1,1,0.8636363636,0.4776119403,0.3731343284,0.0,0.0,0.0,0.0,0.1343283582,0.01492537313,0.0
1,1,0.9142857143,0.3272727273,0.4909090909,0.0,0.01818181818,0.0,0.0,0.0,0.1090909091,0.05454545455
1,1,0.9133858268,0.4137931034,0.5344827586,0.0,0.0,0.0,0.0,0.0,0.05172413793,0.0
1,1,0.9133858268,0.4153846154,0.4769230769,0.01538461538,0.0,0.0,0.0,0.0,0.09230769231,0.0
1,1,0.9019607843,0.3962264151,0.3396226415,0.0,0.01886792453,0.03773584906,0.0,0.0,0.2075471698,0.0
1,1,0.9444444444,0.3214285714,0.625,0.0,0.0,0.0,0.0,0.0,0.05357142857,0.0
1,1,0.9444444444,0.34,0.54,0.0,0.02,0.0,0.0,0.0,0.1,0.0
1,1,0.90625,0.4084507042,0.3802816901,0.01408450704,0.0,0.0,0.0,0.0,0.1549295775,0.04225352113
1,1,0.9361702128,0.4772727273,0.4204545455,0.0,0.01136363636,0.0,0.0,0.0,0.09090909091,0.0
1,1,0.9108910891,0.3148148148,0.5,0.0,0.01851851852,0.0,0.0,0.0,0.1666666667,0.0
1,1,0.9541284404,0.3137254902,0.568627451,0.0,0.01960784314,0.0,0.0,0.0,0.09803921569,0.0
1,1,0.8372093023,0.4516129032,0.5483870968,0.0,0.0,0.0,0.0,0.0,0.0,0.0
1,1,0.9541284404,0.3389830508,0.4237288136,0.0,0.01694915254,0.0,0.0,0.0,0.2203389831,0.0
1,1,0.9444444444,0.3272727273,0.5272727273,0.01818181818,0.0,0.0,0.0,0.0,0.1272727273,0.0
1,1,0.9541284404,0.4310344828,0.5172413793,0.0,0.0,0.0,0.0,0.0,0.05172413793,0.0
1,1,0.9345794393,0.3731343284,0.4626865672,0.0,0.02985074627,0.0,0.0,0.0,0.1343283582,0.0
1,1,0.9291338583,0.3650793651,0.5714285714,0.0,0.0,0.0,0.0,0.0,0.06349206349,0.0
1,1,0.9345794393,0.4,0.45,0.01666666667,0.03333333333,0.0,0.0,0.0,0.1,0.0
1,1,0.9230769231,0.4861111111,0.3888888889,0.0,0.0,0.0,0.0,0.0,0.125,0.0
1,1,0.90625,0.4794520548,0.4246575342,0.0,0.0,0.0,0.0,0.0,0.09589041096,0.0
1,1,0.9333333333,0.4237288136,0.4576271186,0.01694915254,0.03389830508,0.0,0.0,0.0,0.06779661017,0.0
1,1,0.9345794393,0.3018867925,0.5849056604,0.0,0.0,0.0,0.0,0.0,0.1132075472,0.0
1,1,0.8656716418,0.5,0.5,0.0,0.0,0.0,0.0,0.0,0.0,0.0
1,1,0.9541284404,0.380952381,0.5873015873,0.0,0.0,0.0,0.0,0.0,0.03174603175,0.0
1,1,0.9230769231,0.5074626866,0.4626865672,0.01492537313,0.0,0.0,0.0,0.0,0.01492537313,0.0
1,1,0.9285714286,0.5070422535,0.4084507042,0.01408450704,0.01408450704,0.0,0.0,0.0,0.05633802817,0.0
1,1,0.9444444444,0.3636363636,0.5272727273,0.0,0.01818181818,0.0,0.0,0.0,0.07272727273,0.01818181818
1,1,0.9147286822,0.4444444444,0.4761904762,0.0,0.0,0.0,0.0,0.0,0.07936507937,0.0
1,1,0.8932038835,0.4150943396,0.4339622642,0.01886792453,0.01886792453,0.01886792453,0.0,0.0,0.07547169811,0.01886792453
1,1,0.9473684211,0.4492753623,0.4782608696,0.0,0.0,0.0,0.0,0.0,0.07246376812,0.0
1,1,0.9541284404,0.4576271186,0.5084745763,0.0,0.01694915254,0.0,0.0,0.0,0.01694915254,0.0
1,1,0.9230769231,0.3265306122,0.5510204082,0.0,0.02040816327,0.0,0.0,0.0,0.1020408163,0.0
1,1,0.9147286822,0.4,0.4307692308,0.0,0.0,0.0,0.0,0.0,0.1230769231,0.04615384615
1,1,0.8955223881,0.5694444444,0.4305555556,0.0,0.0,0.0,0.0,0.0,0.0,0.0
1,1,0.896,0.453125,0.40625,0.015625,0.0,0.0,0.0,0.0,0.09375,0.03125
1,1,0.9433962264,0.4098360656,0.4590163934,0.03278688525,0.01639344262,0.0,0.0,0.0,0.06557377049,0.01639344262
1,1,0.90625,0.4769230769,0.4769230769,0.0,0.0,0.0,0.0,0.0,0.04615384615,0.0
1,1,0.9147286822,0.5147058824,0.4411764706,0.0,0.02941176471,0.0,0.0,0.0,0.01470588235,0.0
1,1,0.9245283019,0.4137931034,0.4482758621,0.0,0.01724137931,0.0,0.0,0.0,0.1206896552,0.0
1,1,0.9245283019,0.4166666667,0.45,0.0,0.03333333333,0.0,0.0,0.0,0.1,0.0
1,1,0.9444444444,0.3870967742,0.4677419355,0.0,0.01612903226,0.0,0.0,0.0,0.1129032258,0.01612903226
1,1,0.9245283019,0.320754717,0.5471698113,0.0,0.01886792453,0.0,0.0,0.0,0.1132075472,0.0
1,1,0.9391304348,0.5,0.4677419355,0.0,0.0,0.0,0.0,0.0,0.03225806452,0.0
1,1,0.9312977099,0.4782608696,0.4492753623,0.01449275362,0.0,0.0,0.0,0.0,0.05797101449,0.0
1,1,0.9051094891,0.52,0.48,0.0,0.0,0.0,0.0,0.0,0.0,0.0
1,1,0.953271028,0.3673469388,0.5714285714,0.0,0.02040816327,0.0,0.0,0.0,0.04081632653,0.0
1,1,0.9345794393,0.3653846154,0.5384615385,0.0,0.01923076923,0.0,0.0,0.0,0.07692307692,0.0
1,1,0.9523809524,0.4032258065,0.4838709677,0.0,0.01612903226,0.0,0.0,0.0,0.09677419355,0.0
1,1,0.9345794393,0.4210526316,0.5087719298,0.0,0.01754385965,0.0,0.0,0.0,0.05263157895,0.0
1,1,0.9444444444,0.4153846154,0.4769230769,0.0,0.01538461538,0.0,0.0,0.0,0.06153846154,0.03076923077
1,1,0.9312977099,0.4,0.525,0.0,0.0,0.0,0.0,0.0,0.075,0.0
1,1,0.9333333333,0.2916666667,0.5833333333,0.02083333333,0.02083333333,0.0,0.0,0.0,0.08333333333,0.0
1,1,0.9541284404,0.3157894737,0.5438596491,0.0,0.01754385965,0.0,0.0,0.0,0.1052631579,0.01754385965
1,1,0.9133858268,0.3559322034,0.5254237288,0.01694915254,0.0,0.0,0.0,0.0,0.08474576271,0.01694915254
1,1,0.9636363636,0.3859649123,0.5263157895,0.0,0.01754385965,0.0,0.0,0.0,0.0701754386,0.0
1,1,0.8527131783,0.515625,0.40625,0.0,0.0,0.0,0.0,0.078125,0.0,0.0
1,1,0.9245283019,0.3269230769,0.5384615385,0.0,0.01923076923,0.0,0.0,0.0,0.1153846154,0.0
1,1,0.9523809524,0.4,0.4833333333,0.0,0.01666666667,0.0,0.0,0.0,0.1,0.0
1,1,0.9444444444,0.3492063492,0.4920634921,0.03174603175,0.01587301587,0.0,0.0,0.0,0.09523809524,0.01587301587
1,1,0.9345794393,0.4333333333,0.4666666667,0.0,0.01666666667,0.0,0.0,0.0,0.08333333333,0.0
1,1,0.912,0.3968253968,0.4920634921,0.01587301587,0.0,0.0,0.0,0.0,0.09523809524,0.0
1,1,0.9147286822,0.4714285714,0.4,0.0,0.0,0.0,0.0,0.0,0.08571428571,0.04285714286
1,1,0.9142857143,0.3541666667,0.5416666667,0.0,0.0,0.0,0.0,0.0,0.1041666667,0.0
1,1,0.9393939394,0.4,0.5176470588,0.01176470588,0.0,0.0,0.0,0.0,0.07058823529,0.0
1,1,0.9038461538,0.4038461538,0.4615384615,0.0,0.01923076923,0.0,0.0,0.0,0.1153846154,0.0
1,1,0.90625,0.3606557377,0.5081967213,0.01639344262,0.0,0.0,0.0,0.0,0.08196721311,0.03278688525
1,1,0.8760330579,0.5833333333,0.4,0.0,0.0,0.0,0.0,0.0,0.01666666667,0.0
1,1,0.9516129032,0.350877193,0.5438596491,0.0,0.0350877193,0.01754385965,0.0,0.0,0.05263157895,0.0
1,1,0.9147286822,0.4444444444,0.4126984127,0.0,0.03174603175,0.03174603175,0.0,0.0,0.07936507937,0.0
1,1,0.9444444444,0.3636363636,0.5272727273,0.0,0.01818181818,0.0,0.0,0.0,0.09090909091,0.0
1,1,0.9133858268,0.4647887324,0.4225352113,0.01408450704,0.0,0.0,0.0,0.0,0.07042253521,0.02816901408
1,1,0.9444444444,0.3333333333,0.5666666667,0.0,0.0,0.0,0.0,0.0,0.1,0.0
1,1,0.932038835,0.4137931034,0.4655172414,0.0,0.01724137931,0.0,0.0,0.0,0.08620689655,0.01724137931
1,1,0.9142857143,0.3035714286,0.6428571429,0.0,0.0,0.0,0.0,0.0,0.05357142857,0.0
1,1,0.9230769231,0.4929577465,0.4788732394,0.01408450704,0.0,0.0,0.0,0.0,0.01408450704,0.0
1,1,0.9444444444,0.34375,0.453125,0.0,0.015625,0.0,0.0,0.0,0.125,0.0625
1,1,0.9038461538,0.3962264151,0.4150943396,0.01886792453,0.01886792453,0.01886792453,0.0,0.0,0.09433962264,0.03773584906
1,1,0.8595041322,0.4745762712,0.3898305085,0.0,0.0,0.0,0.0,0.1016949153,0.03389830508,0.0
1,1,0.953271028,0.3518518519,0.5,0.0,0.03703703704,0.0,0.0,0.0,0.09259259259,0.01851851852
1,1,0.9345794393,0.3859649123,0.5087719298,0.0,0.01754385965,0.0,0.0,0.0,0.08771929825,0.0
1,1,0.9245283019,0.3225806452,0.564516129,0.0,0.0,0.0,0.0,0.0,0.1129032258,0.0
1,1,0.9444444444,0.3269230769,0.5384615385,0.0,0.01923076923,0.0,0.0,0.0,0.1153846154,0.0
1,1,0.9230769231,0.3333333333,0.5185185185,0.0,0.01851851852,0.0,0.0,0.0,0.09259259259,0.03703703704
1,1,0.9147286822,0.46875,0.46875,0.015625,0.015625,0.0,0.0,0.0,0.03125,0.0
1,1,0.9126213592,0.3265306122,0.5510204082,0.0,0.02040816327,0.0,0.0,0.0,0.1020408163,0.0
1,1,0.9147286822,0.4285714286,0.5,0.0,0.0,0.0,0.0,0.0,0.05714285714,0.01428571429
1,1,0.9147286822,0.4461538462,0.4923076923,0.0,0.0,0.0,0.0,0.0,0.06153846154,0.0
1,1,0.90625,0.4133333333,0.5066666667,0.01333333333,0.0,0.0,0.0,0.0,0.06666666667,0.0
1,1,0.8805970149,0.4848484848,0.4393939394,0.0,0.0,0.0,0.0,0.06060606061,0.01515151515,0.0
1,1,0.9245283019,0.358490566,0.5471698113,0.0,0.01886792453,0.0,0.0,0.0,0.07547169811,0.0
1,1,0.90625,0.3606557377,0.5081967213,0.01639344262,0.0,0.0,0.0,0.0,0.08196721311,0.03278688525
1,1,0.9245283019,0.3269230769,0.5384615385,0.0,0.01923076923,0.0,0.0,0.0,0.1153846154,0.0
1,1,0.9245283019,0.38,0.5,0.0,0.02,0.0,0.0,0.0,0.1,0.0
1,1,0.9038461538,0.4347826087,0.5,0.0,0.04347826087,0.0,0.0,0.0,0.02173913043,0.0
1,1,0.9230769231,0.4788732394,0.4366197183,0.0,0.0,0.0,0.0,0.0,0.07042253521,0.01408450704
1,1,0.8932038835,0.3269230769,0.6346153846,0.0,0.0,0.0,0.0,0.0,0.03846153846,0.0
1,1,0.8932038835,0.3777777778,0.5111111111,0.0,0.02222222222,0.0,0.0,0.0,0.08888888889,0.0
1,1,0.9636363636,0.3148148148,0.537037037,0.0,0.01851851852,0.01851851852,0.0,0.0,0.1111111111,0.0
1,1,0.9345794393,0.3703703704,0.537037037,0.0,0.0,0.0,0.0,0.0,0.09259259259,0.0
1,1,0.8721804511,0.4444444444,0.4761904762,0.0,0.0,0.0,0.0,0.06349206349,0.01587301587,0.0
1,1,0.9333333333,0.3773584906,0.5283018868,0.0,0.01886792453,0.0,0.0,0.0,0.07547169811,0.0
1,1,0.9142857143,0.4181818182,0.4727272727,0.01818181818,0.01818181818,0.0,0.0,0.0,0.07272727273,0.0
1,1,0.9142857143,0.3617021277,0.5106382979,0.0,0.02127659574,0.0,0.0,0.0,0.1063829787,0.0
1,1,0.9038461538,0.4333333333,0.4333333333,0.0,0.01666666667,0.0,0.0,0.0,0.1166666667,0.0
1,1,0.86,0.4042553191,0.4680851064,0.0,0.06382978723,0.0,0.0,0.0,0.06382978723,0.0
1,1,0.9245283019,0.3461538462,0.5192307692,0.0,0.01923076923,0.0,0.0,0.0,0.1153846154,0.0
1,1,0.9245283019,0.36,0.56,0.0,0.0,0.0,0.0,0.0,0.08,0.0
1,1,0.9230769231,0.3703703704,0.5185185185,0.01851851852,0.01851851852,0.0,0.0,0.0,0.07407407407,0.0
1,1,0.8709677419,0.4285714286,0.4761904762,0.0,0.0,0.01587301587,0.0,0.0,0.07936507937,0.0
1,1,0.9245283019,0.3636363636,0.5272727273,0.01818181818,0.01818181818,0.0,0.0,0.0,0.07272727273,0.0
1,1,0.9253731343,0.1829268293,0.5,0.1585365854,0.01219512195,0.0,0.0,0.0,0.0487804878,0.09756097561
1,1,0.9051094891,0.5205479452,0.4794520548,0.0,0.0,0.0,0.0,0.0,0.0,0.0
1,1,0.9433962264,0.3148148148,0.5555555556,0.0,0.01851851852,0.0,0.0,0.0,0.1111111111,0.0
1,1,0.890625,0.4084507042,0.5492957746,0.0,0.0,0.0,0.0,0.0,0.04225352113,0.0
1,1,0.8888888889,0.453125,0.46875,0.015625,0.0,0.0,0.0,0.0,0.046875,0.015625
1,1,0.9345794393,0.3818181818,0.5454545455,0.0,0.0,0.0,0.0,0.0,0.07272727273,0.0
1,1,0.9142857143,0.4107142857,0.4464285714,0.0,0.01785714286,0.0,0.0,0.0,0.125,0.0
1,1,0.9245283019,0.375,0.453125,0.0,0.03125,0.0,0.0,0.0,0.140625,0.0
1,1,0.9345794393,0.3333333333,0.5416666667,0.0,0.02083333333,0.0,0.0,0.0,0.1041666667,0.0
1,1,0.9245283019,0.380952381,0.5396825397,0.0,0.01587301587,0.0,0.0,0.0,0.06349206349,0.0
1,1,0.9541284404,0.4137931034,0.4655172414,0.01724137931,0.01724137931,0.0,0.0,0.0,0.08620689655,0.0
1,1,0.9636363636,0.3333333333,0.5263157895,0.0,0.01754385965,0.0,0.0,0.0,0.1052631579,0.01754385965
1,1,0.8805970149,0.4285714286,0.5714285714,0.0,0.0,0.0,0.0,0.0,0.0,0.0
1,1,0.9130434783,0.4594594595,0.4459459459,0.0,0.01351351351,0.0,0.0,0.0,0.05405405405,0.02702702703
1,1,0.8712871287,0.4042553191,0.4680851064,0.0,0.06382978723,0.0,0.0,0.0,0.06382978723,0.0
1,1,0.9245283019,0.3773584906,0.5094339623,0.0,0.01886792453,0.0,0.0,0.0,0.07547169811,0.01886792453
1,1,0.9038461538,0.2884615385,0.5192307692,0.0,0.01923076923,0.0,0.0,0.0,0.1153846154,0.05769230769
1,1,0.8932038835,0.3636363636,0.4545454545,0.0,0.01818181818,0.0,0.0,0.0,0.1454545455,0.01818181818
1,1,0.9433962264,0.42,0.48,0.0,0.02,0.0,0.0,0.0,0.06,0.02
1,1,0.9172932331,0.4246575342,0.397260274,0.0,0.01369863014,0.0,0.0,0.0,0.1643835616,0.0
1,1,0.9142857143,0.3962264151,0.5283018868,0.0,0.0,0.0,0.0,0.0,0.07547169811,0.0
1,1,0.9345794393,0.4035087719,0.5087719298,0.0,0.01754385965,0.0,0.0,0.0,0.0701754386,0.0
1,1,0.9142857143,0.3666666667,0.4833333333,0.0,0.03333333333,0.0,0.0,0.0,0.1166666667,0.0
1,1,0.8805970149,0.4545454545,0.4545454545,0.0,0.0,0.0,0.0,0.07575757576,0.01515151515,0.0
1,1,0.9333333333,0.3888888889,0.5185185185,0.0,0.01851851852,0.0,0.0,0.0,0.07407407407,0.0
1,1,0.9312977099,0.3728813559,0.5593220339,0.0,0.0,0.01694915254,0.0,0.0,0.03389830508,0.01694915254
1,1,0.9038461538,0.4528301887,0.4528301887,0.0,0.01886792453,0.0,0.0,0.0,0.07547169811,0.0
1,1,0.912,0.3220338983,0.5593220339,0.0,0.0,0.0,0.0,0.0,0.1186440678,0.0
1,1,0.9245283019,0.3272727273,0.5090909091,0.0,0.03636363636,0.0,0.0,0.0,0.1272727273,0.0
1,1,0.9345794393,0.3728813559,0.4915254237,0.01694915254,0.01694915254,0.0,0.0,0.0,0.1016949153,0.0
1,1,0.8932038835,0.4137931034,0.4482758621,0.0,0.01724137931,0.0,0.0,0.0,0.1206896552,0.0
1,1,0.9245283019,0.4137931034,0.4482758621,0.0,0.01724137931,0.0,0.0,0.0,0.1206896552,0.0
1,1,0.9152542373,0.4032258065,0.5,0.0,0.01612903226,0.0,0.0,0.0,0.08064516129,0.0
1,1,0.8932038835,0.320754717,0.4905660377,0.0,0.01886792453,0.0,0.0,0.0,0.1698113208,0.0
1,1,0.8188976378,0.5384615385,0.3846153846,0.0,0.0,0.0,0.0,0.0,0.06153846154,0.01538461538
1,1,0.9444444444,0.3076923077,0.5961538462,0.0,0.01923076923,0.0,0.0,0.0,0.05769230769,0.01923076923
1,1,0.9433962264,0.350877193,0.5087719298,0.01754385965,0.01754385965,0.0,0.0,0.0,0.1052631579,0.0
1,1,0.953271028,0.3846153846,0.5192307692,0.0,0.01923076923,0.0,0.0,0.0,0.07692307692,0.0
1,1,0.9444444444,0.4035087719,0.5087719298,0.0,0.01754385965,0.0,0.0,0.0,0.05263157895,0.01754385965
1,1,0.8992248062,0.5074626866,0.3731343284,0.0,0.0,0.01492537313,0.0,0.0,0.1044776119,0.0
1,1,0.9230769231,0.390625,0.484375,0.015625,0.0,0.0,0.0,0.0,0.078125,0.03125
1,1,0.8712871287,0.4,0.42,0.02,0.02,0.02,0.0,0.0,0.08,0.04
1,1,0.9541284404,0.406779661,0.4745762712,0.01694915254,0.01694915254,0.0,0.0,0.0,0.08474576271,0.0
1,1,0.9541284404,0.3725490196,0.5294117647,0.0,0.01960784314,0.0,0.0,0.0,0.07843137255,0.0
1,1,0.88,0.3,0.575,0.0,0.05,0.0,0.0,0.0,0.075,0.0
1,1,0.8985507246,0.5285714286,0.4714285714,0.0,0.0,0.0,0.0,0.0,0.0,0.0
1,1,0.9242424242,0.421875,0.5,0.0,0.0,0.0,0.0,0.0,0.078125,0.0
1,1,0.90625,0.3709677419,0.5,0.01612903226,0.0,0.0,0.0,0.0,0.08064516129,0.03225806452
1,1,0.9541284404,0.3823529412,0.5441176471,0.0,0.01470588235,0.0,0.0,0.0,0.05882352941,0.0
1,1,0.8910891089,0.4385964912,0.4561403509,0.0,0.01754385965,0.0,0.0,0.0,0.0701754386,0.01754385965
1,1,0.9142857143,0.3673469388,0.5510204082,0.0,0.0612244898,0.0,0.0,0.0,0.02040816327,0.0
1,1,0.9147286822,0.3918918919,0.4864864865,0.0,0.01351351351,0.0,0.0,0.0,0.1081081081,0.0
1,1,0.8976377953,0.4,0.5454545455,0.0,0.0,0.01818181818,0.0,0.0,0.03636363636,0.0
1,1,0.9345794393,0.3103448276,0.4137931034,0.0,0.01724137931,0.0,0.0,0.0,0.2586206897,0.0
1,1,0.9230769231,0.4366197183,0.4929577465,0.0,0.0,0.0,0.0,0.0,0.07042253521,0.0
1,1,0.9038461538,0.3404255319,0.5531914894,0.0,0.02127659574,0.0,0.0,0.0,0.08510638298,0.0
1,1,0.8484848485,0.4545454545,0.4242424242,0.0,0.0,0.0,0.0,0.1212121212,0.0,0.0
1,1,0.9306930693,0.4363636364,0.4545454545,0.0,0.0,0.0,0.0,0.0,0.1090909091,0.0
1,1,0.9541284404,0.4098360656,0.4754098361,0.01639344262,0.03278688525,0.0,0.0,0.0,0.06557377049,0.0
1,1,0.9541284404,0.3333333333,0.5555555556,0.0,0.01851851852,0.0,0.0,0.0,0.09259259259,0.0
1,1,0.9245283019,0.431372549,0.4901960784,0.0,0.01960784314,0.0,0.0,0.0,0.05882352941,0.0
1,1,0.953271028,0.35,0.4666666667,0.0,0.01666666667,0.01666666667,0.0,0.0,0.15,0.0
1,1,0.9215686275,0.306122449,0.5510204082,0.0,0.02040816327,0.0,0.0,0.0,0.1224489796,0.0
1,1,0.8709677419,0.4285714286,0.5,0.01785714286,0.0,0.0,0.0,0.0,0.05357142857,0.0
1,1,0.8910891089,0.320754717,0.5849056604,0.0,0.0,0.0,0.0,0.0,0.09433962264,0.0
1,1,0.9444444444,0.3725490196,0.5294117647,0.0,0.01960784314,0.0,0.0,0.0,0.07843137255,0.0
1,1,0.9444444444,0.3773584906,0.5283018868,0.01886792453,0.01886792453,0.0,0.0,0.0,0.05660377358,0.0
1,1,0.8644067797,0.4035087719,0.4035087719,0.0,0.0,0.0,0.0,0.1754385965,0.01754385965,0.0
1,1,0.9423076923,0.3269230769,0.5384615385,0.0,0.01923076923,0.0,0.0,0.0,0.1153846154,0.0
1,1,0.8823529412,0.3260869565,0.5869565217,0.0,0.0,0.0,0.0,0.0,0.0652173913,0.02173913043
1,1,0.953271028,0.3272727273,0.5818181818,0.0,0.0,0.0,0.0,0.0,0.09090909091,0.0
1,1,0.9142857143,0.4,0.4727272727,0.0,0.03636363636,0.0,0.0,0.0,0.09090909091,0.0
1,1,0.9345794393,0.3333333333,0.5185185185,0.0,0.01851851852,0.0,0.0,0.0,0.1296296296,0.0
1,1,0.9345794393,0.3653846154,0.5384615385,0.0,0.01923076923,0.0,0.0,0.0,0.07692307692,0.0
1,1,0.9147286822,0.3859649123,0.5614035088,0.0,0.0,0.0,0.0,0.0,0.05263157895,0.0
1,1,0.9245283019,0.3673469388,0.5510204082,0.0,0.02040816327,0.0,0.0,0.0,0.0612244898,0.0
1,1,0.9285714286,0.4651162791,0.4186046512,0.0,0.01162790698,0.0,0.0,0.0,0.1046511628,0.0
1,1,0.9333333333,0.406779661,0.5084745763,0.0,0.01694915254,0.0,0.0,0.0,0.06779661017,0.0
1,1,0.8760330579,0.4516129032,0.5483870968,0.0,0.0,0.0,0.0,0.0,0.0,0.0
1,1,0.9345794393,0.393442623,0.5737704918,0.0,0.0,0.0,0.0,0.0,0.03278688525,0.0
1,1,0.9541284404,0.3970588235,0.5294117647,0.0,0.01470588235,0.0,0.0,0.0,0.05882352941,0.0
1,1,0.8823529412,0.358490566,0.3962264151,0.0,0.0,0.07547169811,0.0,0.01886792453,0.1320754717,0.01886792453
1,1,0.9245283019,0.350877193,0.4736842105,0.0,0.01754385965,0.0,0.0,0.0,0.1228070175,0.0350877193
1,1,0.921875,0.4210526316,0.5263157895,0.01315789474,0.0,0.0,0.0,0.0,0.03947368421,0.0
1,1,0.9104477612,0.5,0.4375,0.0,0.0125,0.0,0.0,0.0,0.05,0.0
1,1,0.9444444444,0.35,0.5333333333,0.0,0.03333333333,0.0,0.0,0.0,0.08333333333,0.0
1,1,0.9312977099,0.3857142857,0.5571428571,0.0,0.0,0.0,0.0,0.0,0.05714285714,0.0
1,1,0.9245283019,0.4166666667,0.45,0.0,0.01666666667,0.0,0.0,0.0,0.1166666667,0.0
1,1,0.9333333333,0.3275862069,0.6034482759,0.0,0.0,0.0,0.0,0.0,0.06896551724,0.0
1,1,0.8721804511,0.4328358209,0.4029850746,0.0,0.0,0.0,0.0,0.1492537313,0.01492537313,0.0
1,1,0.9312977099,0.4444444444,0.375,0.0,0.0,0.0,0.0,0.0,0.1666666667,0.01388888889
1,1,0.9345794393,0.4385964912,0.4385964912,0.0,0.01754385965,0.0,0.0,0.0,0.1052631579,0.0
1,1,0.9245283019,0.3650793651,0.5396825397,0.0,0.01587301587,0.0,0.0,0.0,0.07936507937,0.0
1,1,0.9019607843,0.3170731707,0.5853658537,0.0,0.0,0.0,0.0,0.0,0.09756097561,0.0
1,1,0.9038461538,0.3265306122,0.5306122449,0.0,0.02040816327,0.0,0.0,0.0,0.1224489796,0.0
1,1,0.9444444444,0.3538461538,0.5538461538,0.0,0.01538461538,0.0,0.0,0.0,0.07692307692,0.0
1,1,0.9230769231,0.3768115942,0.5362318841,0.0,0.01449275362,0.0,0.0,0.0,0.07246376812,0.0
1,1,0.9245283019,0.4,0.5090909091,0.0,0.01818181818,0.0,0.0,0.0,0.07272727273,0.0
1,1,0.9541284404,0.4406779661,0.4576271186,0.0,0.01694915254,0.0,0.0,0.0,0.08474576271,0.0
1,1,0.9636363636,0.4057971014,0.5217391304,0.0,0.01449275362,0.0,0.0,0.0,0.05797101449,0.0
1,1,0.8721804511,0.4848484848,0.4242424242,0.0,0.0,0.0,0.0,0.07575757576,0.01515151515,0.0
1,1,0.890625,0.4415584416,0.4935064935,0.0,0.0,0.0,0.0,0.0,0.06493506494,0.0
1,1,0.9147286822,0.4383561644,0.5205479452,0.0,0.0,0.01369863014,0.0,0.0,0.02739726027,0.0
1,1,0.9312977099,0.3648648649,0.527027027,0.0,0.01351351351,0.0,0.0,0.0,0.09459459459,0.0
1,1,0.9541284404,0.3571428571,0.5357142857,0.0,0.01785714286,0.0,0.0,0.0,0.08928571429,0.0
1,1,0.9302325581,0.4027777778,0.5,0.0,0.0,0.0,0.0,0.0,0.09722222222,0.0
1,1,0.9444444444,0.3684210526,0.5087719298,0.01754385965,0.01754385965,0.0,0.0,0.0,0.08771929825,0.0
1,1,0.9345794393,0.4333333333,0.4333333333,0.0,0.01666666667,0.0,0.0,0.0,0.1166666667,0.0
1,1,0.9333333333,0.4126984127,0.4603174603,0.0,0.03174603175,0.0,0.0,0.0,0.09523809524,0.0
1,1,0.9345794393,0.4107142857,0.5178571429,0.0,0.01785714286,0.0,0.0,0.0,0.05357142857,0.0
1,1,0.951048951,0.4404761905,0.4404761905,0.0,0.0119047619,0.0,0.0,0.0,0.1071428571,0.0
1,1,0.875,0.4864864865,0.3513513514,0.05405405405,0.0,0.04054054054,0.0,0.0,0.06756756757,0.0
1,1,0.8970588235,0.5333333333,0.4666666667,0.0,0.0,0.0,0.0,0.0,0.0,0.0
1,1,0.9142857143,0.350877193,0.4561403509,0.0,0.01754385965,0.0,0.0,0.0,0.1228070175,0.05263157895
1,1,0.9541284404,0.3333333333,0.5555555556,0.0,0.01851851852,0.0,0.0,0.0,0.09259259259,0.0
1,1,0.9444444444,0.453125,0.4375,0.03125,0.015625,0.0,0.0,0.0,0.046875,0.015625
1,1,0.9345794393,0.3090909091,0.5090909091,0.0,0.01818181818,0.0,0.0,0.0,0.1090909091,0.05454545455
1,1,0.9245283019,0.3333333333,0.5185185185,0.0,0.01851851852,0.0,0.0,0.0,0.1296296296,0.0
1,1,0.9345794393,0.3636363636,0.5272727273,0.0,0.01818181818,0.0,0.0,0.0,0.07272727273,0.01818181818
1,1,0.9245283019,0.4035087719,0.4912280702,0.01754385965,0.01754385965,0.0,0.0,0.0,0.0701754386,0.0
1,1,0.9245283019,0.3859649123,0.4912280702,0.01754385965,0.01754385965,0.0,0.0,0.0,0.08771929825,0.0
1,1,0.9444444444,0.3684210526,0.5087719298,0.0,0.01754385965,0.0,0.0,0.0,0.1052631579,0.0
1,1,0.9160305344,0.4375,0.515625,0.0,0.0,0.0,0.0,0.0,0.046875,0.0
1,1,0.9208633094,0.5263157895,0.4736842105,0.0,0.0,0.0,0.0,0.0,0.0,0.0
1,1,0.953271028,0.3666666667,0.5,0.05,0.01666666667,0.0,0.0,0.0,0.06666666667,0.0
1,1,0.9333333333,0.3928571429,0.5,0.01785714286,0.01785714286,0.0,0.0,0.0,0.07142857143,0.0
1,1,0.88,0.3181818182,0.5454545455,0.0,0.02272727273,0.0,0.0,0.0,0.1136363636,0.0
1,1,0.9037037037,0.44,0.36,0.0,0.01333333333,0.0,0.0,0.0,0.1866666667,0.0
1,1,0.9245283019,0.3518518519,0.5185185185,0.0,0.01851851852,0.0,0.0,0.0,0.1111111111,0.0
1,1,0.9333333333,0.2830188679,0.641509434,0.0,0.0,0.0,0.0,0.0,0.07547169811,0.0
1,1,0.9245283019,0.4117647059,0.4901960784,0.01960784314,0.01960784314,0.0,0.0,0.0,0.05882352941,0.0
1,1,0.9345794393,0.3962264151,0.4905660377,0.0,0.01886792453,0.0,0.0,0.0,0.09433962264,0.0
1,1,0.9302325581,0.4098360656,0.5081967213,0.01639344262,0.0,0.0,0.0,0.0,0.06557377049,0.0
1,1,0.9444444444,0.3518518519,0.537037037,0.0,0.01851851852,0.0,0.0,0.0,0.09259259259,0.0
1,1,0.8740740741,0.5217391304,0.4782608696,0.0,0.0,0.0,0.0,0.0,0.0,0.0
1,1,0.9444444444,0.4558823529,0.5147058824,0.0,0.0,0.0,0.0,0.0,0.02941176471,0.0
1,1,0.9230769231,0.5362318841,0.4057971014,0.0,0.0,0.01449275362,0.0,0.0,0.04347826087,0.0
1,1,0.9719626168,0.262295082,0.6393442623,0.0,0.0,0.0,0.0,0.0,0.09836065574,0.0
1,1,0.8888888889,0.4,0.3846153846,0.01538461538,0.0,0.0,0.0,0.0,0.1538461538,0.04615384615
1,1,0.9433962264,0.3461538462,0.5384615385,0.01923076923,0.01923076923,0.0,0.0,0.0,0.07692307692,0.0
1,1,0.9444444444,0.4137931034,0.4827586207,0.0,0.01724137931,0.0,0.0,0.0,0.08620689655,0.0
1,1,0.9333333333,0.3265306122,0.5510204082,0.0,0.02040816327,0.0,0.0,0.0,0.1020408163,0.0
1,1,0.9230769231,0.4189189189,0.4864864865,0.0,0.0,0.0,0.0,0.0,0.09459459459,0.0
1,1,0.9541284404,0.3673469388,0.5102040816,0.0,0.02040816327,0.0,0.0,0.0,0.1020408163,0.0
1,1,0.9345794393,0.3404255319,0.5531914894,0.0,0.02127659574,0.0,0.0,0.0,0.08510638298,0.0
1,1,0.9037037037,0.5205479452,0.4794520548,0.0,0.0,0.0,0.0,0.0,0.0,0.0
1,1,0.9345794393,0.4,0.45,0.01666666667,0.03333333333,0.0,0.0,0.0,0.1,0.0
1,1,0.86,0.4222222222,0.4888888889,0.0,0.04444444444,0.0,0.0,0.0,0.04444444444,0.0
1,1,0.9230769231,0.3018867925,0.6226415094,0.0,0.0,0.0,0.0,0.0,0.07547169811,0.0
1,1,0.9541284404,0.3392857143,0.5357142857,0.0,0.01785714286,0.0,0.0,0.0,0.1071428571,0.0
1,1,0.9142857143,0.3725490196,0.5098039216,0.01960784314,0.01960784314,0.0,0.0,0.0,0.03921568627,0.03921568627
1,1,0.9142857143,0.4181818182,0.5090909091,0.0,0.03636363636,0.0,0.0,0.0,0.03636363636,0.0
1,1,0.90625,0.4142857143,0.5571428571,0.0,0.0,0.0,0.0,0.0,0.01428571429,0.01428571429
1,1,0.9345794393,0.2962962963,0.5185185185,0.0,0.01851851852,0.0,0.0,0.0,0.1111111111,0.05555555556
1,1,0.953271028,0.3870967742,0.5,0.0,0.01612903226,0.0,0.0,0.0,0.08064516129,0.01612903226
1,1,0.9142857143,0.3023255814,0.6046511628,0.0,0.02325581395,0.0,0.0,0.0,0.06976744186,0.0
1,1,0.8833333333,0.5303030303,0.4696969697,0.0,0.0,0.0,0.0,0.0,0.0,0.0
1,1,0.9245283019,0.358490566,0.5094339623,0.01886792453,0.01886792453,0.0,0.0,0.0,0.09433962264,0.0
1,1,0.9230769231,0.4262295082,0.5245901639,0.0,0.0,0.0,0.0,0.0,0.04918032787,0.0
1,1,0.9230769231,0.3653846154,0.4615384615,0.0,0.01923076923,0.0,0.0,0.0,0.1538461538,0.0
1,1,0.9245283019,0.347826087,0.5434782609,0.0,0.04347826087,0.0,0.0,0.0,0.0652173913,0.0
1,1,0.9142857143,0.3606557377,0.5901639344,0.0,0.0,0.0,0.0,0.0,0.04918032787,0.0
1,1,0.9541284404,0.3548387097,0.435483871,0.0,0.01612903226,0.01612903226,0.0,0.0,0.1612903226,0.01612903226
1,1,0.9245283019,0.421875,0.53125,0.0,0.0,0.0,0.0,0.0,0.046875,0.0
1,1,0.9291338583,0.3870967742,0.4838709677,0.01612903226,0.0,0.0,0.0,0.0,0.08064516129,0.03225806452
1,1,0.9230769231,0.2916666667,0.5625,0.0,0.02083333333,0.0,0.0,0.0,0.125,0.0
1,1,0.9245283019,0.3333333333,0.5185185185,0.0,0.01851851852,0.0,0.0,0.0,0.1296296296,0.0
1,1,0.8721804511,0.4782608696,0.5217391304,0.0,0.0,0.0,0.0,0.0,0.0,0.0
1,1,0.8617886179,0.4181818182,0.4181818182,0.0,0.0,0.0,0.0,0.0,0.1272727273,0.03636363636
1,1,0.9147286822,0.4848484848,0.4242424242,0.0303030303,0.0,0.0,0.0,0.0,0.06060606061,0.0
1,1,0.9242424242,0.4090909091,0.4545454545,0.0303030303,0.0,0.0,0.0,0.0,0.07575757576,0.0303030303
1,1,0.9541284404,0.3653846154,0.5769230769,0.0,0.01923076923,0.0,0.0,0.0,0.03846153846,0.0
1,1,0.9411764706,0.4050632911,0.4556962025,0.01265822785,0.01265822785,0.0,0.0,0.0,0.1139240506,0.0
1,1,0.9444444444,0.4,0.5,0.0,0.01666666667,0.0,0.0,0.0,0.08333333333,0.0
1,1,0.953271028,0.435483871,0.4677419355,0.0,0.01612903226,0.0,0.0,0.0,0.06451612903,0.01612903226
1,1,0.9160305344,0.4605263158,0.4605263158,0.0,0.0,0.0,0.0,0.0,0.07894736842,0.0
1,1,0.9345794393,0.3965517241,0.5172413793,0.0,0.01724137931,0.0,0.0,0.0,0.06896551724,0.0
1,1,0.90625,0.4210526316,0.5,0.0,0.0,0.0,0.0,0.0,0.07894736842,0.0
1,1,0.8461538462,0.4193548387,0.5806451613,0.0,0.0,0.0,0.0,0.0,0.0,0.0
1,1,0.9275362319,0.5066666667,0.4266666667,0.0,0.02666666667,0.0,0.0,0.0,0.04,0.0
1,1,0.9230769231,0.4705882353,0.4352941176,0.02352941176,0.0,0.01176470588,0.0,0.0,0.04705882353,0.01176470588
1,1,0.9444444444,0.3636363636,0.5090909091,0.0,0.01818181818,0.0,0.0,0.0,0.09090909091,0.01818181818
1,1,0.9142857143,0.4117647059,0.4901960784,0.0,0.03921568627,0.01960784314,0.0,0.0,0.01960784314,0.01960784314
1,1,0.8932038835,0.3958333333,0.5416666667,0.0,0.0,0.0,0.0,0.0,0.0625,0.0
1,1,0.9333333333,0.4166666667,0.4666666667,0.0,0.01666666667,0.0,0.0,0.0,0.08333333333,0.01666666667
1,1,0.9333333333,0.306122449,0.5918367347,0.0,0.02040816327,0.0,0.0,0.0,0.08163265306,0.0
1,1,0.9345794393,0.3076923077,0.4615384615,0.0,0.01923076923,0.0,0.0,0.0,0.2115384615,0.0
1,1,0.953271028,0.34,0.56,0.0,0.02,0.0,0.0,0.0,0.08,0.0
1,1,0.9541284404,0.3793103448,0.5,0.0,0.01724137931,0.0,0.0,0.0,0.08620689655,0.01724137931
1,1,0.8805970149,0.5428571429,0.4571428571,0.0,0.0,0.0,0.0,0.0,0.0,0.0
1,1,0.9107142857,0.4714285714,0.4428571429,0.0,0.0,0.01428571429,0.0,0.0,0.07142857143,0.0
1,1,0.9172932331,0.4457831325,0.4578313253,0.01204819277,0.0,0.0,0.0,0.0,0.06024096386,0.02409638554
1,1,0.9038461538,0.3191489362,0.5531914894,0.0,0.02127659574,0.0,0.0,0.0,0.08510638298,0.02127659574
1,1,0.9636363636,0.3768115942,0.5362318841,0.0,0.01449275362,0.0,0.0,0.0,0.07246376812,0.0
1,1,0.9147286822,0.3768115942,0.5217391304,0.01449275362,0.0,0.01449275362,0.0,0.0,0.07246376812,0.0
1,1,0.9541284404,0.3269230769,0.5576923077,0.0,0.01923076923,0.0,0.0,0.0,0.09615384615,0.0
1,1,0.9345794393,0.3703703704,0.5185185185,0.0,0.01851851852,0.0,0.0,0.0,0.07407407407,0.01851851852
1,1,0.9142857143,0.4032258065,0.4516129032,0.0,0.01612903226,0.0,0.0,0.0,0.1129032258,0.01612903226
1,1,0.9142857143,0.3888888889,0.4814814815,0.01851851852,0.01851851852,0.0,0.0,0.0,0.09259259259,0.0
1,1,0.9126213592,0.4181818182,0.4545454545,0.0,0.01818181818,0.0,0.0,0.0,0.1090909091,0.0
1,1,0.8985507246,0.5479452055,0.4520547945,0.0,0.0,0.0,0.0,0.0,0.0,0.0
1,1,0.9436619718,0.45,0.4833333333,0.0,0.01666666667,0.0,0.0,0.0,0.05,0.0
1,1,0.953271028,0.4137931034,0.5,0.0,0.01724137931,0.0,0.0,0.0,0.06896551724,0.0
1,1,0.88,0.375,0.390625,0.015625,0.0,0.0,0.0,0.0,0.15625,0.0625
1,1,0.9444444444,0.3333333333,0.5263157895,0.0,0.01754385965,0.0,0.0,0.0,0.1052631579,0.01754385965
1,1,0.9147286822,0.4615384615,0.4615384615,0.0,0.0,0.01282051282,0.0,0.0,0.0641025641,0.0
1,1,0.9051094891,0.4411764706,0.3970588235,0.0,0.01470588235,0.0,0.0,0.0,0.1323529412,0.01470588235
1,1,0.9047619048,0.4696969697,0.4696969697,0.01515151515,0.01515151515,0.0,0.0,0.0,0.0303030303,0.0
1,1,0.9333333333,0.4259259259,0.5185185185,0.0,0.0,0.0,0.0,0.0,0.05555555556,0.0
1,1,0.9047619048,0.4677419355,0.4838709677,0.0,0.0,0.0,0.0,0.0,0.04838709677,0.0
1,1,0.9541284404,0.3684210526,0.5087719298,0.0,0.01754385965,0.0,0.0,0.0,0.08771929825,0.01754385965
1,1,0.8780487805,0.3518518519,0.3703703704,0.0,0.0,0.0,0.0,0.2777777778,0.0,0.0
1,1,0.9541284404,0.4347826087,0.5217391304,0.0,0.0,0.0,0.0,0.0,0.04347826087,0.0
1,1,0.9436619718,0.4594594595,0.4594594595,0.0,0.01351351351,0.0,0.0,0.0,0.04054054054,0.02702702703
1,1,0.9541284404,0.3773584906,0.5283018868,0.0,0.01886792453,0.0,0.0,0.0,0.07547169811,0.0
1,1,0.9481481481,0.3636363636,0.5303030303,0.01515151515,0.0,0.0,0.0,0.0,0.09090909091,0.0
1,1,0.9503546099,0.4556962025,0.4556962025,0.0,0.0,0.0,0.0,0.0,0.08860759494,0.0
1,1,0.953271028,0.4333333333,0.4666666667,0.0,0.01666666667,0.0,0.0,0.0,0.06666666667,0.01666666667
1,1,0.9433962264,0.32,0.56,0.0,0.02,0.0,0.0,0.0,0.1,0.0
1,1,0.896,0.4242424242,0.4696969697,0.0303030303,0.01515151515,0.0,0.0,0.0,0.06060606061,0.0
1,1,0.9076923077,0.406779661,0.4915254237,0.0,0.0,0.0,0.0,0.0,0.1016949153,0.0
1,1,0.9345794393,0.3787878788,0.4545454545,0.0,0.0303030303,0.0,0.0,0.0,0.1363636364,0.0
1,1,0.9264705882,0.2093023256,0.488372093,0.1511627907,0.01162790698,0.0,0.0,0.0,0.04651162791,0.09302325581
1,1,0.8805970149,0.5,0.5,0.0,0.0,0.0,0.0,0.0,0.0,0.0
1,1,0.921875,0.3970588235,0.5441176471,0.0,0.01470588235,0.0,0.0,0.0,0.02941176471,0.01470588235
1,1,0.9433962264,0.3090909091,0.5090909091,0.0,0.01818181818,0.0,0.0,0.0,0.1090909091,0.05454545455
1,1,0.9147286822,0.3968253968,0.4761904762,0.01587301587,0.0,0.0,0.0,0.0,0.07936507937,0.03174603175
1,1,0.9345794393,0.3389830508,0.5423728814,0.0,0.03389830508,0.0,0.0,0.0,0.08474576271,0.0
1,1,0.9142857143,0.4081632653,0.4897959184,0.0,0.0612244898,0.0,0.0,0.0,0.04081632653,0.0
1,1,0.953271028,0.358490566,0.5471698113,0.0,0.01886792453,0.0,0.0,0.0,0.07547169811,0.0
1,1,0.9245283019,0.34,0.54,0.0,0.02,0.0,0.0,0.0,0.1,0.0
1,1,0.9147286822,0.4035087719,0.5614035088,0.0,0.0,0.0,0.0,0.0,0.0350877193,0.0
1,1,0.9473684211,0.4705882353,0.4588235294,0.0,0.0,0.01176470588,0.0,0.0,0.05882352941,0.0
1,1,0.9345794393,0.3,0.58,0.02,0.02,0.0,0.0,0.0,0.08,0.0
1,1,0.8702290076,0.4375,0.453125,0.0,0.0,0.0,0.0,0.09375,0.015625,0.0
1,1,0.9444444444,0.3518518519,0.5185185185,0.0,0.01851851852,0.0,0.0,0.0,0.1111111111,0.0
1,1,0.9423076923,0.2857142857,0.5714285714,0.0,0.02040816327,0.0,0.0,0.0,0.1224489796,0.0
1,1,0.9019607843,0.3541666667,0.5208333333,0.0,0.02083333333,0.0,0.0,0.0,0.08333333333,0.02083333333
1,1,0.9126213592,0.406779661,0.4745762712,0.0,0.01694915254,0.0,0.0,0.0,0.08474576271,0.01694915254
1,1,0.9345794393,0.4307692308,0.4461538462,0.01538461538,0.01538461538,0.0,0.0,0.0,0.09230769231,0.0
1,1,0.9142857143,0.3090909091,0.5090909091,0.0,0.01818181818,0.0,0.0,0.0,0.1090909091,0.05454545455
1,1,0.9230769231,0.3773584906,0.5094339623,0.01886792453,0.01886792453,0.0,0.0,0.0,0.07547169811,0.0
1,1,0.9047619048,0.4925373134,0.447761194,0.0,0.0,0.01492537313,0.0,0.0,0.0447761194,0.0
1,1,0.9444444444,0.34,0.58,0.0,0.02,0.0,0.0,0.0,0.06,0.0
1,1,0.9038461538,0.3859649123,0.350877193,0.0,0.01754385965,0.0350877193,0.0,0.0,0.2105263158,0.0
1,1,0.8955223881,0.4852941176,0.4117647059,0.0,0.0,0.0,0.0,0.08823529412,0.01470588235,0.0
1,1,0.9038461538,0.3,0.54,0.0,0.02,0.0,0.0,0.0,0.14,0.0
1,1,0.9245283019,0.3725490196,0.5098039216,0.0,0.01960784314,0.0,0.0,0.0,0.09803921569,0.0
1,1,0.90625,0.4925373134,0.4179104478,0.0,0.0,0.0,0.0,0.0,0.08955223881,0.0
1,1,0.9444444444,0.3518518519,0.5185185185,0.0,0.01851851852,0.0,0.0,0.0,0.1111111111,0.0
1,1,0.8932038835,0.4035087719,0.4561403509,0.0,0.01754385965,0.0,0.0,0.0,0.1052631579,0.01754385965
1,1,0.9433962264,0.4615384615,0.4423076923,0.0,0.01923076923,0.0,0.0,0.0,0.07692307692,0.0
1,1,0.9622641509,0.3384615385,0.5692307692,0.0,0.0,0.0,0.0,0.0,0.09230769231,0.0
1,1,0.9444444444,0.390625,0.546875,0.0,0.015625,0.0,0.0,0.0,0.046875,0.0
1,1,0.90625,0.4285714286,0.4805194805,0.0,0.0,0.01298701299,0.0,0.0,0.07792207792,0.0
1,1,0.9133858268,0.4246575342,0.5205479452,0.01369863014,0.0,0.0,0.0,0.0,0.04109589041,0.0
1,1,0.8702290076,0.4426229508,0.4918032787,0.0,0.0,0.0,0.0,0.04918032787,0.01639344262,0.0
1,1,0.962962963,0.3333333333,0.5185185185,0.0,0.01851851852,0.01851851852,0.0,0.0,0.09259259259,0.01851851852
1,1,0.9312977099,0.406779661,0.5423728814,0.0,0.0,0.0,0.0,0.0,0.05084745763,0.0
1,1,0.953271028,0.3035714286,0.6428571429,0.0,0.0,0.0,0.0,0.0,0.05357142857,0.0
1,1,0.9038461538,0.3773584906,0.4905660377,0.0,0.01886792453,0.0,0.0,0.0,0.1132075472,0.0
1,1,0.9345794393,0.3191489362,0.5531914894,0.0,0.04255319149,0.0,0.0,0.0,0.08510638298,0.0
1,1,0.9393939394,0.3666666667,0.5833333333,0.0,0.0,0.0,0.0,0.0,0.05,0.0
1,1,0.9245283019,0.2857142857,0.5918367347,0.0,0.02040816327,0.0,0.0,0.0,0.1020408163,0.0
1,1,0.9047619048,0.4657534247,0.4931506849,0.0,0.0,0.01369863014,0.0,0.0,0.02739726027,0.0
1,1,0.8888888889,0.4,0.5285714286,0.0,0.0,0.01428571429,0.0,0.0,0.05714285714,0.0
1,1,0.9038461538,0.3962264151,0.4528301887,0.0,0.01886792453,0.01886792453,0.0,0.0,0.09433962264,0.01886792453
1,1,0.8305084746,0.4745762712,0.5254237288,0.0,0.0,0.0,0.0,0.0,0.0,0.0
1,1,0.9541284404,0.3392857143,0.5357142857,0.0,0.01785714286,0.0,0.0,0.0,0.1071428571,0.0
1,1,0.90625,0.4776119403,0.3880597015,0.0,0.0,0.0,0.0,0.0,0.1194029851,0.01492537313
1,1,0.9333333333,0.2978723404,0.5957446809,0.0,0.02127659574,0.0,0.0,0.0,0.08510638298,0.0
1,1,0.9147286822,0.4264705882,0.4705882353,0.0,0.0,0.0,0.0,0.0,0.1029411765,0.0
1,1,0.9147286822,0.4133333333,0.5466666667,0.0,0.0,0.0,0.0,0.0,0.04,0.0
1,1,0.9147286822,0.4375,0.515625,0.0,0.0,0.0,0.0,0.0,0.046875,0.0
1,1,0.9245283019,0.34,0.54,0.0,0.04,0.0,0.0,0.0,0.08,0.0
1,1,0.9444444444,0.3968253968,0.4603174603,0.0,0.03174603175,0.0,0.0,0.0,0.1111111111,0.0
1,1,0.9444444444,0.3214285714,0.5535714286,0.0,0.03571428571,0.0,0.0,0.0,0.08928571429,0.0
1,1,0.8932038835,0.3921568627,0.4117647059,0.01960784314,0.01960784314,0.01960784314,0.0,0.0,0.09803921569,0.03921568627
1,1,0.8666666667,0.4363636364,0.4545454545,0.0,0.0,0.0,0.0,0.09090909091,0.01818181818,0.0
1,1,0.9047619048,0.4615384615,0.4615384615,0.01538461538,0.0,0.0,0.0,0.0,0.06153846154,0.0
1,1,0.8712871287,0.3921568627,0.431372549,0.01960784314,0.01960784314,0.01960784314,0.0,0.0,0.07843137255,0.03921568627
1,1,0.9038461538,0.3076923077,0.5,0.0,0.01923076923,0.0,0.0,0.0,0.1153846154,0.05769230769
1,1,0.8976377953,0.4615384615,0.4461538462,0.0,0.03076923077,0.0,0.0,0.0,0.06153846154,0.0
1,1,0.9230769231,0.4310344828,0.5172413793,0.0,0.0,0.0,0.0,0.0,0.05172413793,0.0
1,1,0.90625,0.5147058824,0.4411764706,0.0,0.02941176471,0.0,0.0,0.0,0.01470588235,0.0
1,1,0.9142857143,0.3818181818,0.4727272727,0.0,0.01818181818,0.01818181818,0.0,0.0,0.09090909091,0.01818181818
1,1,0.9245283019,0.38,0.46,0.02,0.02,0.04,0.0,0.0,0.06,0.02
1,1,0.9541284404,0.3770491803,0.4590163934,0.0,0.01639344262,0.0,0.0,0.0,0.1475409836,0.0
1,1,0.9444444444,0.3620689655,0.4827586207,0.0,0.01724137931,0.01724137931,0.0,0.0,0.1034482759,0.01724137931
1,1,0.8721804511,0.4615384615,0.4307692308,0.0,0.0,0.0,0.0,0.09230769231,0.01538461538,0.0
1,1,0.9245283019,0.3636363636,0.4909090909,0.0,0.01818181818,0.0,0.0,0.0,0.1272727273,0.0
1,1,0.9275362319,0.4626865672,0.4328358209,0.0,0.01492537313,0.01492537313,0.0,0.0,0.07462686567,0.0
1,1,0.9047619048,0.3770491803,0.5409836066,0.0,0.0,0.01639344262,0.0,0.0,0.06557377049,0.0
1,1,0.9133858268,0.4929577465,0.4225352113,0.0,0.01408450704,0.0,0.0,0.0,0.07042253521,0.0
1,1,0.9622641509,0.4090909091,0.5454545455,0.0,0.0,0.0,0.0,0.0,0.04545454545,0.0
1,1,0.9393939394,0.447761194,0.4776119403,0.02985074627,0.0,0.0,0.0,0.0,0.0447761194,0.0
1,1,0.9142857143,0.4193548387,0.4516129032,0.0,0.01612903226,0.0,0.0,0.0,0.1129032258,0.0
1,1,0.9444444444,0.3793103448,0.4655172414,0.0,0.01724137931,0.01724137931,0.0,0.0,0.1034482759,0.01724137931
1,1,0.9345794393,0.3396226415,0.4905660377,0.0,0.01886792453,0.0,0.0,0.0,0.1509433962,0.0
1,1,0.9444444444,0.4137931034,0.4827586207,0.0,0.01724137931,0.0,0.0,0.0,0.08620689655,0.0
1,1,0.8636363636,0.447761194,0.3582089552,0.0,0.0,0.0,0.0,0.1940298507,0.0,0.0
1,1,0.9245283019,0.34,0.54,0.0,0.02,0.0,0.0,0.0,0.08,0.02
1,1,0.88,0.3921568627,0.5098039216,0.0,0.01960784314,0.0,0.0,0.0,0.07843137255,0.0
1,1,0.9444444444,0.3684210526,0.5087719298,0.0,0.01754385965,0.0,0.0,0.0,0.1052631579,0.0
1,1,0.9206349206,0.4035087719,0.5438596491,0.0,0.0,0.0,0.0,0.0,0.05263157895,0.0
1,1,0.8910891089,0.3333333333,0.6470588235,0.0,0.0,0.0,0.0,0.0,0.01960784314,0.0
1,1,0.9541284404,0.3818181818,0.5090909091,0.0,0.01818181818,0.0,0.0,0.0,0.09090909091,0.0
1,1,0.9160305344,0.3833333333,0.5,0.01666666667,0.0,0.0,0.0,0.0,0.1,0.0
1,1,0.9312977099,0.393442623,0.5245901639,0.0,0.0,0.0,0.0,0.0,0.08196721311,0.0
1,1,0.9345794393,0.4210526316,0.5087719298,0.0,0.01754385965,0.0,0.0,0.0,0.05263157895,0.0
1,1,0.9230769231,0.3818181818,0.4727272727,0.0,0.01818181818,0.01818181818,0.0,0.0,0.09090909091,0.01818181818
1,1,0.8702290076,0.453125,0.546875,0.0,0.0,0.0,0.0,0.0,0.0,0.0
1,1,0.9345794393,0.3018867925,0.5471698113,0.0,0.01886792453,0.0,0.0,0.0,0.1320754717,0.0
1,1,0.9433962264,0.3461538462,0.5576923077,0.0,0.0,0.0,0.0,0.0,0.09615384615,0.0
1,1,0.9245283019,0.4107142857,0.4107142857,0.01785714286,0.01785714286,0.01785714286,0.0,0.0,0.08928571429,0.03571428571
1,1,0.9636363636,0.3773584906,0.5849056604,0.0,0.0,0.0,0.0,0.0,0.03773584906,0.0
1,1,0.9147286822,0.4920634921,0.4761904762,0.0,0.0,0.0,0.0,0.0,0.03174603175,0.0
1,1,0.9345794393,0.406779661,0.4576271186,0.0,0.01694915254,0.01694915254,0.0,0.0,0.08474576271,0.01694915254
1,1,0.9436619718,0.4534883721,0.4534883721,0.01162790698,0.01162790698,0.0,0.0,0.0,0.06976744186,0.0
1,1,0.9312977099,0.4166666667,0.55,0.0,0.0,0.0,0.0,0.0,0.03333333333,0.0
1,1,0.9230769231,0.4366197183,0.4507042254,0.02816901408,0.0,0.0,0.0,0.0,0.08450704225,0.0
1,1,0.9126213592,0.28,0.62,0.0,0.04,0.0,0.0,0.0,0.06,0.0
1,1,0.8682170543,0.4626865672,0.5373134328,0.0,0.0,0.0,0.0,0.0,0.0,0.0
1,1,0.9333333333,0.3773584906,0.5094339623,0.0,0.01886792453,0.0,0.0,0.0,0.07547169811,0.01886792453
1,1,0.9038461538,0.3617021277,0.5319148936,0.0,0.02127659574,0.0,0.0,0.0,0.08510638298,0.0
1,1,0.9312977099,0.4285714286,0.4761904762,0.01587301587,0.0,0.0,0.0,0.0,0.07936507937,0.0
1,1,0.9345794393,0.3833333333,0.4666666667,0.0,0.01666666667,0.0,0.0,0.0,0.1166666667,0.01666666667
1,1,0.9444444444,0.3269230769,0.5576923077,0.0,0.01923076923,0.0,0.0,0.0,0.09615384615,0.0
1,1,0.9038461538,0.3518518519,0.537037037,0.0,0.03703703704,0.0,0.0,0.0,0.07407407407,0.0
1,1,0.9345794393,0.421875,0.515625,0.0,0.015625,0.0,0.0,0.0,0.046875,0.0
1,1,0.9142857143,0.298245614,0.5789473684,0.0,0.01754385965,0.0,0.0,0.0,0.1052631579,0.0
1,1,0.9245283019,0.4032258065,0.4677419355,0.0,0.01612903226,0.0,0.0,0.0,0.09677419355,0.01612903226
1,1,0.9433962264,0.4107142857,0.4642857143,0.01785714286,0.01785714286,0.0,0.0,0.0,0.08928571429,0.0
1,1,0.9436619718,0.46,0.36,0.05,0.0,0.01,0.0,0.0,0.09,0.03
1,1,0.8943089431,0.3797468354,0.3417721519,0.1139240506,0.0,0.0,0.0,0.0,0.1518987342,0.01265822785
1,1,0.8854961832,0.4776119403,0.4626865672,0.0,0.0,0.0,0.0,0.0447761194,0.01492537313,0.0
1,1,0.9345794393,0.3333333333,0.6041666667,0.0,0.02083333333,0.0,0.0,0.0,0.04166666667,0.0
1,1,0.9636363636,0.3392857143,0.5535714286,0.0,0.01785714286,0.0,0.0,0.0,0.07142857143,0.01785714286
1,1,0.9245283019,0.3,0.5833333333,0.0,0.01666666667,0.0,0.0,0.0,0.1,0.0
1,1,0.9444444444,0.4655172414,0.4482758621,0.0,0.01724137931,0.0,0.0,0.0,0.06896551724,0.0
1,1,0.9622641509,0.3384615385,0.5692307692,0.0,0.0,0.0,0.0,0.0,0.09230769231,0.0
1,1,0.9345794393,0.34375,0.546875,0.0,0.015625,0.0,0.0,0.0,0.09375,0.0
1,1,0.90625,0.3965517241,0.5172413793,0.0,0.0,0.0,0.0,0.0,0.08620689655,0.0
1,1,0.9104477612,0.515625,0.4375,0.0,0.015625,0.0,0.0,0.0,0.015625,0.015625
1,1,0.9147286822,0.3970588235,0.4264705882,0.0,0.0,0.01470588235,0.0,0.0,0.1617647059,0.0
1,1,0.896,0.4137931034,0.4482758621,0.0,0.01724137931,0.0,0.0,0.0,0.1206896552,0.0
1,1,0.8721804511,0.5538461538,0.2615384615,0.01538461538,0.1076923077,0.0,0.0,0.0,0.06153846154,0.0
1,1,0.8709677419,0.4675324675,0.4415584416,0.01298701299,0.01298701299,0.0,0.0,0.0,0.05194805195,0.01298701299
1,1,0.8888888889,0.4838709677,0.4677419355,0.0,0.0,0.01612903226,0.0,0.0,0.03225806452,0.0
1,1,0.8870967742,0.4727272727,0.4909090909,0.0,0.0,0.0,0.0,0.0,0.03636363636,0.0
1,1,0.9126213592,0.3454545455,0.4545454545,0.0,0.01818181818,0.0,0.0,0.0,0.1272727273,0.05454545455
1,1,0.9142857143,0.4035087719,0.4385964912,0.01754385965,0.0350877193,0.0,0.0,0.0,0.1052631579,0.0
1,1,0.9444444444,0.3076923077,0.5576923077,0.0,0.01923076923,0.0,0.0,0.0,0.1153846154,0.0
1,1,0.9142857143,0.3269230769,0.5,0.0,0.03846153846,0.0,0.0,0.0,0.1346153846,0.0
1,1,0.9345794393,0.4,0.45,0.01666666667,0.03333333333,0.0,0.0,0.0,0.1,0.0
1,1,0.8976377953,0.4262295082,0.4590163934,0.01639344262,0.0,0.0,0.0,0.0,0.09836065574,0.0
1,1,0.9147286822,0.4098360656,0.4918032787,0.0,0.0,0.0,0.0,0.0,0.09836065574,0.0
1,1,0.8805970149,0.46875,0.453125,0.0,0.0,0.0,0.0,0.0625,0.015625,0.0
1,1,0.9345794393,0.4,0.4545454545,0.0,0.01818181818,0.0,0.0,0.0,0.1272727273,0.0
1,1,0.90625,0.4925373134,0.447761194,0.01492537313,0.01492537313,0.0,0.0,0.0,0.02985074627,0.0
1,1,0.9345794393,0.3898305085,0.4576271186,0.0,0.01694915254,0.0,0.0,0.0,0.1355932203,0.0
1,1,0.9384615385,0.3606557377,0.5245901639,0.03278688525,0.0,0.0,0.0,0.0,0.08196721311,0.0
1,1,0.9523809524,0.4032258065,0.4838709677,0.0,0.01612903226,0.0,0.0,0.0,0.08064516129,0.01612903226
1,1,0.9523809524,0.3870967742,0.4838709677,0.0,0.03225806452,0.0,0.0,0.0,0.09677419355,0.0
1,1,0.9242424242,0.5070422535,0.3521126761,0.0,0.01408450704,0.0,0.0,0.0,0.0985915493,0.02816901408
1,1,0.9433962264,0.4528301887,0.4716981132,0.0,0.01886792453,0.0,0.0,0.0,0.05660377358,0.0
1,1,0.9345794393,0.3833333333,0.45,0.0,0.01666666667,0.0,0.0,0.0,0.1333333333,0.01666666667
1,1,0.9133858268,0.4782608696,0.4347826087,0.01449275362,0.01449275362,0.0,0.0,0.0,0.05797101449,0.0
1,1,0.8888888889,0.4705882353,0.4264705882,0.0,0.0,0.0,0.0,0.1029411765,0.0,0.0
1,1,0.9444444444,0.3220338983,0.5762711864,0.0,0.01694915254,0.0,0.0,0.0,0.08474576271,0.0
1,1,0.9230769231,0.3650793651,0.5873015873,0.0,0.0,0.0,0.0,0.0,0.04761904762,0.0
1,1,0.9038461538,0.38,0.48,0.0,0.02,0.0,0.0,0.0,0.12,0.0
1,1,0.9245283019,0.3965517241,0.4655172414,0.0,0.01724137931,0.0,0.0,0.0,0.1206896552,0.0
1,1,0.9245283019,0.3541666667,0.5208333333,0.0,0.02083333333,0.0,0.0,0.0,0.1041666667,0.0
1,1,0.9142857143,0.3090909091,0.6,0.0,0.0,0.0,0.0,0.0,0.09090909091,0.0
1,1,0.9345794393,0.3269230769,0.5384615385,0.0,0.01923076923,0.0,0.0,0.0,0.1153846154,0.0
1,1,0.9126213592,0.4333333333,0.45,0.0,0.01666666667,0.0,0.0,0.0,0.06666666667,0.03333333333
1,1,0.8976377953,0.4347826087,0.3913043478,0.01449275362,0.0,0.0,0.0,0.0,0.115942029,0.04347826087
1,1,0.8985507246,0.4545454545,0.4393939394,0.0,0.01515151515,0.04545454545,0.0,0.0,0.04545454545,0.0
1,1,0.8549618321,0.4754098361,0.5245901639,0.0,0.0,0.0,0.0,0.0,0.0,0.0
1,1,0.9345794393,0.3392857143,0.5178571429,0.01785714286,0.01785714286,0.0,0.0,0.0,0.1071428571,0.0
1,1,0.9038461538,0.4333333333,0.45,0.0,0.01666666667,0.0,0.0,0.0,0.06666666667,0.03333333333
1,1,0.9444444444,0.3275862069,0.6034482759,0.0,0.0,0.0,0.0,0.0,0.06896551724,0.0
1,1,0.9133858268,0.4444444444,0.4814814815,0.0,0.0,0.01234567901,0.0,0.0,0.06172839506,0.0
1,1,0.9230769231,0.4383561644,0.3561643836,0.0,0.01369863014,0.01369863014,0.0,0.0,0.1506849315,0.02739726027
1,1,0.953271028,0.4098360656,0.4426229508,0.0,0.01639344262,0.0,0.0,0.0,0.131147541,0.0
1,1,0.9345794393,0.3703703704,0.537037037,0.0,0.01851851852,0.0,0.0,0.0,0.07407407407,0.0
1,1,0.9523809524,0.393442623,0.4918032787,0.0,0.01639344262,0.0,0.0,0.0,0.08196721311,0.01639344262
1,1,0.9142857143,0.3529411765,0.4901960784,0.0,0.01960784314,0.0,0.0,0.0,0.137254902,0.0
1,1,0.9142857143,0.2608695652,0.6086956522,0.02173913043,0.02173913043,0.0,0.0,0.0,0.08695652174,0.0
1,1,0.8372093023,0.4838709677,0.5161290323,0.0,0.0,0.0,0.0,0.0,0.0,0.0
1,1,0.8888888889,0.5,0.4193548387,0.0,0.03225806452,0.0,0.0,0.0,0.03225806452,0.01612903226
1,1,0.9345794393,0.3043478261,0.5869565217,0.0,0.02173913043,0.0,0.0,0.0,0.08695652174,0.0
1,1,0.90625,0.3484848485,0.4090909091,0.01515151515,0.0,0.0,0.0,0.0,0.2272727273,0.0
1,1,0.9076923077,0.421875,0.4375,0.03125,0.0,0.0,0.0,0.0,0.078125,0.03125
1,1,0.9541284404,0.393442623,0.4918032787,0.01639344262,0.01639344262,0.0,0.0,0.0,0.08196721311,0.0
1,1,0.9245283019,0.4561403509,0.4736842105,0.0,0.01754385965,0.0,0.0,0.0,0.05263157895,0.0
1,1,0.9433962264,0.3965517241,0.4827586207,0.01724137931,0.01724137931,0.0,0.0,0.0,0.08620689655,0.0
1,1,0.8910891089,0.3725490196,0.431372549,0.01960784314,0.01960784314,0.01960784314,0.0,0.0,0.09803921569,0.03921568627
1,1,0.9541284404,0.3278688525,0.606557377,0.0,0.0,0.0,0.0,0.0,0.06557377049,0.0
1,1,0.9541284404,0.2941176471,0.6078431373,0.0,0.01960784314,0.0,0.0,0.0,0.07843137255,0.0
1,1,0.8636363636,0.5,0.5,0.0,0.0,0.0,0.0,0.0,0.0,0.0
1,1,0.9541284404,0.375,0.484375,0.0,0.03125,0.0,0.0,0.0,0.109375,0.0
1,1,0.932038835,0.2765957447,0.5957446809,0.0,0.02127659574,0.0,0.0,0.0,0.1063829787,0.0
1,1,0.9016393443,0.4383561644,0.4794520548,0.01369863014,0.0,0.0,0.0,0.0,0.05479452055,0.01369863014
1,1,0.9444444444,0.3880597015,0.4179104478,0.0,0.02985074627,0.0,0.0,0.0,0.1194029851,0.0447761194
1,1,0.8976377953,0.3965517241,0.5517241379,0.0,0.0,0.0,0.0,0.0,0.05172413793,0.0
1,1,0.9245283019,0.387755102,0.5510204082,0.0,0.04081632653,0.0,0.0,0.0,0.02040816327,0.0
1,1,0.9523809524,0.3265306122,0.5510204082,0.0,0.02040816327,0.0,0.0,0.0,0.1020408163,0.0
1,1,0.8888888889,0.4647887324,0.4929577465,0.0,0.0,0.01408450704,0.0,0.0,0.02816901408,0.0
1,1,0.9541284404,0.320754717,0.5660377358,0.0,0.01886792453,0.0,0.0,0.0,0.09433962264,0.0
1,1,0.9038461538,0.3,0.54,0.0,0.02,0.0,0.0,0.0,0.14,0.0
1,1,0.8905109489,0.527027027,0.472972973,0.0,0.0,0.0,0.0,0.0,0.0,0.0
1,1,0.9285714286,0.4594594595,0.3648648649,0.0,0.01351351351,0.01351351351,0.0,0.0,0.1081081081,0.04054054054
1,1,0.9444444444,0.4032258065,0.4516129032,0.0,0.01612903226,0.01612903226,0.0,0.0,0.09677419355,0.01612903226
1,1,0.8888888889,0.45,0.4666666667,0.0,0.0,0.0,0.0,0.0,0.08333333333,0.0
1,1,0.9142857143,0.3673469388,0.5306122449,0.04081632653,0.02040816327,0.0,0.0,0.0,0.04081632653,0.0
1,1,0.9142857143,0.406779661,0.4576271186,0.0,0.01694915254,0.0,0.0,0.0,0.1186440678,0.0
1,1,0.953271028,0.3484848485,0.5454545455,0.0,0.01515151515,0.0,0.0,0.0,0.09090909091,0.0
1,1,0.90625,0.4838709677,0.4516129032,0.0,0.03225806452,0.0,0.0,0.0,0.01612903226,0.01612903226
1,1,0.9541284404,0.4285714286,0.4603174603,0.0,0.01587301587,0.0,0.0,0.0,0.07936507937,0.01587301587
1,1,0.90625,0.4,0.5333333333,0.0,0.0,0.0,0.0,0.0,0.06666666667,0.0
1,1,0.9345794393,0.34,0.54,0.0,0.02,0.0,0.0,0.0,0.1,0.0
1,1,0.8970588235,0.5068493151,0.4931506849,0.0,0.0,0.0,0.0,0.0,0.0,0.0
1,1,0.8367346939,0.3695652174,0.4565217391,0.0,0.0,0.02173913043,0.0,0.0,0.152173913,0.0
1,1,0.9230769231,0.45,0.5,0.0,0.0,0.0,0.0,0.0,0.03333333333,0.01666666667
1,1,0.9719626168,0.2857142857,0.5714285714,0.0,0.01785714286,0.0,0.0,0.0,0.1071428571,0.01785714286
1,1,0.9245283019,0.38,0.52,0.0,0.02,0.0,0.0,0.0,0.08,0.0
1,1,0.9230769231,0.4181818182,0.4727272727,0.0,0.01818181818,0.0,0.0,0.0,0.09090909091,0.0
1,1,0.9302325581,0.4107142857,0.5357142857,0.0,0.0,0.01785714286,0.0,0.0,0.03571428571,0.0
1,1,0.9142857143,0.3962264151,0.4716981132,0.0,0.01886792453,0.0,0.0,0.0,0.1132075472,0.0
1,1,0.9038461538,0.3921568627,0.4901960784,0.0,0.01960784314,0.0,0.0,0.0,0.09803921569,0.0
1,1,0.9345794393,0.3396226415,0.5283018868,0.0,0.01886792453,0.0,0.0,0.0,0.1132075472,0.0
1,1,0.9444444444,0.4153846154,0.4,0.0,0.03076923077,0.0,0.0,0.0,0.1230769231,0.03076923077
1,1,0.9285714286,0.5142857143,0.2714285714,0.0,0.0,0.1714285714,0.0,0.0,0.04285714286,0.0
1,1,0.9245283019,0.2857142857,0.625,0.0,0.01785714286,0.0,0.0,0.0,0.07142857143,0.0
1,1,0.9147286822,0.4098360656,0.4754098361,0.01639344262,0.0,0.0,0.0,0.0,0.09836065574,0.0
1,1,0.9312977099,0.4428571429,0.4571428571,0.02857142857,0.0,0.0,0.0,0.0,0.07142857143,0.0
1,1,0.8617886179,0.3728813559,0.3220338983,0.01694915254,0.01694915254,0.0,0.0,0.0,0.2711864407,0.0
1,1,0.9541284404,0.3,0.6,0.0,0.02,0.0,0.0,0.0,0.08,0.0
1,1,0.9444444444,0.4137931034,0.4655172414,0.0,0.01724137931,0.0,0.0,0.0,0.08620689655,0.01724137931
1,1,0.9038461538,0.4576271186,0.4406779661,0.0,0.01694915254,0.0,0.0,0.0,0.05084745763,0.03389830508
1,1,0.9433962264,0.3666666667,0.5166666667,0.0,0.01666666667,0.0,0.0,0.0,0.08333333333,0.01666666667
1,1,0.9245283019,0.2909090909,0.6545454545,0.0,0.0,0.0,0.0,0.0,0.05454545455,0.0
1,1,0.9172932331,0.4605263158,0.4736842105,0.0,0.0,0.0,0.0,0.0,0.06578947368,0.0
1,1,0.8854961832,0.4459459459,0.3243243243,0.01351351351,0.0,0.02702702703,0.0,0.0,0.1216216216,0.06756756757
1,1,0.9130434783,0.5657894737,0.4342105263,0.0,0.0,0.0,0.0,0.0,0.0,0.0
1,1,0.9230769231,0.3725490196,0.5294117647,0.0,0.03921568627,0.0,0.0,0.0,0.05882352941,0.0
1,1,0.90625,0.3793103448,0.5172413793,0.01724137931,0.01724137931,0.0,0.0,0.0,0.05172413793,0.01724137931
1,1,0.9433962264,0.3018867925,0.5471698113,0.01886792453,0.01886792453,0.0,0.0,0.0,0.1132075472,0.0
1,1,0.9126213592,0.4193548387,0.5161290323,0.0,0.0,0.0,0.0,0.0,0.06451612903,0.0
1,1,0.9126213592,0.3018867925,0.5849056604,0.0,0.03773584906,0.0,0.0,0.0,0.07547169811,0.0
1,1,0.9444444444,0.3636363636,0.5272727273,0.0,0.01818181818,0.0,0.0,0.0,0.07272727273,0.01818181818
1,1,0.9142857143,0.4642857143,0.4464285714,0.0,0.01785714286,0.0,0.0,0.0,0.05357142857,0.01785714286
1,1,0.9245283019,0.3518518519,0.5555555556,0.0,0.01851851852,0.0,0.0,0.0,0.05555555556,0.01851851852
1,1,0.9245283019,0.3461538462,0.5384615385,0.03846153846,0.01923076923,0.0,0.0,0.0,0.05769230769,0.0
1,1,0.9541284404,0.3666666667,0.5166666667,0.0,0.01666666667,0.0,0.0,0.0,0.08333333333,0.01666666667
1,1,0.8721804511,0.4637681159,0.3913043478,0.0,0.0,0.0,0.0,0.1304347826,0.01449275362,0.0
1,1,0.921875,0.3728813559,0.406779661,0.0,0.0,0.0,0.0,0.0,0.2203389831,0.0
1,1,0.9345794393,0.4,0.4615384615,0.01538461538,0.01538461538,0.0,0.0,0.0,0.09230769231,0.01538461538
1,1,0.9393939394,0.4545454545,0.4848484848,0.0,0.0,0.0,0.0,0.0,0.06060606061,0.0
1,1,0.9333333333,0.3269230769,0.5576923077,0.01923076923,0.01923076923,0.0,0.0,0.0,0.07692307692,0.0
1,1,0.9523809524,0.2711864407,0.593220339,0.0,0.01694915254,0.01694915254,0.0,0.0,0.1016949153,0.0
1,1,0.9345794393,0.3454545455,0.5090909091,0.0,0.01818181818,0.0,0.0,0.0,0.1272727273,0.0
1,1,0.9345794393,0.4137931034,0.4482758621,0.0,0.01724137931,0.0,0.0,0.0,0.1206896552,0.0
1,1,0.9433962264,0.4032258065,0.4677419355,0.0,0.01612903226,0.0,0.0,0.0,0.09677419355,0.01612903226
1,1,0.9514563107,0.3114754098,0.606557377,0.0,0.0,0.0,0.0,0.0,0.08196721311,0.0
1,1,0.90625,0.4342105263,0.5394736842,0.0,0.0,0.0,0.0,0.0,0.02631578947,0.0
1,1,0.8571428571,0.4714285714,0.4142857143,0.0,0.0,0.0,0.0,0.1142857143,0.0,0.0
1,1,0.9541284404,0.421875,0.46875,0.0,0.015625,0.0,0.0,0.0,0.078125,0.015625
1,1,0.9245283019,0.3684210526,0.4561403509,0.0,0.01754385965,0.0,0.0,0.0,0.1052631579,0.05263157895
1,1,0.8888888889,0.4310344828,0.4482758621,0.01724137931,0.0,0.0,0.0,0.0,0.1034482759,0.0
1,1,0.9142857143,0.375,0.4642857143,0.01785714286,0.03571428571,0.0,0.0,0.0,0.1071428571,0.0
1,1,0.9333333333,0.4310344828,0.4655172414,0.0,0.01724137931,0.0,0.0,0.0,0.08620689655,0.0
1,1,0.9345794393,0.3518518519,0.5185185185,0.0,0.01851851852,0.0,0.0,0.0,0.1111111111,0.0
1,1,0.9444444444,0.3538461538,0.5384615385,0.0,0.01538461538,0.0,0.0,0.0,0.09230769231,0.0
1,1,0.9333333333,0.3181818182,0.5681818182,0.0,0.0,0.0,0.0,0.02272727273,0.09090909091,0.0
1,1,0.8333333333,0.4081632653,0.3673469388,0.0,0.0,0.04081632653,0.0,0.0,0.1836734694,0.0
1,1,0.8976377953,0.3857142857,0.5,0.0,0.0,0.01428571429,0.0,0.0,0.1,0.0
1,1,0.8805970149,0.4782608696,0.5217391304,0.0,0.0,0.0,0.0,0.0,0.0,0.0
1,1,0.9126213592,0.4375,0.5,0.0,0.04166666667,0.0,0.0,0.0,0.02083333333,0.0
1,1,0.9245283019,0.4181818182,0.4727272727,0.0,0.01818181818,0.0,0.0,0.0,0.09090909091,0.0
1,1,0.8932038835,0.3137254902,0.6274509804,0.0,0.0,0.0,0.0,0.0,0.05882352941,0.0
1,1,0.9541284404,0.3833333333,0.5,0.01666666667,0.01666666667,0.0,0.0,0.0,0.08333333333,0.0
1,1,0.9230769231,0.4210526316,0.5394736842,0.0,0.0,0.0,0.0,0.0,0.03947368421,0.0
1,1,0.9345794393,0.36,0.54,0.0,0.02,0.0,0.0,0.0,0.08,0.0
1,1,0.9230769231,0.4823529412,0.4588235294,0.0,0.0,0.0,0.0,0.0,0.04705882353,0.01176470588
1,1,0.9433962264,0.3220338983,0.593220339,0.0,0.01694915254,0.0,0.0,0.0,0.06779661017,0.0
1,1,0.9245283019,0.431372549,0.4705882353,0.0,0.01960784314,0.0,0.0,0.0,0.07843137255,0.0
1,1,0.9393939394,0.421875,0.515625,0.0,0.0,0.0,0.0,0.0,0.0625,0.0
1,1,0.8461538462,0.4576271186,0.4915254237,0.0,0.0,0.0,0.0,0.05084745763,0.0,0.0
1,1,0.9312977099,0.4520547945,0.397260274,0.0,0.0,0.0,0.0,0.0,0.1232876712,0.02739726027
1,1,0.9345794393,0.3214285714,0.625,0.0,0.0,0.0,0.0,0.0,0.05357142857,0.0
1,1,0.9147286822,0.3970588235,0.4117647059,0.01470588235,0.0,0.0,0.0,0.0,0.1764705882,0.0
1,1,0.9206349206,0.4861111111,0.4166666667,0.01388888889,0.0,0.0,0.0,0.0,0.05555555556,0.02777777778
1,1,0.9147286822,0.380952381,0.4920634921,0.01587301587,0.0,0.0,0.0,0.0,0.09523809524,0.01587301587
1,1,0.9541284404,0.3802816901,0.5211267606,0.0,0.01408450704,0.0,0.0,0.0,0.07042253521,0.01408450704
1,1,0.88,0.4680851064,0.4680851064,0.0,0.04255319149,0.0,0.0,0.0,0.02127659574,0.0
1,1,0.9433962264,0.34,0.54,0.0,0.02,0.0,0.0,0.0,0.1,0.0
1,1,0.9333333333,0.4385964912,0.4736842105,0.0,0.01754385965,0.0,0.0,0.0,0.0701754386,0.0
1,1,0.9142857143,0.4035087719,0.4736842105,0.0,0.01754385965,0.0,0.0,0.0,0.1052631579,0.0
1,1,0.868852459,0.4137931034,0.4137931034,0.0,0.0,0.0,0.0,0.1551724138,0.01724137931,0.0
1,1,0.953271028,0.3846153846,0.4769230769,0.0,0.03076923077,0.0,0.0,0.0,0.1076923077,0.0
1,1,0.9345794393,0.4107142857,0.5357142857,0.0,0.0,0.0,0.0,0.0,0.05357142857,0.0
1,1,0.90625,0.4819277108,0.4096385542,0.0,0.0,0.0,0.0,0.0,0.1084337349,0.0
1,1,0.921875,0.4927536232,0.4202898551,0.0,0.0,0.0,0.0,0.0,0.05797101449,0.02898550725
1,1,0.9245283019,0.358490566,0.5471698113,0.0,0.01886792453,0.0,0.0,0.0,0.05660377358,0.01886792453
1,1,0.9622641509,0.3802816901,0.5352112676,0.0,0.0,0.0,0.0,0.0,0.07042253521,0.01408450704
1,1,0.90625,0.4810126582,0.4556962025,0.0,0.0,0.01265822785,0.0,0.0,0.05063291139,0.0
1,1,0.9444444444,0.2962962963,0.462962963,0.0,0.01851851852,0.0,0.0,0.0,0.2222222222,0.0
1,1,0.9444444444,0.406779661,0.4576271186,0.0,0.01694915254,0.01694915254,0.0,0.0,0.08474576271,0.01694915254
1,1,0.9245283019,0.3703703704,0.5740740741,0.0,0.0,0.0,0.0,0.0,0.05555555556,0.0
1,1,0.8636363636,0.484375,0.453125,0.0,0.0,0.0,0.0,0.046875,0.015625,0.0
1,1,0.9,0.42,0.5,0.0,0.02,0.0,0.0,0.0,0.06,0.0
1,1,0.9147286822,0.4426229508,0.5245901639,0.0,0.0,0.0,0.0,0.0,0.03278688525,0.0
1,1,0.9433962264,0.3125,0.5833333333,0.0,0.02083333333,0.0,0.0,0.0,0.08333333333,0.0
1,1,0.868852459,0.4426229508,0.3770491803,0.0,0.0,0.01639344262,0.0,0.0,0.1639344262,0.0
1,1,0.953271028,0.2962962963,0.6296296296,0.0,0.0,0.0,0.0,0.0,0.07407407407,0.0
1,1,0.8932038835,0.3617021277,0.5319148936,0.0,0.02127659574,0.0,0.0,0.0,0.08510638298,0.0
1,1,0.9019607843,0.4285714286,0.4897959184,0.0,0.04081632653,0.0,0.0,0.0,0.04081632653,0.0
1,1,0.9245283019,0.3770491803,0.4426229508,0.0,0.01639344262,0.0,0.0,0.0,0.131147541,0.03278688525
1,1,0.9302325581,0.4153846154,0.5230769231,0.0,0.0,0.0,0.0,0.0,0.06153846154,0.0
1,1,0.9433962264,0.4,0.45,0.0,0.01666666667,0.0,0.0,0.0,0.1333333333,0.0
1,1,0.8823529412,0.4927536232,0.5072463768,0.0,0.0,0.0,0.0,0.0,0.0,0.0
1,1,0.9142857143,0.3958333333,0.5416666667,0.0,0.0,0.0,0.0,0.0,0.0625,0.0
1,1,0.9215686275,0.4310344828,0.4655172414,0.0,0.01724137931,0.0,0.0,0.0,0.08620689655,0.0
1,1,0.9433962264,0.3548387097,0.564516129,0.0,0.0,0.0,0.0,0.0,0.08064516129,0.0
1,1,0.9345794393,0.34,0.58,0.0,0.02,0.0,0.0,0.0,0.06,0.0
1,1,0.9345794393,0.3454545455,0.5454545455,0.01818181818,0.01818181818,0.0,0.0,0.0,0.07272727273,0.0
1,1,0.8888888889,0.4035087719,0.5438596491,0.0,0.0,0.0,0.0,0.0,0.05263157895,0.0
1,1,0.9142857143,0.3541666667,0.5208333333,0.0,0.02083333333,0.0,0.0,0.0,0.1041666667,0.0
1,1,0.9345794393,0.36,0.54,0.0,0.02,0.0,0.0,0.0,0.08,0.0
1,1,0.9541284404,0.3333333333,0.5438596491,0.01754385965,0.01754385965,0.0,0.0,0.0,0.08771929825,0.0
1,1,0.9133858268,0.4,0.5142857143,0.0,0.0,0.01428571429,0.0,0.0,0.07142857143,0.0
1,1,0.8549618321,0.4558823529,0.3970588235,0.0,0.0,0.0,0.0,0.1470588235,0.0,0.0
1,1,0.8976377953,0.4324324324,0.472972973,0.0,0.0,0.01351351351,0.0,0.0,0.06756756757,0.01351351351
1,1,0.928,0.4583333333,0.3611111111,0.0,0.01388888889,0.0,0.0,0.0,0.09722222222,0.06944444444
1,1,0.9503546099,0.4657534247,0.4383561644,0.01369863014,0.01369863014,0.0,0.0,0.0,0.06849315068,0.0
1,1,0.9147286822,0.4166666667,0.5138888889,0.01388888889,0.01388888889,0.0,0.0,0.0,0.04166666667,0.0
1,1,0.8932038835,0.431372549,0.5098039216,0.0,0.03921568627,0.0,0.0,0.0,0.01960784314,0.0
1,1,0.9622641509,0.3090909091,0.5636363636,0.0,0.01818181818,0.0,0.0,0.0,0.09090909091,0.01818181818
1,1,0.9090909091,0.4415584416,0.5324675325,0.0,0.0,0.0,0.0,0.0,0.02597402597,0.0
1,1,0.9007633588,0.475,0.4625,0.0,0.0,0.0,0.0,0.0,0.0625,0.0
1,1,0.9433962264,0.375,0.484375,0.0,0.03125,0.0,0.0,0.0,0.109375,0.0
1,1,0.953271028,0.3454545455,0.5272727273,0.01818181818,0.01818181818,0.0,0.0,0.0,0.09090909091,0.0
1,1,0.8805970149,0.40625,0.3125,0.0,0.0,0.015625,0.0,0.25,0.015625,0.0
1,1,0.9230769231,0.5147058824,0.4411764706,0.0,0.0,0.0,0.0,0.0,0.04411764706,0.0
1,1,0.9230769231,0.3018867925,0.641509434,0.0,0.0,0.0,0.0,0.0,0.05660377358,0.0
1,1,0.9333333333,0.4285714286,0.5,0.01428571429,0.0,0.0,0.0,0.0,0.05714285714,0.0
1,1,0.9245283019,0.4,0.4666666667,0.0,0.01666666667,0.0,0.0,0.0,0.1166666667,0.0
1,1,0.953271028,0.3518518519,0.5185185185,0.0,0.01851851852,0.0,0.0,0.0,0.1111111111,0.0
1,1,0.9444444444,0.3333333333,0.537037037,0.0,0.01851851852,0.0,0.0,0.0,0.09259259259,0.01851851852
1,1,0.9147286822,0.3064516129,0.6451612903,0.01612903226,0.0,0.0,0.0,0.0,0.03225806452,0.0
1,1,0.9473684211,0.5,0.4347826087,0.02173913043,0.0,0.0,0.0,0.0,0.01086956522,0.03260869565
1,1,0.9147286822,0.3684210526,0.5789473684,0.0,0.0,0.0,0.0,0.0,0.05263157895,0.0
1,1,0.921875,0.46875,0.484375,0.0,0.0,0.015625,0.0,0.0,0.03125,0.0
1,1,0.9185185185,0.4342105263,0.4210526316,0.01315789474,0.01315789474,0.01315789474,0.0,0.0,0.07894736842,0.02631578947
1,1,0.9361702128,0.5205479452,0.2739726027,0.0,0.0,0.1643835616,0.0,0.0,0.04109589041,0.0
1,1,0.9636363636,0.3859649123,0.5438596491,0.01754385965,0.01754385965,0.0,0.0,0.0,0.0350877193,0.0
1,1,0.9545454545,0.4328358209,0.4925373134,0.0,0.0,0.0,0.0,0.0,0.07462686567,0.0
1,1,0.9444444444,0.4285714286,0.4761904762,0.0,0.01587301587,0.0,0.0,0.0,0.06349206349,0.01587301587
1,1,0.9444444444,0.3103448276,0.6379310345,0.0,0.0,0.0,0.0,0.0,0.05172413793,0.0
1,1,0.921875,0.5217391304,0.3913043478,0.02898550725,0.0,0.0,0.0,0.0,0.05797101449,0.0
1,1,0.9345794393,0.3636363636,0.5090909091,0.0,0.01818181818,0.0,0.0,0.0,0.1090909091,0.0
1,1,0.8888888889,0.4153846154,0.3846153846,0.03076923077,0.0,0.0,0.0,0.0,0.1076923077,0.06153846154
1,1,0.9245283019,0.3214285714,0.5892857143,0.0,0.03571428571,0.0,0.0,0.0,0.05357142857,0.0
1,1,0.8976377953,0.4237288136,0.5084745763,0.0,0.0,0.0,0.0,0.0,0.06779661017,0.0
1,1,0.9345794393,0.3818181818,0.5454545455,0.0,0.0,0.0,0.0,0.0,0.07272727273,0.0
1,1,0.9117647059,0.5584415584,0.4415584416,0.0,0.0,0.0,0.0,0.0,0.0,0.0
1,1,0.8932038835,0.3962264151,0.4528301887,0.0,0.01886792453,0.0,0.0,0.0,0.1320754717,0.0
1,1,0.9230769231,0.3898305085,0.5593220339,0.0,0.0,0.0,0.0,0.0,0.05084745763,0.0
1,1,0.9245283019,0.3636363636,0.4909090909,0.0,0.01818181818,0.0,0.0,0.0,0.1272727273,0.0
1,1,0.9636363636,0.4,0.5,0.0,0.01666666667,0.0,0.0,0.0,0.08333333333,0.0
1,1,0.9047619048,0.4,0.4833333333,0.03333333333,0.0,0.0,0.0,0.0,0.08333333333,0.0
1,1,0.9444444444,0.3684210526,0.5087719298,0.0,0.01754385965,0.0,0.0,0.0,0.1052631579,0.0
1,1,0.9345794393,0.3090909091,0.5090909091,0.0,0.01818181818,0.0,0.0,0.0,0.1090909091,0.05454545455
1,1,0.9541284404,0.2950819672,0.5901639344,0.0,0.01639344262,0.01639344262,0.0,0.0,0.08196721311,0.0
1,1,0.8823529412,0.4042553191,0.4042553191,0.0,0.0,0.0,0.0,0.0,0.1914893617,0.0
1,1,0.9333333333,0.3606557377,0.4426229508,0.0,0.01639344262,0.0,0.0,0.0,0.131147541,0.04918032787
1,1,0.88,0.46875,0.53125,0.0,0.0,0.0,0.0,0.0,0.0,0.0
1,1,0.9147286822,0.4861111111,0.4861111111,0.0,0.0,0.0,0.0,0.0,0.02777777778,0.0
1,1,0.9393939394,0.3731343284,0.4925373134,0.01492537313,0.0,0.01492537313,0.0,0.0,0.07462686567,0.02985074627
1,1,0.9245283019,0.4181818182,0.4727272727,0.0,0.01818181818,0.0,0.0,0.0,0.09090909091,0.0
1,1,0.9312977099,0.5,0.4411764706,0.0,0.0,0.0,0.0,0.0,0.05882352941,0.0
1,1,0.8976377953,0.4,0.4909090909,0.0,0.0,0.0,0.0,0.0,0.1090909091,0.0
1,1,0.953271028,0.3265306122,0.5714285714,0.0,0.02040816327,0.0,0.0,0.0,0.08163265306,0.0
1,1,0.9038461538,0.3833333333,0.5833333333,0.0,0.0,0.0,0.0,0.0,0.03333333333,0.0
1,1,0.8932038835,0.4655172414,0.4310344828,0.0,0.01724137931,0.0,0.0,0.0,0.05172413793,0.03448275862
1,1,0.9245283019,0.3148148148,0.5185185185,0.0,0.03703703704,0.0,0.0,0.0,0.1111111111,0.01851851852
1,1,0.9312977099,0.4626865672,0.4776119403,0.0,0.0,0.0,0.0,0.0,0.05970149254,0.0
1,1,0.8970588235,0.5068493151,0.4931506849,0.0,0.0,0.0,0.0,0.0,0.0,0.0
1,1,0.9245283019,0.2884615385,0.4615384615,0.0,0.01923076923,0.0,0.0,0.0,0.2307692308,0.0
1,1,0.9230769231,0.4931506849,0.4109589041,0.01369863014,0.0,0.0,0.0,0.0,0.05479452055,0.02739726027
1,1,0.9038461538,0.4489795918,0.4693877551,0.0,0.04081632653,0.0,0.0,0.0,0.04081632653,0.0
1,1,0.8888888889,0.4761904762,0.380952381,0.0,0.0,0.01587301587,0.0,0.0,0.09523809524,0.03174603175
1,1,0.9147286822,0.4307692308,0.5230769231,0.03076923077,0.0,0.0,0.0,0.0,0.01538461538,0.0
1,1,0.9724770642,0.3396226415,0.5660377358,0.0,0.01886792453,0.0,0.0,0.0,0.05660377358,0.01886792453
1,1,0.9345794393,0.3518518519,0.5,0.0,0.0,0.03703703704,0.0,0.0,0.1111111111,0.0
1,1,0.9142857143,0.2765957447,0.5957446809,0.02127659574,0.02127659574,0.0,0.0,0.0,0.08510638298,0.0
1,1,0.9541284404,0.3392857143,0.5535714286,0.0,0.01785714286,0.0,0.0,0.0,0.07142857143,0.01785714286
1,1,0.9230769231,0.3114754098,0.5573770492,0.0,0.0,0.0,0.0,0.0,0.131147541,0.0
1,1,0.8805970149,0.4927536232,0.5072463768,0.0,0.0,0.0,0.0,0.0,0.0,0.0
1,1,0.9245283019,0.2884615385,0.5961538462,0.0,0.0,0.0,0.0,0.0,0.1153846154,0.0
1,1,0.9541284404,0.3636363636,0.5454545455,0.0,0.01818181818,0.0,0.0,0.0,0.07272727273,0.0
1,1,0.896,0.3770491803,0.606557377,0.0,0.0,0.0,0.0,0.0,0.01639344262,0.0
1,1,0.932038835,0.3793103448,0.4655172414,0.0,0.01724137931,0.0,0.0,0.0,0.1034482759,0.03448275862
1,1,0.9245283019,0.393442623,0.4590163934,0.06557377049,0.01639344262,0.0,0.0,0.0,0.04918032787,0.01639344262
1,1,0.9133858268,0.4032258065,0.5,0.0,0.0,0.0,0.0,0.0,0.09677419355,0.0
1,1,0.953271028,0.4126984127,0.4603174603,0.0,0.01587301587,0.0,0.0,0.0,0.09523809524,0.01587301587
1,1,0.9142857143,0.3220338983,0.4576271186,0.0,0.01694915254,0.0,0.0,0.0,0.1525423729,0.05084745763
1,1,0.9636363636,0.2542372881,0.6779661017,0.0,0.01694915254,0.0,0.0,0.0,0.05084745763,0.0
1,1,0.9285714286,0.4938271605,0.3333333333,0.0,0.01234567901,0.01234567901,0.0,0.0,0.1481481481,0.0
1,1,0.8571428571,0.4923076923,0.4615384615,0.0,0.0,0.0,0.0,0.04615384615,0.0,0.0
1,1,0.9433962264,0.4137931034,0.4482758621,0.0,0.01724137931,0.0,0.0,0.0,0.1206896552,0.0
1,1,0.9312977099,0.4603174603,0.4603174603,0.01587301587,0.0,0.0,0.0,0.0,0.06349206349,0.0
1,1,0.9444444444,0.3461538462,0.5384615385,0.0,0.01923076923,0.0,0.0,0.0,0.09615384615,0.0
1,1,0.9245283019,0.3818181818,0.4909090909,0.01818181818,0.03636363636,0.0,0.0,0.0,0.07272727273,0.0
1,1,0.9541284404,0.3898305085,0.4745762712,0.01694915254,0.01694915254,0.0,0.0,0.0,0.1016949153,0.0
1,1,0.9433962264,0.3684210526,0.5087719298,0.0,0.01754385965,0.0,0.0,0.0,0.1052631579,0.0
1,1,0.9444444444,0.390625,0.46875,0.03125,0.015625,0.0,0.0,0.0,0.078125,0.015625
1,1,0.9245283019,0.3818181818,0.4727272727,0.0,0.01818181818,0.0,0.0,0.0,0.1272727273,0.0
1,1,0.9345794393,0.40625,0.390625,0.0,0.03125,0.0,0.0,0.0,0.125,0.046875
1,1,0.90625,0.4675324675,0.5064935065,0.0,0.0,0.0,0.0,0.0,0.02597402597,0.0
1,1,0.832,0.4918032787,0.5081967213,0.0,0.0,0.0,0.0,0.0,0.0,0.0
1,1,0.9541284404,0.3137254902,0.568627451,0.0,0.01960784314,0.0,0.0,0.0,0.09803921569,0.0
1,1,0.9444444444,0.3859649123,0.4736842105,0.0,0.01754385965,0.0,0.0,0.0,0.1228070175,0.0
1,1,0.9345794393,0.3653846154,0.5192307692,0.0,0.01923076923,0.0,0.0,0.0,0.09615384615,0.0
1,1,0.9393939394,0.421875,0.484375,0.0,0.03125,0.0,0.0,0.0,0.0625,0.0
1,1,0.9636363636,0.406779661,0.4915254237,0.0,0.01694915254,0.01694915254,0.0,0.0,0.05084745763,0.01694915254
1,1,0.8910891089,0.3913043478,0.5,0.0,0.0652173913,0.0,0.0,0.0,0.04347826087,0.0
1,1,0.9433962264,0.3898305085,0.4576271186,0.0,0.01694915254,0.0,0.0,0.0,0.1355932203,0.0
1,1,0.9245283019,0.3606557377,0.4262295082,0.0,0.01639344262,0.0,0.0,0.0,0.131147541,0.06557377049
1,1,0.9345794393,0.3125,0.5833333333,0.0,0.02083333333,0.0,0.0,0.0,0.08333333333,0.0
1,1,0.9047619048,0.393442623,0.4754098361,0.01639344262,0.0,0.0,0.0,0.0,0.09836065574,0.01639344262
1,1,0.9361702128,0.5070422535,0.2676056338,0.0,0.0,0.1830985915,0.0,0.0,0.04225352113,0.0
1,1,0.9444444444,0.3157894737,0.5263157895,0.0,0.01754385965,0.0,0.0,0.0,0.1403508772,0.0
1,1,0.9333333333,0.4237288136,0.4406779661,0.0,0.01694915254,0.0,0.0,0.0,0.1186440678,0.0
1,1,0.9361702128,0.4931506849,0.3287671233,0.0,0.01369863014,0.01369863014,0.0,0.0,0.1232876712,0.02739726027
1,1,0.9345794393,0.3035714286,0.5357142857,0.0,0.01785714286,0.0,0.0,0.0,0.1428571429,0.0
1,1,0.921875,0.4383561644,0.5205479452,0.0,0.0,0.0,0.0,0.0,0.04109589041,0.0
1,1,0.9345794393,0.3461538462,0.5576923077,0.0,0.01923076923,0.0,0.0,0.0,0.05769230769,0.01923076923
1,1,0.88,0.3859649123,0.5263157895,0.0350877193,0.0,0.0,0.0,0.0,0.05263157895,0.0
1,1,0.9230769231,0.4153846154,0.5076923077,0.01538461538,0.0,0.0,0.0,0.0,0.06153846154,0.0
1,1,0.9444444444,0.298245614,0.5964912281,0.0,0.0350877193,0.0,0.0,0.0,0.0701754386,0.0
1,1,0.9552238806,0.4146341463,0.487804878,0.01219512195,0.0,0.0,0.0,0.0,0.08536585366,0.0
1,1,0.8636363636,0.4307692308,0.5692307692,0.0,0.0,0.0,0.0,0.0,0.0,0.0
1,1,0.9333333333,0.375,0.53125,0.0,0.015625,0.0,0.0,0.0,0.078125,0.0
1,1,0.9206349206,0.4137931034,0.5172413793,0.0,0.0,0.0,0.0,0.0,0.06896551724,0.0
1,1,0.9245283019,0.3673469388,0.5306122449,0.0,0.02040816327,0.0,0.0,0.0,0.0612244898,0.02040816327
1,1,0.9245283019,0.3137254902,0.4509803922,0.0,0.01960784314,0.0,0.0,0.0,0.2156862745,0.0
1,1,0.9541284404,0.296875,0.59375,0.0,0.015625,0.0,0.0,0.0,0.09375,0.0
1,1,0.9345794393,0.3846153846,0.5192307692,0.01923076923,0.01923076923,0.0,0.0,0.0,0.05769230769,0.0
1,1,0.9230769231,0.3333333333,0.5666666667,0.0,0.0,0.0,0.0,0.0,0.1,0.0
1,1,0.9541284404,0.380952381,0.5873015873,0.0,0.0,0.0,0.0,0.0,0.03174603175,0.0
1,1,0.9147286822,0.5142857143,0.4285714286,0.0,0.02857142857,0.0,0.0,0.0,0.02857142857,0.0
1,1,0.9444444444,0.2881355932,0.6271186441,0.0,0.01694915254,0.0,0.0,0.0,0.06779661017,0.0
1,1,0.9130434783,0.5,0.5,0.0,0.0,0.0,0.0,0.0,0.0,0.0
1,1,0.9352517986,0.5068493151,0.397260274,0.0,0.01369863014,0.0,0.0,0.0,0.08219178082,0.0
1,1,0.9333333333,0.4098360656,0.4426229508,0.01639344262,0.03278688525,0.0,0.0,0.0,0.09836065574,0.0
1,1,0.953271028,0.3214285714,0.5535714286,0.01785714286,0.01785714286,0.0,0.0,0.0,0.08928571429,0.0
1,1,0.9411764706,0.3396226415,0.5283018868,0.0,0.01886792453,0.0,0.0,0.0,0.09433962264,0.01886792453
1,1,0.9345794393,0.4285714286,0.4444444444,0.0,0.01587301587,0.0,0.0,0.0,0.09523809524,0.01587301587
1,1,0.9230769231,0.4179104478,0.4776119403,0.0,0.01492537313,0.0,0.0,0.0,0.07462686567,0.01492537313
1,1,0.9433962264,0.3928571429,0.5,0.0,0.01785714286,0.0,0.0,0.0,0.07142857143,0.01785714286
1,1,0.9411764706,0.3442622951,0.5737704918,0.0,0.0,0.0,0.0,0.0,0.08196721311,0.0
1,1,0.9444444444,0.3448275862,0.5,0.0,0.03448275862,0.0,0.0,0.0,0.1034482759,0.01724137931
1,1,0.9142857143,0.3409090909,0.5681818182,0.0,0.0,0.0,0.0,0.02272727273,0.06818181818,0.0
1,1,0.873015873,0.5125,0.325,0.0375,0.025,0.1,0.0,0.0,0.0,0.0
1,1,0.9051094891,0.5733333333,0.4266666667,0.0,0.0,0.0,0.0,0.0,0.0,0.0
1,1,0.9444444444,0.421875,0.546875,0.0,0.0,0.0,0.0,0.0,0.03125,0.0
1,1,0.8888888889,0.4393939394,0.3181818182,0.01515151515,0.01515151515,0.0,0.0,0.0,0.1666666667,0.04545454545
1,1,0.8888888889,0.546875,0.40625,0.0,0.03125,0.0,0.0,0.0,0.015625,0.0
1,1,0.8686868687,0.4565217391,0.4565217391,0.0,0.04347826087,0.0,0.0,0.0,0.04347826087,0.0
1,1,0.90625,0.4567901235,0.4938271605,0.0,0.01234567901,0.0,0.0,0.0,0.03703703704,0.0
1,1,0.9133858268,0.3898305085,0.5084745763,0.01694915254,0.01694915254,0.0,0.0,0.0,0.05084745763,0.01694915254
1,1,0.8888888889,0.484375,0.390625,0.015625,0.0,0.015625,0.0,0.0,0.078125,0.015625
1,1,0.8888888889,0.4107142857,0.5178571429,0.0,0.0,0.01785714286,0.0,0.0,0.05357142857,0.0
1,1,0.9444444444,0.3529411765,0.5294117647,0.0,0.01960784314,0.0,0.0,0.0,0.07843137255,0.01960784314
1,1,0.9541284404,0.3636363636,0.5454545455,0.0,0.0,0.0,0.0,0.0,0.09090909091,0.0
1,1,0.8721804511,0.5217391304,0.4782608696,0.0,0.0,0.0,0.0,0.0,0.0,0.0
1,1,0.8780487805,0.4305555556,0.5,0.0,0.0,0.0,0.0,0.0,0.06944444444,0.0
1,1,0.9444444444,0.3090909091,0.5272727273,0.0,0.01818181818,0.0,0.0,0.0,0.1454545455,0.0
1,1,0.8976377953,0.5084745763,0.4237288136,0.0,0.03389830508,0.01694915254,0.0,0.0,0.0,0.01694915254
1,1,0.9444444444,0.2903225806,0.5806451613,0.0,0.03225806452,0.0,0.0,0.0,0.08064516129,0.01612903226
1,1,0.9230769231,0.3148148148,0.5,0.0,0.01851851852,0.0,0.0,0.0,0.1111111111,0.05555555556
1,1,0.9142857143,0.3469387755,0.5102040816,0.02040816327,0.02040816327,0.0,0.0,0.0,0.1020408163,0.0
1,1,0.9444444444,0.298245614,0.649122807,0.0,0.0,0.0,0.0,0.0,0.05263157895,0.0
1,1,0.8932038835,0.4489795918,0.4897959184,0.0,0.0,0.0,0.0,0.0,0.0612244898,0.0
1,1,0.9312977099,0.3918918919,0.5135135135,0.01351351351,0.0,0.0,0.0,0.0,0.08108108108,0.0
1,1,0.9333333333,0.350877193,0.6140350877,0.0,0.0,0.0,0.0,0.0,0.0350877193,0.0
1,1,0.8787878788,0.484375,0.453125,0.0,0.0,0.0,0.0,0.046875,0.015625,0.0
1,1,0.9245283019,0.4230769231,0.5,0.0,0.03846153846,0.0,0.0,0.0,0.03846153846,0.0
1,1,0.90625,0.3965517241,0.5172413793,0.03448275862,0.0,0.0,0.0,0.0,0.05172413793,0.0
1,1,0.90625,0.4492753623,0.3913043478,0.01449275362,0.0,0.0,0.0,0.0,0.1304347826,0.01449275362
1,1,0.9312977099,0.4393939394,0.5,0.0,0.0,0.0,0.0,0.0,0.06060606061,0.0
1,1,0.8870967742,0.3387096774,0.5322580645,0.01612903226,0.0,0.01612903226,0.0,0.0,0.08064516129,0.01612903226
1,1,0.9245283019,0.3191489362,0.5744680851,0.0,0.0,0.0,0.0,0.0,0.1063829787,0.0
1,1,0.9133858268,0.3870967742,0.5322580645,0.01612903226,0.0,0.0,0.0,0.0,0.06451612903,0.0
1,1,0.9230769231,0.4464285714,0.4285714286,0.01785714286,0.01785714286,0.01785714286,0.0,0.0,0.05357142857,0.01785714286
1,1,0.9038461538,0.4074074074,0.4074074074,0.01851851852,0.01851851852,0.01851851852,0.0,0.0,0.09259259259,0.03703703704
1,1,0.9444444444,0.3076923077,0.5769230769,0.0,0.01923076923,0.0,0.0,0.0,0.07692307692,0.01923076923
1,1,0.8721804511,0.4929577465,0.5070422535,0.0,0.0,0.0,0.0,0.0,0.0,0.0
1,1,0.9541284404,0.3396226415,0.5660377358,0.0,0.01886792453,0.0,0.0,0.0,0.07547169811,0.0
1,1,0.9312977099,0.4,0.4769230769,0.01538461538,0.0,0.0,0.0,0.0,0.07692307692,0.03076923077
1,1,0.9444444444,0.3833333333,0.4666666667,0.0,0.01666666667,0.01666666667,0.0,0.0,0.1,0.01666666667
1,1,0.9343065693,0.4933333333,0.3333333333,0.0,0.01333333333,0.0,0.0,0.0,0.16,0.0
1,1,0.8823529412,0.358490566,0.3962264151,0.0,0.0,0.07547169811,0.0,0.01886792453,0.1320754717,0.01886792453
1,1,0.896,0.421875,0.359375,0.015625,0.0,0.0,0.0,0.0,0.15625,0.046875
1,1,0.9133858268,0.4567901235,0.4691358025,0.0,0.0,0.01234567901,0.0,0.0,0.06172839506,0.0
1,1,0.9384615385,0.4197530864,0.5185185185,0.0,0.0,0.0,0.0,0.0,0.06172839506,0.0
1,1,0.9142857143,0.3859649123,0.4561403509,0.0,0.01754385965,0.0,0.0,0.0,0.1403508772,0.0
1,1,0.9285714286,0.4305555556,0.4027777778,0.0,0.01388888889,0.01388888889,0.0,0.0,0.09722222222,0.04166666667
1,1,0.8666666667,0.484375,0.515625,0.0,0.0,0.0,0.0,0.0,0.0,0.0
1,1,0.9345794393,0.3773584906,0.5283018868,0.01886792453,0.01886792453,0.0,0.0,0.0,0.05660377358,0.0
1,1,0.8181818182,0.5,0.4038461538,0.0,0.03846153846,0.0,0.0,0.0,0.03846153846,0.01923076923
1,1,0.9245283019,0.36,0.52,0.0,0.02,0.0,0.0,0.0,0.1,0.0
1,1,0.9345794393,0.3090909091,0.5090909091,0.0,0.01818181818,0.0,0.0,0.0,0.1090909091,0.05454545455
1,1,0.7916666667,0.525,0.425,0.0,0.0,0.0,0.0,0.0,0.05,0.0
1,1,0.9345794393,0.375,0.5,0.0,0.01785714286,0.0,0.0,0.0,0.1071428571,0.0
1,1,0.9636363636,0.4029850746,0.4925373134,0.0,0.01492537313,0.0,0.0,0.0,0.07462686567,0.01492537313
1,1,0.9345794393,0.36,0.52,0.0,0.02,0.0,0.0,0.0,0.1,0.0
1,1,0.8976377953,0.4567901235,0.4444444444,0.01234567901,0.0,0.01234567901,0.0,0.0,0.07407407407,0.0
1,1,0.9147286822,0.4264705882,0.4264705882,0.01470588235,0.0,0.0,0.0,0.0,0.07352941176,0.05882352941
1,1,0.8702290076,0.4516129032,0.4677419355,0.0,0.0,0.0,0.0,0.06451612903,0.01612903226,0.0
1,1,0.9444444444,0.32,0.56,0.0,0.02,0.0,0.0,0.0,0.1,0.0
1,1,0.9142857143,0.3928571429,0.4285714286,0.01785714286,0.01785714286,0.01785714286,0.0,0.0,0.08928571429,0.03571428571
1,1,0.9345794393,0.306122449,0.5714285714,0.0,0.02040816327,0.0,0.0,0.0,0.1020408163,0.0
1,1,0.9345794393,0.3538461538,0.5230769231,0.01538461538,0.0,0.0,0.0,0.0,0.1076923077,0.0
1,1,0.951048951,0.4512195122,0.3658536585,0.0,0.01219512195,0.01219512195,0.0,0.0,0.1219512195,0.03658536585
1,1,0.9230769231,0.4328358209,0.4925373134,0.01492537313,0.0,0.0,0.0,0.0,0.05970149254,0.0
1,1,0.9523809524,0.3454545455,0.5636363636,0.0,0.03636363636,0.0,0.0,0.0,0.05454545455,0.0
1,1,0.953271028,0.3653846154,0.5,0.0,0.01923076923,0.0,0.0,0.0,0.1153846154,0.0
1,1,0.9622641509,0.4285714286,0.4444444444,0.0,0.01587301587,0.0,0.0,0.0,0.09523809524,0.01587301587
1,1,0.9345794393,0.3090909091,0.5090909091,0.0,0.01818181818,0.0,0.0,0.0,0.1090909091,0.05454545455
1,1,0.8549618321,0.5,0.5,0.0,0.0,0.0,0.0,0.0,0.0,0.0
1,1,0.9444444444,0.358490566,0.5283018868,0.01886792453,0.01886792453,0.0,0.0,0.0,0.05660377358,0.01886792453
1,1,0.9142857143,0.4074074074,0.4074074074,0.01851851852,0.01851851852,0.01851851852,0.0,0.0,0.09259259259,0.03703703704
1,1,0.9444444444,0.3035714286,0.5357142857,0.01785714286,0.0,0.0,0.0,0.0,0.1428571429,0.0
1,1,0.9541284404,0.4202898551,0.5362318841,0.0,0.0,0.0,0.0,0.0,0.04347826087,0.0
1,1,0.9393939394,0.3833333333,0.5666666667,0.0,0.0,0.0,0.0,0.0,0.05,0.0
1,1,0.9142857143,0.3888888889,0.462962963,0.0,0.05555555556,0.0,0.0,0.0,0.09259259259,0.0
1,1,0.9444444444,0.406779661,0.4576271186,0.0,0.01694915254,0.0,0.0,0.0,0.1016949153,0.01694915254
1,1,0.9333333333,0.3529411765,0.5294117647,0.01960784314,0.0,0.0,0.0,0.0,0.09803921569,0.0
1,1,0.9142857143,0.2826086957,0.6086956522,0.02173913043,0.02173913043,0.0,0.0,0.0,0.0652173913,0.0
1,1,0.9444444444,0.32,0.56,0.0,0.02,0.0,0.0,0.0,0.1,0.0
1,1,0.784,0.5245901639,0.4098360656,0.0,0.0,0.0,0.0,0.0,0.06557377049,0.0
1,1,0.9245283019,0.26,0.5,0.0,0.02,0.0,0.0,0.0,0.22,0.0
1,1,0.92,0.3928571429,0.4642857143,0.0,0.01785714286,0.0,0.0,0.0,0.08928571429,0.03571428571
1,1,0.9444444444,0.435483871,0.435483871,0.0,0.01612903226,0.0,0.0,0.0,0.1129032258,0.0
1,1,0.9245283019,0.4150943396,0.4716981132,0.0,0.01886792453,0.0,0.0,0.0,0.09433962264,0.0
1,1,0.9345794393,0.3770491803,0.5737704918,0.0,0.0,0.0,0.0,0.0,0.04918032787,0.0
1,1,0.9142857143,0.3859649123,0.4561403509,0.0,0.01754385965,0.0,0.0,0.0,0.1403508772,0.0
1,1,0.9142857143,0.3255813953,0.5581395349,0.0,0.02325581395,0.0,0.0,0.0,0.09302325581,0.0
1,1,0.9333333333,0.3728813559,0.5423728814,0.0,0.0,0.0,0.0,0.0,0.05084745763,0.03389830508
1,1,0.9142857143,0.2931034483,0.5862068966,0.0,0.01724137931,0.0,0.0,0.0,0.1034482759,0.0
1,1,0.9230769231,0.393442623,0.5573770492,0.0,0.0,0.0,0.0,0.0,0.04918032787,0.0
1,1,0.8571428571,0.4782608696,0.4057971014,0.0,0.0,0.0,0.0,0.115942029,0.0,0.0
1,1,0.9019607843,0.3888888889,0.4259259259,0.01851851852,0.01851851852,0.01851851852,0.0,0.0,0.09259259259,0.03703703704
1,1,0.890625,0.4576271186,0.406779661,0.0,0.0,0.0,0.0,0.0,0.1355932203,0.0
1,1,0.9345794393,0.40625,0.390625,0.0,0.03125,0.0,0.0,0.0,0.125,0.046875
1,1,0.88,0.4901960784,0.4509803922,0.0,0.03921568627,0.0,0.0,0.0,0.01960784314,0.0
1,1,0.9333333333,0.32,0.56,0.0,0.02,0.0,0.0,0.0,0.1,0.0
1,1,0.9038461538,0.4333333333,0.4333333333,0.0,0.01666666667,0.0,0.0,0.0,0.1166666667,0.0
1,1,0.9245283019,0.3529411765,0.4705882353,0.0,0.01960784314,0.0,0.0,0.0,0.1568627451,0.0
1,1,0.9130434783,0.5227272727,0.3977272727,0.0,0.01136363636,0.0,0.0,0.0,0.06818181818,0.0
1,1,0.9230769231,0.3442622951,0.5901639344,0.0,0.04918032787,0.0,0.0,0.0,0.01639344262,0.0
1,1,0.9523809524,0.3770491803,0.5081967213,0.0,0.01639344262,0.0,0.0,0.0,0.08196721311,0.01639344262
1,1,0.9051094891,0.5277777778,0.4722222222,0.0,0.0,0.0,0.0,0.0,0.0,0.0
1,1,0.9375,0.3378378378,0.5675675676,0.0,0.0,0.0,0.0,0.0,0.09459459459,0.0
1,1,0.90625,0.44,0.5066666667,0.01333333333,0.0,0.0,0.0,0.0,0.04,0.0
1,1,0.9345794393,0.380952381,0.5714285714,0.0,0.0,0.0,0.0,0.0,0.04761904762,0.0
1,1,0.9345794393,0.1632653061,0.7142857143,0.0,0.02040816327,0.0,0.0,0.0,0.1020408163,0.0
1,1,0.9245283019,0.3333333333,0.5208333333,0.0,0.02083333333,0.0,0.0,0.0,0.125,0.0
1,1,0.9038461538,0.44,0.5,0.0,0.04,0.0,0.0,0.0,0.02,0.0
1,1,0.9206349206,0.3442622951,0.5901639344,0.0,0.0,0.0,0.0,0.0,0.06557377049,0.0
1,1,0.9457364341,0.3968253968,0.5079365079,0.03174603175,0.0,0.0,0.0,0.0,0.06349206349,0.0
1,1,0.90625,0.4677419355,0.4032258065,0.01612903226,0.0,0.01612903226,0.0,0.0,0.08064516129,0.01612903226
1,1,0.9245283019,0.3333333333,0.5555555556,0.0,0.01851851852,0.0,0.0,0.0,0.09259259259,0.0
1,1,0.9253731343,0.2073170732,0.5,0.1341463415,0.01219512195,0.0,0.0,0.0,0.03658536585,0.1097560976
1,1,0.8905109489,0.5,0.5,0.0,0.0,0.0,0.0,0.0,0.0,0.0
1,1,0.9345794393,0.3492063492,0.6031746032,0.0,0.0,0.0,0.0,0.0,0.04761904762,0.0
1,1,0.9636363636,0.3870967742,0.4677419355,0.0,0.03225806452,0.0,0.0,0.0,0.09677419355,0.01612903226
1,1,0.9245283019,0.3461538462,0.5,0.0,0.01923076923,0.0,0.0,0.0,0.1346153846,0.0
1,1,0.9230769231,0.4210526316,0.4912280702,0.0,0.05263157895,0.0,0.0,0.0,0.01754385965,0.01754385965
1,1,0.9345794393,0.3018867925,0.5471698113,0.0,0.01886792453,0.0,0.0,0.0,0.1320754717,0.0
1,1,0.9142857143,0.4,0.4307692308,0.0,0.03076923077,0.0,0.0,0.0,0.1384615385,0.0
1,1,0.9147286822,0.3965517241,0.5172413793,0.0,0.0,0.0,0.0,0.0,0.08620689655,0.0
1,1,0.9245283019,0.406779661,0.4406779661,0.01694915254,0.03389830508,0.0,0.0,0.0,0.1016949153,0.0
1,1,0.9245283019,0.3859649123,0.4736842105,0.01754385965,0.01754385965,0.0,0.0,0.0,0.08771929825,0.01754385965
1,1,0.9142857143,0.3265306122,0.5510204082,0.02040816327,0.0,0.0,0.0,0.0,0.1020408163,0.0
1,1,0.9208633094,0.5,0.2714285714,0.0,0.0,0.1857142857,0.0,0.0,0.04285714286,0.0
1,1,0.8976377953,0.4722222222,0.4861111111,0.0,0.0,0.01388888889,0.0,0.0,0.02777777778,0.0
1,1,0.9038461538,0.462962963,0.4814814815,0.0,0.03703703704,0.0,0.0,0.0,0.01851851852,0.0
1,1,0.9291338583,0.4642857143,0.4523809524,0.02380952381,0.0,0.02380952381,0.0,0.0,0.03571428571,0.0
1,1,0.9133858268,0.4035087719,0.5614035088,0.0,0.0,0.0,0.0,0.0,0.0350877193,0.0
1,1,0.896,0.4189189189,0.4864864865,0.0,0.0,0.01351351351,0.0,0.0,0.08108108108,0.0
1,1,0.9230769231,0.4054054054,0.5,0.0,0.01351351351,0.0,0.0,0.0,0.08108108108,0.0
1,1,0.9245283019,0.4285714286,0.5,0.0,0.01785714286,0.0,0.0,0.0,0.05357142857,0.0
1,1,0.9126213592,0.4545454545,0.4727272727,0.0,0.01818181818,0.0,0.0,0.0,0.05454545455,0.0
1,1,0.9433962264,0.358490566,0.5283018868,0.0,0.01886792453,0.0,0.0,0.0,0.09433962264,0.0
1,1,0.9126213592,0.3541666667,0.5416666667,0.0,0.02083333333,0.0,0.0,0.0,0.08333333333,0.0
1,1,0.8872180451,0.4714285714,0.5285714286,0.0,0.0,0.0,0.0,0.0,0.0,0.0
1,1,0.9245283019,0.3461538462,0.5192307692,0.01923076923,0.03846153846,0.0,0.0,0.0,0.07692307692,0.0
1,1,0.9333333333,0.32,0.58,0.0,0.02,0.0,0.0,0.0,0.06,0.02
1,1,0.9444444444,0.32,0.56,0.0,0.02,0.0,0.0,0.0,0.1,0.0
1,1,0.90625,0.3571428571,0.5535714286,0.0,0.0,0.01785714286,0.0,0.0,0.07142857143,0.0
1,1,0.86,0.3,0.48,0.0,0.02,0.0,0.0,0.0,0.2,0.0
1,1,0.9345794393,0.3333333333,0.5925925926,0.0,0.0,0.0,0.0,0.0,0.07407407407,0.0
1,1,0.9393939394,0.4320987654,0.5185185185,0.0,0.0,0.0,0.0,0.0,0.04938271605,0.0
1,1,0.9142857143,0.3442622951,0.5409836066,0.01639344262,0.0,0.0,0.0,0.0,0.09836065574,0.0
1,1,0.9245283019,0.3137254902,0.5490196078,0.0,0.01960784314,0.0,0.0,0.0,0.1176470588,0.0
1,1,0.9345794393,0.3018867925,0.6226415094,0.0,0.0,0.0,0.0,0.0,0.07547169811,0.0
1,1,0.9064748201,0.5,0.5,0.0,0.0,0.0,0.0,0.0,0.0,0.0
1,1,0.9038461538,0.387755102,0.5306122449,0.0,0.04081632653,0.0,0.0,0.0,0.04081632653,0.0
1,1,0.9361702128,0.5,0.369047619,0.0,0.02380952381,0.0,0.0,0.0,0.1071428571,0.0
1,1,0.9345794393,0.3918918919,0.472972973,0.04054054054,0.01351351351,0.0,0.0,0.0,0.06756756757,0.01351351351
1,1,0.9345794393,0.32,0.56,0.0,0.02,0.0,0.0,0.0,0.1,0.0
1,1,0.9245283019,0.3571428571,0.5,0.0,0.01785714286,0.0,0.0,0.0,0.125,0.0
1,1,0.9444444444,0.3392857143,0.5535714286,0.01785714286,0.01785714286,0.0,0.0,0.0,0.07142857143,0.0
1,1,0.9291338583,0.4507042254,0.4647887324,0.0,0.0,0.0,0.0,0.0,0.07042253521,0.01408450704
1,1,0.90625,0.5,0.421875,0.0,0.03125,0.0,0.0,0.0,0.03125,0.015625
1,1,0.9345794393,0.320754717,0.4339622642,0.0,0.01886792453,0.0,0.0,0.0,0.2264150943,0.0
1,1,0.9312977099,0.4262295082,0.5245901639,0.0,0.0,0.0,0.0,0.0,0.04918032787,0.0
1,1,0.9037037037,0.5428571429,0.4571428571,0.0,0.0,0.0,0.0,0.0,0.0,0.0
1,1,0.9345794393,0.3888888889,0.5185185185,0.0,0.01851851852,0.0,0.0,0.0,0.07407407407,0.0
1,1,0.9345794393,0.3333333333,0.537037037,0.0,0.01851851852,0.0,0.0,0.0,0.09259259259,0.01851851852
1,1,0.9345794393,0.3636363636,0.5454545455,0.0,0.01818181818,0.0,0.0,0.0,0.07272727273,0.0
1,1,0.9230769231,0.4857142857,0.4428571429,0.02857142857,0.0,0.0,0.0,0.0,0.04285714286,0.0
1,1,0.9038461538,0.3846153846,0.5192307692,0.0,0.01923076923,0.0,0.0,0.0,0.05769230769,0.01923076923
1,1,0.9142857143,0.4210526316,0.4561403509,0.0,0.01754385965,0.0,0.0,0.0,0.1052631579,0.0
1,1,0.9312977099,0.4428571429,0.4571428571,0.01428571429,0.0,0.0,0.0,0.0,0.08571428571,0.0
1,1,0.9117647059,0.5,0.3378378378,0.0,0.01351351351,0.01351351351,0.0,0.0,0.08108108108,0.05405405405
1,1,0.9230769231,0.3521126761,0.5492957746,0.0,0.01408450704,0.0,0.0,0.0,0.08450704225,0.0
1,1,0.9444444444,0.3392857143,0.5178571429,0.0,0.01785714286,0.0,0.0,0.0,0.1071428571,0.01785714286
1,1,0.8985507246,0.5405405405,0.4594594595,0.0,0.0,0.0,0.0,0.0,0.0,0.0
1,1,0.9523809524,0.3333333333,0.5490196078,0.0,0.01960784314,0.0,0.0,0.0,0.09803921569,0.0
1,1,0.9142857143,0.3333333333,0.5098039216,0.0,0.01960784314,0.0,0.0,0.0,0.137254902,0.0
1,1,0.9345794393,0.375,0.4821428571,0.0,0.01785714286,0.0,0.0,0.0,0.125,0.0
1,1,0.9312977099,0.4558823529,0.4705882353,0.0,0.02941176471,0.0,0.0,0.0,0.02941176471,0.01470588235
1,1,0.90625,0.4242424242,0.5151515152,0.0,0.01515151515,0.0,0.0,0.0,0.0303030303,0.01515151515
1,1,0.8932038835,0.3620689655,0.3793103448,0.0,0.0,0.03448275862,0.0,0.0,0.224137931,0.0
1,1,0.9312977099,0.4102564103,0.5384615385,0.0,0.0,0.0,0.0,0.0,0.05128205128,0.0
1,1,0.8976377953,0.435483871,0.5,0.01612903226,0.0,0.0,0.0,0.0,0.04838709677,0.0
1,1,0.9541284404,0.3939393939,0.4696969697,0.0,0.0303030303,0.0,0.0,0.0,0.1060606061,0.0
1,1,0.9208633094,0.5142857143,0.4,0.0,0.01428571429,0.0,0.0,0.0,0.07142857143,0.0
1,1,0.8787878788,0.4393939394,0.4242424242,0.0,0.0,0.0,0.0,0.1212121212,0.01515151515,0.0
1,1,0.8823529412,0.4230769231,0.3846153846,0.01923076923,0.01923076923,0.01923076923,0.0,0.0,0.09615384615,0.03846153846
1,1,0.9108910891,0.3392857143,0.4821428571,0.0,0.01785714286,0.0,0.0,0.0,0.1607142857,0.0
1,1,0.9147286822,0.3787878788,0.5303030303,0.0,0.0,0.0,0.0,0.0,0.09090909091,0.0
1,1,0.9038461538,0.2826086957,0.6086956522,0.0,0.02173913043,0.0,0.0,0.0,0.08695652174,0.0
1,1,0.9411764706,0.4444444444,0.4691358025,0.0,0.01234567901,0.0,0.0,0.0,0.07407407407,0.0
1,1,0.9230769231,0.4615384615,0.4358974359,0.01282051282,0.01282051282,0.0,0.0,0.0,0.07692307692,0.0
1,1,0.9345794393,0.3333333333,0.537037037,0.0,0.03703703704,0.0,0.0,0.0,0.09259259259,0.0
1,1,0.8976377953,0.4655172414,0.4655172414,0.01724137931,0.0,0.0,0.0,0.0,0.05172413793,0.0
1,1,0.9444444444,0.3965517241,0.5,0.0,0.01724137931,0.0,0.0,0.0,0.08620689655,0.0
1,1,0.9291338583,0.4125,0.525,0.0,0.0,0.0,0.0,0.0,0.0625,0.0
1,1,0.9130434783,0.5324675325,0.4675324675,0.0,0.0,0.0,0.0,0.0,0.0,0.0
1,1,0.8666666667,0.3833333333,0.4666666667,0.0,0.0,0.0,0.0,0.0,0.1,0.05
1,1,0.9345794393,0.4193548387,0.435483871,0.0,0.01612903226,0.0,0.0,0.0,0.09677419355,0.03225806452
1,1,0.9245283019,0.3225806452,0.5483870968,0.01612903226,0.0,0.0,0.0,0.0,0.1129032258,0.0
1,1,0.8823529412,0.3921568627,0.3921568627,0.01960784314,0.01960784314,0.01960784314,0.0,0.0,0.1176470588,0.03921568627
1,1,0.9147286822,0.3965517241,0.3965517241,0.0,0.0,0.0,0.0,0.0,0.2068965517,0.0
1,1,0.9393939394,0.4117647059,0.4941176471,0.01176470588,0.0,0.0,0.0,0.0,0.08235294118,0.0
1,1,0.9345794393,0.4035087719,0.4912280702,0.0,0.01754385965,0.0,0.0,0.0,0.0701754386,0.01754385965
1,1,0.9126213592,0.3275862069,0.6034482759,0.0,0.0,0.0,0.0,0.0,0.06896551724,0.0
1,1,0.9245283019,0.3396226415,0.5471698113,0.0,0.01886792453,0.0,0.0,0.0,0.09433962264,0.0
1,1,0.9147286822,0.4246575342,0.5342465753,0.0,0.0,0.0,0.0,0.0,0.04109589041,0.0
1,1,0.8571428571,0.4776119403,0.447761194,0.0,0.0,0.0,0.0,0.07462686567,0.0,0.0
1,1,0.9133858268,0.4285714286,0.4444444444,0.03174603175,0.0,0.0,0.0,0.0,0.07936507937,0.01587301587
1,1,0.9142857143,0.4230769231,0.5192307692,0.0,0.0,0.0,0.0,0.0,0.05769230769,0.0
1,1,0.9230769231,0.4406779661,0.5084745763,0.0,0.0,0.0,0.0,0.0,0.03389830508,0.01694915254
1,1,0.8823529412,0.3725490196,0.4509803922,0.0,0.01960784314,0.0,0.0,0.0,0.1568627451,0.0
1,1,0.9333333333,0.375,0.5357142857,0.0,0.01785714286,0.0,0.0,0.0,0.07142857143,0.0
1,1,0.9147286822,0.4285714286,0.5079365079,0.0,0.0,0.0,0.0,0.0,0.06349206349,0.0
1,1,0.9230769231,0.425,0.4875,0.0125,0.0,0.0,0.0,0.0,0.0625,0.0125
1,1,0.9038461538,0.4262295082,0.4426229508,0.0,0.01639344262,0.0,0.0,0.0,0.1147540984,0.0
1,1,0.9142857143,0.3225806452,0.564516129,0.0,0.0,0.0,0.0,0.0,0.1129032258,0.0
1,1,0.9615384615,0.3768115942,0.5362318841,0.0,0.0,0.0,0.0,0.0,0.07246376812,0.01449275362
1,1,0.8305084746,0.4769230769,0.2,0.0,0.0,0.01538461538,0.0,0.3076923077,0.0,0.0
1,1,0.8976377953,0.4333333333,0.5,0.01666666667,0.0,0.0,0.0,0.0,0.05,0.0
1,1,0.9142857143,0.4210526316,0.4561403509,0.0,0.01754385965,0.0,0.0,0.0,0.1052631579,0.0
1,1,0.9147286822,0.5,0.4418604651,0.0,0.0,0.0,0.0,0.0,0.04651162791,0.01162790698
1,1,0.9393939394,0.4698795181,0.4578313253,0.0,0.0,0.0,0.0,0.0,0.07228915663,0.0
1,1,0.9444444444,0.390625,0.546875,0.015625,0.015625,0.0,0.0,0.0,0.03125,0.0
1,1,0.9345794393,0.32,0.56,0.0,0.02,0.0,0.0,0.0,0.1,0.0
1,1,0.9142857143,0.3541666667,0.5833333333,0.0,0.04166666667,0.0,0.0,0.0,0.02083333333,0.0
1,1,0.9345794393,0.3773584906,0.5471698113,0.0,0.01886792453,0.0,0.0,0.0,0.05660377358,0.0
1,1,0.9345794393,0.3,0.6,0.02,0.02,0.0,0.0,0.0,0.06,0.0
1,1,0.8717948718,0.4035087719,0.5438596491,0.0,0.0,0.0,0.0,0.0,0.05263157895,0.0
1,1,0.9172932331,0.202247191,0.4943820225,0.1235955056,0.01123595506,0.0,0.0,0.0,0.05617977528,0.1123595506
1,1,0.9051094891,0.527027027,0.472972973,0.0,0.0,0.0,0.0,0.0,0.0,0.0
1,1,0.9142857143,0.36,0.48,0.0,0.02,0.0,0.0,0.0,0.14,0.0
1,1,0.9444444444,0.3818181818,0.5090909091,0.0,0.01818181818,0.0,0.0,0.0,0.07272727273,0.01818181818
1,1,0.9345794393,0.3333333333,0.5185185185,0.0,0.01851851852,0.0,0.0,0.0,0.1111111111,0.01851851852
1,1,0.9245283019,0.4126984127,0.5396825397,0.0,0.0,0.0,0.0,0.0,0.04761904762,0.0
1,1,0.9275362319,0.5,0.3513513514,0.0,0.0,0.0,0.0,0.0,0.1081081081,0.04054054054
1,1,0.9245283019,0.4406779661,0.4237288136,0.01694915254,0.01694915254,0.01694915254,0.0,0.0,0.06779661017,0.01694915254
1,1,0.9345794393,0.3269230769,0.5384615385,0.0,0.01923076923,0.0,0.0,0.0,0.1153846154,0.0
1,1,0.88,0.3157894737,0.5614035088,0.0,0.0,0.0,0.0,0.0,0.1228070175,0.0
1,1,0.9245283019,0.4242424242,0.5151515152,0.0,0.0,0.0,0.0,0.0,0.06060606061,0.0
1,1,0.9142857143,0.3921568627,0.4901960784,0.0,0.01960784314,0.0,0.0,0.0,0.09803921569,0.0
1,1,0.9208633094,0.5131578947,0.4868421053,0.0,0.0,0.0,0.0,0.0,0.0,0.0
1,1,0.8888888889,0.4035087719,0.4912280702,0.0,0.0,0.01754385965,0.0,0.0,0.08771929825,0.0
1,1,0.9384615385,0.45,0.4833333333,0.0,0.0,0.0,0.0,0.0,0.06666666667,0.0
1,1,0.9245283019,0.421875,0.53125,0.0,0.0,0.0,0.0,0.0,0.046875,0.0
1,1,0.9444444444,0.3333333333,0.5555555556,0.03703703704,0.01851851852,0.0,0.0,0.0,0.05555555556,0.0
1,1,0.9142857143,0.3148148148,0.5,0.0,0.01851851852,0.0,0.0,0.0,0.1111111111,0.05555555556
1,1,0.9147286822,0.45,0.4875,0.0,0.0,0.0125,0.0,0.0,0.0375,0.0125
1,1,0.9345794393,0.3333333333,0.568627451,0.01960784314,0.01960784314,0.0,0.0,0.0,0.05882352941,0.0
1,1,0.9444444444,0.3492063492,0.5238095238,0.0,0.03174603175,0.0,0.0,0.0,0.09523809524,0.0
1,1,0.9147286822,0.515625,0.453125,0.0,0.0,0.0,0.0,0.0,0.03125,0.0
1,1,0.8932038835,0.3921568627,0.4117647059,0.01960784314,0.01960784314,0.01960784314,0.0,0.0,0.09803921569,0.03921568627
1,1,0.9130434783,0.5641025641,0.4358974359,0.0,0.0,0.0,0.0,0.0,0.0,0.0
1,1,0.9444444444,0.3396226415,0.5471698113,0.01886792453,0.01886792453,0.0,0.0,0.0,0.07547169811,0.0
1,1,0.9245283019,0.3220338983,0.5423728814,0.0,0.03389830508,0.0,0.0,0.0,0.1016949153,0.0
1,1,0.9444444444,0.32,0.56,0.0,0.02,0.0,0.0,0.0,0.1,0.0
1,1,0.9541284404,0.3684210526,0.5263157895,0.0,0.01754385965,0.0,0.0,0.0,0.0701754386,0.01754385965
1,1,0.9142857143,0.4545454545,0.4363636364,0.0,0.01818181818,0.0,0.0,0.0,0.07272727273,0.01818181818
1,1,0.9142857143,0.3396226415,0.5094339623,0.0,0.01886792453,0.0,0.0,0.0,0.1320754717,0.0
1,1,0.9444444444,0.3214285714,0.5,0.0,0.03571428571,0.0,0.0,0.0,0.1428571429,0.0
1,1,0.90625,0.4137931034,0.5,0.0,0.0,0.0,0.0,0.0,0.08620689655,0.0
1,1,0.9285714286,0.4857142857,0.4142857143,0.0,0.01428571429,0.0,0.0,0.0,0.08571428571,0.0
1,1,0.90625,0.45,0.5333333333,0.0,0.0,0.0,0.0,0.0,0.01666666667,0.0
1,1,0.8549618321,0.453125,0.546875,0.0,0.0,0.0,0.0,0.0,0.0,0.0
1,1,0.9345794393,0.40625,0.390625,0.0,0.03125,0.0,0.0,0.0,0.109375,0.0625
1,1,0.9142857143,0.3043478261,0.5652173913,0.02173913043,0.02173913043,0.0,0.0,0.0,0.08695652174,0.0
1,1,0.8870967742,0.3928571429,0.5178571429,0.0,0.0,0.0,0.0,0.0,0.08928571429,0.0
1,1,0.9482758621,0.4666666667,0.44,0.0,0.0,0.0,0.0,0.0,0.09333333333,0.0
1,1,0.9444444444,0.3396226415,0.5471698113,0.0,0.01886792453,0.0,0.0,0.0,0.09433962264,0.0
1,1,0.9133858268,0.4444444444,0.5416666667,0.0,0.0,0.0,0.0,0.0,0.01388888889,0.0
1,1,0.9142857143,0.4210526316,0.4385964912,0.0,0.01754385965,0.0,0.0,0.0,0.1228070175,0.0
1,1,0.9038461538,0.3278688525,0.5573770492,0.0,0.0,0.0,0.0,0.0,0.1147540984,0.0
1,1,0.9038461538,0.3653846154,0.5192307692,0.0,0.01923076923,0.0,0.0,0.0,0.07692307692,0.01923076923
1,1,0.9147286822,0.4743589744,0.4743589744,0.0,0.0,0.0,0.0,0.0,0.05128205128,0.0
1,1,0.8805970149,0.46875,0.453125,0.0,0.0,0.0,0.0,0.0625,0.015625,0.0
1,1,0.8888888889,0.46875,0.40625,0.0,0.0,0.0,0.0,0.0,0.109375,0.015625
1,1,0.8976377953,0.3709677419,0.4838709677,0.01612903226,0.0,0.0,0.0,0.0,0.08064516129,0.04838709677
1,1,0.9444444444,0.3396226415,0.5471698113,0.0,0.01886792453,0.0,0.0,0.0,0.09433962264,0.0
1,1,0.8976377953,0.3846153846,0.4,0.01538461538,0.0,0.0,0.0,0.0,0.1692307692,0.03076923077
1,1,0.9245283019,0.42,0.48,0.0,0.02,0.0,0.0,0.0,0.06,0.02
1,1,0.9142857143,0.3137254902,0.5294117647,0.0,0.01960784314,0.0,0.0,0.0,0.137254902,0.0
1,1,0.9245283019,0.359375,0.515625,0.0,0.0,0.0,0.0,0.0,0.125,0.0
1,1,0.9523809524,0.4098360656,0.5081967213,0.0,0.01639344262,0.0,0.0,0.0,0.06557377049,0.0
1,1,0.8888888889,0.4339622642,0.4716981132,0.0,0.01886792453,0.0,0.0,0.0,0.07547169811,0.0
1,1,0.932038835,0.406779661,0.4915254237,0.0,0.01694915254,0.0,0.0,0.0,0.08474576271,0.0
1,1,0.8852459016,0.4615384615,0.5384615385,0.0,0.0,0.0,0.0,0.0,0.0,0.0
1,1,0.9444444444,0.3703703704,0.5185185185,0.0,0.01851851852,0.0,0.0,0.0,0.09259259259,0.0
1,1,0.9245283019,0.4509803922,0.4705882353,0.0,0.01960784314,0.0,0.0,0.0,0.05882352941,0.0
1,1,0.8943089431,0.4347826087,0.5362318841,0.0,0.0,0.0,0.0,0.0,0.02898550725,0.0
1,1,0.9219858156,0.5,0.3461538462,0.0,0.01282051282,0.0,0.0,0.0,0.1025641026,0.03846153846
1,1,0.9019607843,0.28,0.54,0.0,0.02,0.0,0.0,0.0,0.12,0.04
1,1,0.9126213592,0.3571428571,0.4642857143,0.0,0.01785714286,0.0,0.0,0.0,0.1428571429,0.01785714286
1,1,0.9032258065,0.3793103448,0.5172413793,0.0,0.0,0.0,0.0,0.0,0.1034482759,0.0
1,1,0.9345794393,0.3148148148,0.537037037,0.0,0.01851851852,0.0,0.0,0.0,0.1111111111,0.01851851852
1,1,0.9133858268,0.4193548387,0.5,0.0,0.0,0.0,0.0,0.0,0.08064516129,0.0
1,1,0.8888888889,0.4516129032,0.4516129032,0.01612903226,0.0,0.0,0.0,0.0,0.08064516129,0.0
1,1,0.8666666667,0.4920634921,0.5079365079,0.0,0.0,0.0,0.0,0.0,0.0,0.0
1,1,0.88,0.3442622951,0.606557377,0.0,0.0,0.01639344262,0.0,0.0,0.03278688525,0.0
1,1,0.9142857143,0.4035087719,0.4385964912,0.0,0.01754385965,0.0,0.0,0.0,0.1403508772,0.0
1,1,0.8775510204,0.3725490196,0.4509803922,0.0,0.01960784314,0.0,0.0,0.0,0.09803921569,0.05882352941
1,1,0.9147286822,0.4920634921,0.4444444444,0.01587301587,0.0,0.0,0.0,0.0,0.04761904762,0.0
1,1,0.9142857143,0.4259259259,0.462962963,0.0,0.01851851852,0.0,0.0,0.0,0.09259259259,0.0
1,1,0.8888888889,0.3773584906,0.5471698113,0.0,0.0,0.0,0.0,0.0,0.07547169811,0.0
1,1,0.9133858268,0.3870967742,0.4838709677,0.01612903226,0.0,0.0,0.0,0.0,0.08064516129,0.03225806452
1,1,0.9108910891,0.3414634146,0.5609756098,0.0,0.0243902439,0.0,0.0,0.0,0.07317073171,0.0
1,1,0.9133858268,0.4285714286,0.5079365079,0.0,0.0,0.0,0.0,0.0,0.06349206349,0.0
1,1,0.9019607843,0.3396226415,0.5849056604,0.0,0.0,0.0,0.0,0.0,0.07547169811,0.0
1,1,0.784,0.4705882353,0.4558823529,0.0,0.0,0.0,0.0,0.0,0.07352941176,0.0
1,1,0.9345794393,0.34,0.54,0.0,0.02,0.0,0.0,0.0,0.1,0.0
1,1,0.9142857143,0.4230769231,0.5192307692,0.0,0.0,0.0,0.0,0.0,0.05769230769,0.0
1,1,0.921875,0.3770491803,0.4918032787,0.01639344262,0.0,0.0,0.0,0.0,0.08196721311,0.03278688525
1,1,0.9038461538,0.3043478261,0.5652173913,0.0,0.02173913043,0.0,0.0,0.0,0.1086956522,0.0
1,1,0.9345794393,0.3529411765,0.568627451,0.0,0.01960784314,0.0,0.0,0.0,0.05882352941,0.0
1,1,0.9038461538,0.2608695652,0.5869565217,0.0,0.02173913043,0.0,0.0,0.0,0.1304347826,0.0
1,1,0.9245283019,0.3454545455,0.5090909091,0.0,0.01818181818,0.0,0.0,0.0,0.1272727273,0.0
1,1,0.9444444444,0.3703703704,0.5185185185,0.0,0.01851851852,0.0,0.0,0.0,0.09259259259,0.0
1,1,0.8615384615,0.5322580645,0.3709677419,0.0,0.0,0.0,0.0,0.0,0.09677419355,0.0
1,1,0.9393939394,0.4242424242,0.5151515152,0.0,0.0,0.0,0.0,0.0,0.06060606061,0.0
1,1,0.8970588235,0.5342465753,0.4657534247,0.0,0.0,0.0,0.0,0.0,0.0,0.0
1,1,0.9541284404,0.397260274,0.5068493151,0.0,0.01369863014,0.0,0.0,0.0,0.06849315068,0.01369863014
1,1,0.9312977099,0.4324324324,0.527027027,0.0,0.0,0.01351351351,0.0,0.0,0.02702702703,0.0
1,1,0.9047619048,0.4426229508,0.4426229508,0.01639344262,0.0,0.0,0.0,0.0,0.09836065574,0.0
1,1,0.9142857143,0.3859649123,0.4736842105,0.0,0.01754385965,0.01754385965,0.0,0.0,0.08771929825,0.01754385965
1,1,0.9541284404,0.393442623,0.5081967213,0.01639344262,0.01639344262,0.0,0.0,0.0,0.06557377049,0.0
1,1,0.8823529412,0.3958333333,0.5416666667,0.0,0.0,0.0,0.0,0.0,0.0625,0.0
1,1,0.8514851485,0.4565217391,0.5217391304,0.0,0.0,0.0,0.0,0.0,0.02173913043,0.0
1,1,0.9147286822,0.4823529412,0.4235294118,0.02352941176,0.0,0.0,0.0,0.0,0.05882352941,0.01176470588
1,1,0.9333333333,0.3114754098,0.5573770492,0.0,0.01639344262,0.0,0.0,0.0,0.1147540984,0.0
1,1,0.90625,0.3623188406,0.5362318841,0.0,0.01449275362,0.0,0.0,0.0,0.08695652174,0.0
1,1,0.8805970149,0.4722222222,0.3888888889,0.0,0.0,0.0,0.0,0.125,0.01388888889,0.0
1,1,0.9230769231,0.3404255319,0.5319148936,0.0,0.02127659574,0.0,0.0,0.0,0.1063829787,0.0
1,1,0.9245283019,0.4736842105,0.4736842105,0.0,0.0,0.0,0.0,0.0,0.05263157895,0.0
1,1,0.8888888889,0.4666666667,0.4666666667,0.0,0.03333333333,0.0,0.0,0.0,0.01666666667,0.01666666667
1,1,0.9541284404,0.3529411765,0.5588235294,0.0,0.01470588235,0.0,0.0,0.0,0.07352941176,0.0
1,1,0.9444444444,0.2745098039,0.5882352941,0.0,0.01960784314,0.0,0.0,0.0,0.1176470588,0.0
1,1,0.9345794393,0.4385964912,0.4736842105,0.0,0.01754385965,0.0,0.0,0.0,0.0701754386,0.0
1,1,0.9245283019,0.3962264151,0.5094339623,0.01886792453,0.01886792453,0.0,0.0,0.0,0.05660377358,0.0
1,1,0.9719626168,0.3888888889,0.5416666667,0.0,0.0,0.0,0.0,0.0,0.05555555556,0.01388888889
1,1,0.9444444444,0.3090909091,0.5454545455,0.0,0.01818181818,0.0,0.0,0.0,0.1090909091,0.01818181818
1,1,0.921875,0.3968253968,0.4761904762,0.01587301587,0.0,0.0,0.0,0.0,0.07936507937,0.03174603175
1,1,0.8823529412,0.4252873563,0.367816092,0.0,0.01149425287,0.1264367816,0.0,0.0,0.02298850575,0.04597701149
1,1,0.8656716418,0.4927536232,0.4347826087,0.0,0.0,0.0,0.0,0.07246376812,0.0,0.0
1,1,0.9345794393,0.4074074074,0.5,0.01851851852,0.01851851852,0.0,0.0,0.0,0.05555555556,0.0
1,1,0.9245283019,0.3529411765,0.5490196078,0.0,0.01960784314,0.0,0.0,0.0,0.07843137255,0.0
1,1,0.9393939394,0.3968253968,0.5238095238,0.0,0.0,0.0,0.0,0.0,0.07936507937,0.0
1,1,0.8712871287,0.2884615385,0.4230769231,0.0,0.03846153846,0.0,0.0,0.0,0.25,0.0
1,1,0.9133858268,0.4482758621,0.4827586207,0.0,0.0,0.0,0.0,0.0,0.06896551724,0.0
1,1,0.92,0.40625,0.4375,0.0,0.03125,0.0,0.0,0.0,0.125,0.0
1,1,0.9142857143,0.2978723404,0.5744680851,0.0,0.02127659574,0.0,0.0,0.0,0.1063829787,0.0
1,1,0.9038461538,0.387755102,0.4897959184,0.0,0.02040816327,0.0,0.0,0.0,0.1020408163,0.0
1,1,0.9147286822,0.4153846154,0.5076923077,0.0,0.0,0.0,0.0,0.0,0.07692307692,0.0
1,1,0.8976377953,0.3793103448,0.5,0.01724137931,0.0,0.0,0.0,0.0,0.1034482759,0.0
1,1,0.8484848485,0.5882352941,0.3970588235,0.0,0.0,0.0,0.0,0.0,0.0,0.01470588235
1,1,0.8712871287,0.387755102,0.4897959184,0.0,0.04081632653,0.0,0.0,0.0,0.08163265306,0.0
1,1,0.9345794393,0.3333333333,0.5294117647,0.0,0.03921568627,0.0,0.0,0.0,0.09803921569,0.0
1,1,0.953271028,0.3571428571,0.5535714286,0.01785714286,0.01785714286,0.0,0.0,0.0,0.05357142857,0.0
1,1,0.9333333333,0.4423076923,0.4807692308,0.0,0.01923076923,0.0,0.0,0.0,0.05769230769,0.0
1,1,0.9133858268,0.4426229508,0.5081967213,0.0,0.0,0.0,0.0,0.0,0.04918032787,0.0
1,1,0.951048951,0.4358974359,0.4871794872,0.0,0.0,0.0,0.0,0.0,0.07692307692,0.0
1,1,0.9291338583,0.4938271605,0.4567901235,0.0,0.0,0.0,0.0,0.0,0.04938271605,0.0
1,1,0.9622641509,0.4126984127,0.4761904762,0.0,0.01587301587,0.0,0.0,0.0,0.07936507937,0.01587301587
1,1,0.9312977099,0.3333333333,0.6060606061,0.0,0.01515151515,0.0,0.0,0.0,0.04545454545,0.0
1,1,0.9038461538,0.3518518519,0.5555555556,0.0,0.01851851852,0.0,0.0,0.0,0.07407407407,0.0
1,1,0.8985507246,0.527027027,0.472972973,0.0,0.0,0.0,0.0,0.0,0.0,0.0
1,1,0.9142857143,0.2888888889,0.6222222222,0.0,0.02222222222,0.0,0.0,0.0,0.06666666667,0.0
1,1,0.8823529412,0.3846153846,0.4230769231,0.01923076923,0.01923076923,0.01923076923,0.0,0.0,0.09615384615,0.03846153846
1,1,0.8976377953,0.4266666667,0.4666666667,0.06666666667,0.0,0.0,0.0,0.0,0.02666666667,0.01333333333
1,1,0.9245283019,0.4333333333,0.4333333333,0.01666666667,0.01666666667,0.01666666667,0.0,0.0,0.06666666667,0.01666666667
1,1,0.9245283019,0.3157894737,0.5789473684,0.0,0.0,0.0,0.0,0.0,0.1052631579,0.0
1,1,0.8976377953,0.3684210526,0.5438596491,0.0,0.0,0.0,0.0,0.0,0.08771929825,0.0
1,1,0.9142857143,0.4262295082,0.4590163934,0.0,0.01639344262,0.0,0.0,0.0,0.08196721311,0.01639344262
1,1,0.8932038835,0.36,0.5,0.0,0.02,0.0,0.0,0.0,0.1,0.02
1,1,0.8823529412,0.3846153846,0.5,0.03846153846,0.01923076923,0.0,0.0,0.0,0.05769230769,0.0
1,1,0.9473684211,0.4057971014,0.4927536232,0.01449275362,0.01449275362,0.0,0.0,0.0,0.07246376812,0.0
1,1,0.9051094891,0.5277777778,0.4722222222,0.0,0.0,0.0,0.0,0.0,0.0,0.0
1,1,0.9345794393,0.4,0.4666666667,0.01666666667,0.01666666667,0.0,0.0,0.0,0.1,0.0
1,1,0.9245283019,0.4576271186,0.4237288136,0.0,0.01694915254,0.0,0.0,0.0,0.08474576271,0.01694915254
1,1,0.9444444444,0.3265306122,0.5714285714,0.0,0.02040816327,0.0,0.0,0.0,0.08163265306,0.0
1,1,0.8888888889,0.4473684211,0.4736842105,0.02631578947,0.0,0.0,0.0,0.0,0.05263157895,0.0
1,1,0.9038461538,0.3181818182,0.5454545455,0.0,0.0,0.0,0.0,0.02272727273,0.1136363636,0.0
1,1,0.9393939394,0.4625,0.5,0.0,0.0125,0.0,0.0,0.0,0.025,0.0
1,1,0.8932038835,0.3962264151,0.4150943396,0.01886792453,0.01886792453,0.01886792453,0.0,0.0,0.09433962264,0.03773584906
1,1,0.8712871287,0.3888888889,0.462962963,0.0,0.01851851852,0.0,0.0,0.0,0.1111111111,0.01851851852
1,1,0.9142857143,0.3529411765,0.5294117647,0.01960784314,0.01960784314,0.0,0.0,0.0,0.07843137255,0.0
1,1,0.9147286822,0.4516129032,0.5,0.0,0.0,0.0,0.0,0.0,0.04838709677,0.0
1,1,0.8872180451,0.5138888889,0.4861111111,0.0,0.0,0.0,0.0,0.0,0.0,0.0
1,1,0.9019607843,0.4406779661,0.4406779661,0.0,0.01694915254,0.0,0.0,0.0,0.06779661017,0.03389830508
1,1,0.9444444444,0.3703703704,0.537037037,0.01851851852,0.01851851852,0.0,0.0,0.0,0.05555555556,0.0
1,1,0.9345794393,0.3793103448,0.5,0.0,0.01724137931,0.0,0.0,0.0,0.08620689655,0.01724137931
1,1,0.9523809524,0.3064516129,0.5967741935,0.0,0.0,0.0,0.0,0.0,0.09677419355,0.0
1,1,0.9345794393,0.4464285714,0.5178571429,0.0,0.01785714286,0.0,0.0,0.0,0.01785714286,0.0
1,1,0.9245283019,0.275862069,0.6034482759,0.0,0.01724137931,0.01724137931,0.0,0.0,0.08620689655,0.0
1,1,0.9038461538,0.2608695652,0.6086956522,0.0,0.0,0.0,0.0,0.0,0.1304347826,0.0
1,1,0.9147286822,0.4637681159,0.5362318841,0.0,0.0,0.0,0.0,0.0,0.0,0.0
1,1,0.932038835,0.3,0.56,0.0,0.02,0.0,0.0,0.0,0.12,0.0
1,1,0.9147286822,0.44,0.52,0.0,0.0,0.0,0.0,0.0,0.04,0.0
1,1,0.8125,0.5079365079,0.4920634921,0.0,0.0,0.0,0.0,0.0,0.0,0.0
1,1,0.9245283019,0.3,0.5833333333,0.0,0.01666666667,0.0,0.0,0.0,0.1,0.0
1,1,0.8932038835,0.306122449,0.5510204082,0.0,0.02040816327,0.0,0.0,0.0,0.1224489796,0.0
1,1,0.9444444444,0.4385964912,0.4736842105,0.01754385965,0.01754385965,0.0,0.0,0.0,0.05263157895,0.0
1,1,0.9245283019,0.3636363636,0.5090909091,0.01818181818,0.01818181818,0.0,0.0,0.0,0.09090909091,0.0
1,1,0.9208633094,0.4868421053,0.4078947368,0.01315789474,0.02631578947,0.01315789474,0.0,0.0,0.05263157895,0.0
1,1,0.9147286822,0.4090909091,0.4696969697,0.0303030303,0.0,0.0,0.0,0.0,0.09090909091,0.0
1,1,0.9203539823,0.4193548387,0.435483871,0.01612903226,0.0,0.0,0.0,0.0,0.1129032258,0.01612903226
1,1,0.9245283019,0.2941176471,0.568627451,0.0,0.01960784314,0.0,0.0,0.0,0.1176470588,0.0
1,1,0.9345794393,0.3770491803,0.4590163934,0.0,0.01639344262,0.0,0.0,0.0,0.1475409836,0.0
1,1,0.9245283019,0.3442622951,0.5081967213,0.0,0.03278688525,0.0,0.0,0.0,0.1147540984,0.0
1,1,0.8823529412,0.5138888889,0.4861111111,0.0,0.0,0.0,0.0,0.0,0.0,0.0
1,1,0.9147286822,0.4659090909,0.4545454545,0.03409090909,0.0,0.0,0.0,0.0,0.03409090909,0.01136363636
1,1,0.9444444444,0.2941176471,0.568627451,0.01960784314,0.01960784314,0.0,0.0,0.0,0.09803921569,0.0
1,1,0.9160305344,0.4444444444,0.4603174603,0.01587301587,0.0,0.0,0.0,0.0,0.07936507937,0.0
1,1,0.9230769231,0.2708333333,0.6458333333,0.0,0.0,0.0,0.0,0.0,0.08333333333,0.0
1,1,0.9245283019,0.347826087,0.5869565217,0.0,0.02173913043,0.0,0.0,0.0,0.04347826087,0.0
1,1,0.9245283019,0.3076923077,0.5384615385,0.0,0.01923076923,0.0,0.0,0.0,0.1346153846,0.0
1,1,0.9444444444,0.3269230769,0.5192307692,0.0,0.01923076923,0.01923076923,0.0,0.0,0.09615384615,0.01923076923
1,1,0.9147286822,0.447761194,0.4925373134,0.0,0.0,0.0,0.0,0.0,0.0447761194,0.01492537313
1,1,0.9147286822,0.4594594595,0.4459459459,0.0,0.01351351351,0.0,0.0,0.0,0.08108108108,0.0
1,1,0.9142857143,0.3888888889,0.4814814815,0.01851851852,0.03703703704,0.0,0.0,0.0,0.07407407407,0.0
1,1,0.8805970149,0.5342465753,0.4657534247,0.0,0.0,0.0,0.0,0.0,0.0,0.0
1,1,0.9345794393,0.3454545455,0.5090909091,0.0,0.01818181818,0.0,0.0,0.0,0.1272727273,0.0
1,1,0.9245283019,0.3454545455,0.5090909091,0.01818181818,0.01818181818,0.0,0.0,0.0,0.1090909091,0.0
1,1,0.9230769231,0.3728813559,0.4915254237,0.01694915254,0.01694915254,0.0,0.0,0.0,0.08474576271,0.01694915254
1,1,0.9147286822,0.4153846154,0.4461538462,0.03076923077,0.0,0.0,0.0,0.0,0.07692307692,0.03076923077
1,1,0.90625,0.4615384615,0.4923076923,0.01538461538,0.0,0.0,0.0,0.0,0.03076923077,0.0
1,1,0.9206349206,0.4054054054,0.5405405405,0.0,0.0,0.0,0.0,0.0,0.05405405405,0.0
1,1,0.8349514563,0.4081632653,0.5102040816,0.02040816327,0.0,0.0,0.0,0.0,0.04081632653,0.02040816327
1,1,0.9133858268,0.4202898551,0.5362318841,0.0,0.0,0.01449275362,0.0,0.0,0.02898550725,0.0
1,1,0.9230769231,0.3846153846,0.5,0.0,0.01923076923,0.0,0.0,0.0,0.09615384615,0.0
1,1,0.9142857143,0.3653846154,0.5192307692,0.01923076923,0.01923076923,0.0,0.0,0.0,0.07692307692,0.0
1,1,0.8636363636,0.421875,0.328125,0.0,0.0,0.0,0.0,0.25,0.0,0.0
1,1,0.90625,0.3793103448,0.5172413793,0.0,0.0,0.0,0.0,0.0,0.1034482759,0.0
1,1,0.9436619718,0.4366197183,0.4647887324,0.01408450704,0.01408450704,0.0,0.0,0.0,0.07042253521,0.0
1,1,0.8695652174,0.4098360656,0.4262295082,0.0,0.0,0.03278688525,0.0,0.0,0.131147541,0.0
1,1,0.9245283019,0.3137254902,0.5490196078,0.01960784314,0.01960784314,0.0,0.0,0.0,0.09803921569,0.0
1,1,0.9142857143,0.3333333333,0.5238095238,0.03174603175,0.0,0.0,0.0,0.0,0.1111111111,0.0
1,1,0.9719626168,0.3768115942,0.5507246377,0.0,0.0,0.0,0.0,0.0,0.07246376812,0.0
1,1,0.921875,0.4262295082,0.4918032787,0.01639344262,0.0,0.0,0.0,0.0,0.06557377049,0.0
1,1,0.86,0.4117647059,0.3529411765,0.0,0.01960784314,0.03921568627,0.0,0.0,0.1764705882,0.0
1,1,0.9185185185,0.4927536232,0.4782608696,0.0,0.01449275362,0.0,0.0,0.0,0.01449275362,0.0
1,1,0.90625,0.4520547945,0.4931506849,0.0,0.0,0.0,0.0,0.0,0.05479452055,0.0
1,1,0.9285714286,0.5217391304,0.2608695652,0.0,0.0,0.1739130435,0.0,0.0,0.04347826087,0.0
1,1,0.90625,0.4714285714,0.4428571429,0.01428571429,0.0,0.0,0.0,0.0,0.04285714286,0.02857142857
1,1,0.9444444444,0.36,0.56,0.0,0.02,0.0,0.0,0.0,0.04,0.02
1,1,0.9345794393,0.3773584906,0.5094339623,0.0,0.01886792453,0.0,0.0,0.0,0.09433962264,0.0
1,1,0.9312977099,0.380952381,0.5555555556,0.0,0.0,0.0,0.0,0.0,0.06349206349,0.0
1,1,0.9275362319,0.4805194805,0.3636363636,0.0,0.01298701299,0.0,0.0,0.0,0.1428571429,0.0
1,1,0.9541284404,0.3559322034,0.5254237288,0.01694915254,0.01694915254,0.0,0.0,0.0,0.08474576271,0.0
1,1,0.9133858268,0.4328358209,0.4179104478,0.01492537313,0.0,0.0,0.0,0.0,0.1044776119,0.02985074627
1,1,0.90625,0.375,0.5138888889,0.01388888889,0.0,0.0,0.0,0.0,0.09722222222,0.0
1,1,0.9047619048,0.4426229508,0.5081967213,0.0,0.0,0.0,0.0,0.0,0.04918032787,0.0
1,1,0.9142857143,0.3617021277,0.5319148936,0.0,0.02127659574,0.0,0.0,0.0,0.08510638298,0.0
1,1,0.9312977099,0.2359550562,0.4831460674,0.1011235955,0.01123595506,0.0,0.0,0.0,0.05617977528,0.1123595506
1,1,0.8970588235,0.5,0.5,0.0,0.0,0.0,0.0,0.0,0.0,0.0
1,1,0.932038835,0.3970588235,0.4852941176,0.02941176471,0.01470588235,0.0,0.0,0.0,0.05882352941,0.01470588235
1,1,0.9037037037,0.5,0.4268292683,0.0,0.01219512195,0.0,0.0,0.0,0.0487804878,0.01219512195
1,1,0.9245283019,0.36,0.5,0.0,0.02,0.0,0.0,0.0,0.12,0.0
1,1,0.9230769231,0.3137254902,0.5490196078,0.0,0.01960784314,0.0,0.0,0.0,0.1176470588,0.0
1,1,0.9345794393,0.4137931034,0.4655172414,0.01724137931,0.03448275862,0.0,0.0,0.0,0.06896551724,0.0
1,1,0.9345794393,0.3333333333,0.6,0.01666666667,0.01666666667,0.0,0.0,0.0,0.03333333333,0.0
1,1,0.9147286822,0.5,0.4404761905,0.0,0.0,0.0,0.0,0.0,0.04761904762,0.0119047619
1,1,0.9365079365,0.4415584416,0.5324675325,0.0,0.0,0.0,0.0,0.0,0.02597402597,0.0
1,1,0.9126213592,0.4464285714,0.4464285714,0.0,0.01785714286,0.0,0.0,0.0,0.07142857143,0.01785714286
1,1,0.8976377953,0.4677419355,0.4838709677,0.0,0.01612903226,0.0,0.0,0.0,0.03225806452,0.0
1,1,0.8970588235,0.56,0.44,0.0,0.0,0.0,0.0,0.0,0.0,0.0
1,1,0.9245283019,0.3469387755,0.5510204082,0.0,0.0,0.0,0.0,0.02040816327,0.08163265306,0.0
1,1,0.9142857143,0.4210526316,0.4736842105,0.01754385965,0.01754385965,0.0,0.0,0.0,0.0701754386,0.0
1,1,0.9375,0.4444444444,0.4722222222,0.0,0.0,0.0,0.0,0.0,0.06944444444,0.01388888889
1,1,0.9147286822,0.4615384615,0.4923076923,0.0,0.0,0.01538461538,0.0,0.0,0.03076923077,0.0
1,1,0.9245283019,0.3725490196,0.5294117647,0.0,0.01960784314,0.0,0.0,0.0,0.07843137255,0.0
1,1,0.9433962264,0.3859649123,0.4912280702,0.01754385965,0.01754385965,0.0,0.0,0.0,0.08771929825,0.0
1,1,0.935483871,0.4776119403,0.4626865672,0.0,0.02985074627,0.0,0.0,0.0,0.02985074627,0.0
1,1,0.9444444444,0.3529411765,0.5490196078,0.0,0.01960784314,0.0,0.0,0.0,0.07843137255,0.0
1,1,0.9245283019,0.375,0.5,0.0,0.01785714286,0.0,0.0,0.0,0.1071428571,0.0
1,1,0.9038461538,0.3255813953,0.5581395349,0.0,0.02325581395,0.0,0.0,0.0,0.09302325581,0.0
1,1,0.9051094891,0.5333333333,0.4666666667,0.0,0.0,0.0,0.0,0.0,0.0,0.0
1,1,0.9126213592,0.3404255319,0.5531914894,0.0,0.02127659574,0.0,0.0,0.0,0.08510638298,0.0
1,1,0.9245283019,0.3833333333,0.5666666667,0.0,0.0,0.01666666667,0.0,0.0,0.03333333333,0.0
1,1,0.9230769231,0.320754717,0.5283018868,0.0,0.01886792453,0.0,0.0,0.0,0.1320754717,0.0
1,1,0.9444444444,0.3396226415,0.5471698113,0.0,0.01886792453,0.0,0.0,0.0,0.09433962264,0.0
1,1,0.9133858268,0.4761904762,0.4761904762,0.0,0.0,0.0,0.0,0.0,0.04761904762,0.0
1,1,0.9245283019,0.3043478261,0.5869565217,0.0,0.02173913043,0.0,0.0,0.0,0.08695652174,0.0
1,1,0.8484848485,0.4259259259,0.3888888889,0.0,0.0,0.03703703704,0.0,0.0,0.1481481481,0.0
1,1,0.8976377953,0.4722222222,0.5138888889,0.0,0.01388888889,0.0,0.0,0.0,0.0,0.0
1,1,0.9345794393,0.4576271186,0.4745762712,0.0,0.01694915254,0.0,0.0,0.0,0.03389830508,0.01694915254
1,1,0.9375,0.472972973,0.4459459459,0.0,0.0,0.0,0.0,0.0,0.06756756757,0.01351351351
1,1,0.8709677419,0.3818181818,0.3454545455,0.0,0.0,0.0,0.0,0.2545454545,0.01818181818,0.0
1,1,0.90625,0.5076923077,0.4153846154,0.03076923077,0.0,0.0,0.0,0.0,0.04615384615,0.0
1,1,0.9375,0.425,0.5125,0.0,0.0,0.0,0.0,0.0,0.0625,0.0
1,1,0.9147286822,0.4109589041,0.5205479452,0.0,0.0,0.01369863014,0.0,0.0,0.05479452055,0.0
1,1,0.9147286822,0.4,0.5333333333,0.0,0.0,0.0,0.0,0.0,0.06666666667,0.0
1,1,0.9523809524,0.2641509434,0.6226415094,0.0,0.01886792453,0.0,0.0,0.0,0.09433962264,0.0
1,1,0.9444444444,0.3272727273,0.5454545455,0.0,0.01818181818,0.0,0.0,0.0,0.1090909091,0.0
1,1,0.9312977099,0.5074626866,0.4776119403,0.0,0.0,0.0,0.0,0.0,0.01492537313,0.0
1,1,0.9230769231,0.4810126582,0.4430379747,0.0,0.0,0.0,0.0,0.0,0.07594936709,0.0
1,1,0.9133858268,0.4366197183,0.5211267606,0.0,0.01408450704,0.0,0.0,0.0,0.02816901408,0.0
1,1,0.9038461538,0.4081632653,0.5102040816,0.0,0.04081632653,0.0,0.0,0.0,0.04081632653,0.0
1,1,0.8970588235,0.5072463768,0.4927536232,0.0,0.0,0.0,0.0,0.0,0.0,0.0
1,1,0.9312977099,0.4776119403,0.4776119403,0.0,0.0,0.0,0.0,0.0,0.0447761194,0.0
1,1,0.9142857143,0.3913043478,0.5,0.0,0.0,0.0,0.0,0.02173913043,0.08695652174,0.0
1,1,0.9038461538,0.4237288136,0.4576271186,0.0,0.01694915254,0.0,0.0,0.0,0.08474576271,0.01694915254
1,1,0.9142857143,0.406779661,0.4406779661,0.0,0.01694915254,0.0,0.0,0.0,0.1016949153,0.03389830508
1,1,0.9230769231,0.4923076923,0.4307692308,0.01538461538,0.0,0.0,0.0,0.0,0.06153846154,0.0
1,1,0.9423076923,0.3278688525,0.5901639344,0.0,0.0,0.0,0.0,0.0,0.08196721311,0.0
1,1,0.9133858268,0.4745762712,0.4915254237,0.0,0.0,0.0,0.0,0.0,0.03389830508,0.0
1,1,0.9142857143,0.3653846154,0.5192307692,0.0,0.01923076923,0.0,0.0,0.0,0.09615384615,0.0
1,1,0.9411764706,0.3728813559,0.4915254237,0.0,0.0,0.0,0.0,0.0,0.1186440678,0.01694915254
1,1,0.9245283019,0.3870967742,0.4677419355,0.03225806452,0.01612903226,0.0,0.0,0.0,0.08064516129,0.01612903226
1,1,0.8702290076,0.4615384615,0.5384615385,0.0,0.0,0.0,0.0,0.0,0.0,0.0
1,1,0.9038461538,0.2666666667,0.6,0.02222222222,0.02222222222,0.0,0.0,0.0,0.08888888889,0.0
1,1,0.9142857143,0.4285714286,0.4464285714,0.01785714286,0.01785714286,0.01785714286,0.0,0.0,0.05357142857,0.01785714286
1,1,0.9345794393,0.3653846154,0.5192307692,0.0,0.01923076923,0.0,0.0,0.0,0.09615384615,0.0
1,1,0.9345794393,0.4716981132,0.4528301887,0.0,0.01886792453,0.0,0.0,0.0,0.05660377358,0.0
1,1,0.9333333333,0.3725490196,0.5098039216,0.0,0.01960784314,0.0,0.0,0.0,0.09803921569,0.0
1,1,0.8888888889,0.4090909091,0.4393939394,0.01515151515,0.0,0.0,0.0,0.0,0.1212121212,0.01515151515
1,1,0.9230769231,0.393442623,0.5573770492,0.0,0.0,0.0,0.0,0.0,0.04918032787,0.0
1,1,0.9230769231,0.3888888889,0.5138888889,0.0,0.01388888889,0.0,0.0,0.0,0.08333333333,0.0
1,1,0.9038461538,0.3191489362,0.5531914894,0.0,0.02127659574,0.0,0.0,0.0,0.1063829787,0.0
1,1,0.9541284404,0.3898305085,0.4915254237,0.01694915254,0.01694915254,0.0,0.0,0.0,0.08474576271,0.0
1,1,0.8549618321,0.4754098361,0.3770491803,0.0,0.0,0.01639344262,0.0,0.1147540984,0.01639344262,0.0
1,1,0.8955223881,0.5,0.4242424242,0.0,0.0303030303,0.0,0.0,0.0,0.04545454545,0.0
1,1,0.9038461538,0.3921568627,0.5098039216,0.0,0.01960784314,0.0,0.0,0.0,0.07843137255,0.0
1,1,0.9147286822,0.4237288136,0.4745762712,0.0,0.0,0.0,0.0,0.0,0.1016949153,0.0
1,1,0.9444444444,0.4558823529,0.4117647059,0.02941176471,0.01470588235,0.0,0.0,0.0,0.07352941176,0.01470588235
1,1,0.9142857143,0.4590163934,0.4262295082,0.0,0.01639344262,0.0,0.0,0.0,0.06557377049,0.03278688525
1,1,0.9245283019,0.3928571429,0.5,0.01785714286,0.01785714286,0.0,0.0,0.0,0.07142857143,0.0
1,1,0.9047619048,0.4262295082,0.4590163934,0.01639344262,0.0,0.0,0.0,0.0,0.09836065574,0.0
1,1,0.9333333333,0.375,0.5,0.0,0.01785714286,0.0,0.0,0.0,0.08928571429,0.01785714286
1,1,0.9245283019,0.4603174603,0.4285714286,0.0,0.01587301587,0.0,0.0,0.0,0.06349206349,0.03174603175
1,1,0.9541284404,0.3529411765,0.568627451,0.0,0.01960784314,0.0,0.0,0.0,0.05882352941,0.0
1,1,0.896,0.4655172414,0.2931034483,0.0,0.0,0.1896551724,0.0,0.0,0.05172413793,0.0
1,1,0.9444444444,0.3636363636,0.5090909091,0.0,0.01818181818,0.0,0.0,0.0,0.1090909091,0.0
1,1,0.8571428571,0.3636363636,0.4772727273,0.0,0.0,0.04545454545,0.0,0.0,0.1136363636,0.0
1,1,0.9245283019,0.3,0.58,0.0,0.02,0.0,0.0,0.0,0.1,0.0
1,1,0.912,0.4920634921,0.4444444444,0.0,0.0,0.0,0.0,0.0,0.06349206349,0.0
1,1,0.9142857143,0.4210526316,0.4736842105,0.01754385965,0.01754385965,0.0,0.0,0.0,0.0701754386,0.0
1,1,0.9541284404,0.3684210526,0.5263157895,0.0,0.01754385965,0.0,0.0,0.0,0.0701754386,0.01754385965
1,1,0.9245283019,0.2950819672,0.5901639344,0.0,0.0,0.0,0.0,0.0,0.1147540984,0.0
1,1,0.8976377953,0.4246575342,0.5342465753,0.0,0.0,0.0,0.0,0.0,0.04109589041,0.0
1,1,0.9433962264,0.2857142857,0.5918367347,0.0,0.02040816327,0.0,0.0,0.0,0.1020408163,0.0
1,1,0.9541284404,0.2786885246,0.5901639344,0.0,0.01639344262,0.01639344262,0.0,0.0,0.09836065574,0.0
1,1,0.9064748201,0.5135135135,0.4864864865,0.0,0.0,0.0,0.0,0.0,0.0,0.0
1,1,0.9142857143,0.4262295082,0.4590163934,0.0,0.01639344262,0.0,0.0,0.0,0.08196721311,0.01639344262
1,1,0.9312977099,0.3898305085,0.5593220339,0.0,0.0,0.0,0.0,0.0,0.05084745763,0.0
1,1,0.9038461538,0.406779661,0.4745762712,0.0,0.01694915254,0.0,0.0,0.0,0.08474576271,0.01694915254
1,1,0.9142857143,0.4285714286,0.4464285714,0.0,0.01785714286,0.0,0.0,0.0,0.1071428571,0.0
1,1,0.9298245614,0.3965517241,0.4310344828,0.0,0.0,0.01724137931,0.0,0.0,0.1551724138,0.0
1,1,0.8823529412,0.3272727273,0.4181818182,0.0,0.01818181818,0.0,0.0,0.0,0.1818181818,0.05454545455
1,1,0.9142857143,0.3548387097,0.5161290323,0.0,0.0,0.0,0.0,0.0,0.09677419355,0.03225806452
1,1,0.9038461538,0.3103448276,0.5689655172,0.01724137931,0.0,0.0,0.0,0.0,0.1034482759,0.0
1,1,0.8932038835,0.3617021277,0.5106382979,0.0,0.02127659574,0.0,0.0,0.0,0.1063829787,0.0
1,1,0.9345794393,0.3333333333,0.5185185185,0.0,0.01851851852,0.0,0.0,0.0,0.1296296296,0.0
1,1,0.9130434783,0.5324675325,0.4675324675,0.0,0.0,0.0,0.0,0.0,0.0,0.0
1,1,0.9038461538,0.3673469388,0.5102040816,0.0,0.02040816327,0.0,0.0,0.0,0.1020408163,0.0
1,1,0.9291338583,0.4,0.55,0.0,0.0,0.0,0.0,0.0,0.03333333333,0.01666666667
1,1,0.9375,0.3815789474,0.5263157895,0.0,0.0,0.0,0.0,0.0,0.09210526316,0.0
1,1,0.9245283019,0.3898305085,0.4745762712,0.03389830508,0.01694915254,0.0,0.0,0.0,0.06779661017,0.01694915254
1,1,0.9245283019,0.3673469388,0.5306122449,0.0,0.02040816327,0.0,0.0,0.0,0.08163265306,0.0
1,1,0.9444444444,0.358490566,0.5283018868,0.0,0.01886792453,0.0,0.0,0.0,0.09433962264,0.0
1,1,0.9291338583,0.4324324324,0.5,0.0,0.0,0.0,0.0,0.0,0.06756756757,0.0
1,1,0.9126213592,0.380952381,0.4444444444,0.0,0.03174603175,0.0,0.0,0.0,0.1428571429,0.0
1,1,0.90625,0.3880597015,0.5074626866,0.01492537313,0.0,0.0,0.0,0.0,0.05970149254,0.02985074627
1,1,0.9352517986,0.4366197183,0.4084507042,0.0,0.01408450704,0.0,0.0,0.0,0.0985915493,0.04225352113
1,1,0.9185185185,0.25,0.4673913043,0.1195652174,0.01086956522,0.0,0.0,0.0,0.05434782609,0.09782608696
1,1,0.8702290076,0.4927536232,0.5072463768,0.0,0.0,0.0,0.0,0.0,0.0,0.0
1,1,0.9219858156,0.472972973,0.472972973,0.0,0.01351351351,0.0,0.0,0.0,0.04054054054,0.0
1,1,0.6923076923,0.4516129032,0.5483870968,0.0,0.0,0.0,0.0,0.0,0.0,0.0
1,1,0.9047619048,0.4923076923,0.4769230769,0.0,0.0,0.0,0.0,0.0,0.03076923077,0.0
1,1,0.9142857143,0.3076923077,0.5384615385,0.0,0.01923076923,0.0,0.0,0.0,0.1346153846,0.0
1,1,0.9436619718,0.5416666667,0.3888888889,0.0,0.01388888889,0.0,0.0,0.0,0.05555555556,0.0
1,1,0.9245283019,0.3148148148,0.5,0.0,0.01851851852,0.0,0.0,0.0,0.1111111111,0.05555555556
1,1,0.9019607843,0.3,0.52,0.0,0.02,0.0,0.0,0.0,0.12,0.04
1,1,0.9444444444,0.375,0.5178571429,0.0,0.01785714286,0.0,0.0,0.0,0.07142857143,0.01785714286
1,1,0.9126213592,0.4285714286,0.4821428571,0.0,0.01785714286,0.0,0.0,0.0,0.07142857143,0.0
1,1,0.9038461538,0.3137254902,0.5294117647,0.0,0.01960784314,0.0,0.0,0.0,0.137254902,0.0
1,1,0.8888888889,0.5352112676,0.4647887324,0.0,0.0,0.0,0.0,0.0,0.0,0.0
1,1,0.9172932331,0.3898305085,0.5423728814,0.0,0.0,0.0,0.0,0.0,0.06779661017,0.0
1,1,0.9312977099,0.3939393939,0.5,0.01515151515,0.0,0.0,0.0,0.0,0.09090909091,0.0
1,1,0.9245283019,0.358490566,0.5094339623,0.0,0.01886792453,0.0,0.0,0.0,0.1132075472,0.0
1,1,0.9147286822,0.4736842105,0.4912280702,0.0,0.0,0.0,0.0,0.0,0.0350877193,0.0
1,1,0.9142857143,0.3404255319,0.5531914894,0.0,0.02127659574,0.0,0.0,0.0,0.08510638298,0.0
1,1,0.9312977099,0.4533333333,0.52,0.0,0.0,0.01333333333,0.0,0.0,0.01333333333,0.0
1,1,0.9245283019,0.4150943396,0.5283018868,0.0,0.01886792453,0.0,0.0,0.0,0.03773584906,0.0
1,1,0.9444444444,0.3636363636,0.5272727273,0.0,0.01818181818,0.0,0.0,0.0,0.09090909091,0.0
1,1,0.9245283019,0.4603174603,0.4285714286,0.0,0.01587301587,0.0,0.0,0.0,0.06349206349,0.03174603175
1,1,0.9142857143,0.4166666667,0.45,0.0,0.01666666667,0.0,0.0,0.0,0.1166666667,0.0
1,1,0.8527131783,0.4603174603,0.5396825397,0.0,0.0,0.0,0.0,0.0,0.0,0.0
1,1,0.9345794393,0.4716981132,0.4528301887,0.0,0.01886792453,0.0,0.0,0.0,0.05660377358,0.0
1,1,0.921875,0.4615384615,0.4923076923,0.0,0.0,0.0,0.0,0.0,0.04615384615,0.0
1,1,0.9275362319,0.4861111111,0.4305555556,0.0,0.01388888889,0.0,0.0,0.0,0.06944444444,0.0
1,1,0.9345794393,0.3541666667,0.5416666667,0.0,0.02083333333,0.0,0.0,0.0,0.08333333333,0.0
1,1,0.9142857143,0.3409090909,0.5227272727,0.0,0.02272727273,0.0,0.0,0.0,0.1136363636,0.0
1,1,0.8932038835,0.2954545455,0.6363636364,0.0,0.0,0.0,0.0,0.0,0.06818181818,0.0
1,1,0.9444444444,0.2884615385,0.5961538462,0.0,0.01923076923,0.0,0.0,0.0,0.09615384615,0.0
1,1,0.8888888889,0.4444444444,0.5277777778,0.0,0.0,0.0,0.0,0.0,0.02777777778,0.0
1,1,0.9444444444,0.3076923077,0.5576923077,0.0,0.01923076923,0.0,0.0,0.0,0.1153846154,0.0
1,1,0.9038461538,0.3461538462,0.5,0.0,0.01923076923,0.0,0.0,0.0,0.1346153846,0.0
1,1,0.8721804511,0.5571428571,0.4428571429,0.0,0.0,0.0,0.0,0.0,0.0,0.0
1,1,0.9,0.3260869565,0.4347826087,0.0,0.02173913043,0.0,0.0,0.0,0.2173913043,0.0
1,1,0.9245283019,0.3653846154,0.5192307692,0.03846153846,0.01923076923,0.0,0.0,0.0,0.05769230769,0.0
1,1,0.9160305344,0.4305555556,0.375,0.02777777778,0.0,0.0,0.0,0.0,0.1666666667,0.0
1,1,0.9142857143,0.48,0.44,0.0,0.02,0.0,0.0,0.0,0.06,0.0
1,1,0.9126213592,0.3541666667,0.5416666667,0.0,0.02083333333,0.0,0.0,0.0,0.08333333333,0.0
1,1,0.9245283019,0.3703703704,0.5185185185,0.0,0.01851851852,0.0,0.0,0.0,0.09259259259,0.0
1,1,0.921875,0.4264705882,0.5441176471,0.0,0.0,0.0,0.0,0.0,0.02941176471,0.0
1,1,0.8852459016,0.4821428571,0.4642857143,0.0,0.0,0.0,0.0,0.0,0.05357142857,0.0
1,1,0.90625,0.3880597015,0.3880597015,0.01492537313,0.0,0.0,0.0,0.0,0.1641791045,0.0447761194
1,1,0.9312977099,0.4393939394,0.4848484848,0.0,0.0,0.0,0.0,0.0,0.07575757576,0.0
1,1,0.8985507246,0.5479452055,0.4520547945,0.0,0.0,0.0,0.0,0.0,0.0,0.0
1,1,0.9302325581,0.4098360656,0.5081967213,0.0,0.0,0.0,0.0,0.0,0.08196721311,0.0
1,1,0.9142857143,0.380952381,0.4444444444,0.0,0.03174603175,0.0,0.0,0.0,0.1428571429,0.0
1,1,0.9147286822,0.4776119403,0.4626865672,0.0,0.0,0.0,0.0,0.0,0.05970149254,0.0
1,1,0.9142857143,0.375,0.5833333333,0.0,0.0,0.0,0.0,0.0,0.04166666667,0.0
1,1,0.9345794393,0.4461538462,0.4461538462,0.0,0.01538461538,0.0,0.0,0.0,0.07692307692,0.01538461538
1,1,0.9444444444,0.3684210526,0.5087719298,0.0,0.01754385965,0.0,0.0,0.0,0.1052631579,0.0
1,1,0.9312977099,0.4029850746,0.5074626866,0.0,0.0,0.0,0.0,0.0,0.08955223881,0.0
1,1,0.9245283019,0.4285714286,0.4821428571,0.0,0.01785714286,0.0,0.0,0.0,0.07142857143,0.0
1,1,0.9142857143,0.3928571429,0.4642857143,0.0,0.01785714286,0.0,0.0,0.0,0.125,0.0
1,1,0.9444444444,0.3620689655,0.5344827586,0.01724137931,0.01724137931,0.0,0.0,0.0,0.06896551724,0.0
1,1,0.8188976378,0.5,0.5,0.0,0.0,0.0,0.0,0.0,0.0,0.0
1,1,0.9245283019,0.406779661,0.4406779661,0.03389830508,0.01694915254,0.03389830508,0.0,0.0,0.05084745763,0.01694915254
1,1,0.9245283019,0.358490566,0.5094339623,0.0,0.01886792453,0.0,0.0,0.0,0.1132075472,0.0
1,1,0.9147286822,0.3898305085,0.5593220339,0.0,0.0,0.0,0.0,0.0,0.05084745763,0.0
1,1,0.9245283019,0.3818181818,0.4909090909,0.01818181818,0.01818181818,0.0,0.0,0.0,0.09090909091,0.0
1,1,0.9047619048,0.5303030303,0.4242424242,0.0,0.0303030303,0.0,0.0,0.0,0.01515151515,0.0
1,1,0.9142857143,0.3695652174,0.5652173913,0.0,0.0,0.0,0.0,0.0,0.0652173913,0.0
1,1,0.9038461538,0.3829787234,0.5106382979,0.0,0.02127659574,0.0,0.0,0.0,0.06382978723,0.02127659574
1,1,0.8932038835,0.4230769231,0.5,0.0,0.01923076923,0.0,0.0,0.0,0.05769230769,0.0
1,1,0.9219858156,0.5526315789,0.3684210526,0.0,0.01315789474,0.0,0.0,0.0,0.06578947368,0.0
1,1,0.9245283019,0.2666666667,0.6,0.02222222222,0.02222222222,0.0,0.0,0.0,0.08888888889,0.0
1,1,0.8702290076,0.4615384615,0.5384615385,0.0,0.0,0.0,0.0,0.0,0.0,0.0
1,1,0.9142857143,0.3333333333,0.5294117647,0.0,0.01960784314,0.0,0.0,0.0,0.1176470588,0.0
1,1,0.921875,0.406779661,0.5254237288,0.0,0.0,0.0,0.0,0.0,0.06779661017,0.0
1,1,0.9444444444,0.4727272727,0.4545454545,0.0,0.01818181818,0.0,0.0,0.0,0.05454545455,0.0
1,1,0.9444444444,0.3921568627,0.5294117647,0.0,0.01960784314,0.0,0.0,0.0,0.03921568627,0.01960784314
1,1,0.9142857143,0.4262295082,0.4590163934,0.0,0.01639344262,0.0,0.0,0.0,0.08196721311,0.01639344262
1,1,0.9047619048,0.3636363636,0.5454545455,0.0,0.0,0.0,0.0,0.0,0.09090909091,0.0
1,1,0.9142857143,0.3050847458,0.5762711864,0.0,0.01694915254,0.0,0.0,0.0,0.1016949153,0.0
1,1,0.9230769231,0.472972973,0.4054054054,0.01351351351,0.0,0.0,0.0,0.0,0.1081081081,0.0
1,1,0.9047619048,0.3703703704,0.5740740741,0.0,0.0,0.0,0.0,0.0,0.05555555556,0.0
1,1,0.9126213592,0.34,0.54,0.0,0.02,0.0,0.0,0.0,0.1,0.0
1,1,0.8805970149,0.4927536232,0.5072463768,0.0,0.0,0.0,0.0,0.0,0.0,0.0
1,1,0.9444444444,0.3898305085,0.4915254237,0.01694915254,0.01694915254,0.0,0.0,0.0,0.08474576271,0.0
1,1,0.86,0.3333333333,0.3333333333,0.0,0.0,0.09803921569,0.0,0.0,0.2352941176,0.0
1,1,0.9230769231,0.4482758621,0.4655172414,0.0,0.01724137931,0.0,0.0,0.0,0.05172413793,0.01724137931
1,1,0.9345794393,0.4385964912,0.4912280702,0.0,0.01754385965,0.0,0.0,0.0,0.05263157895,0.0
1,1,0.9541284404,0.3928571429,0.5357142857,0.0,0.01785714286,0.0,0.0,0.0,0.05357142857,0.0
1,1,0.9245283019,0.2857142857,0.5918367347,0.0,0.02040816327,0.0,0.0,0.0,0.1020408163,0.0
1,1,0.9047619048,0.44,0.4666666667,0.01333333333,0.0,0.0,0.0,0.0,0.08,0.0
1,1,0.9038461538,0.3666666667,0.5833333333,0.0,0.0,0.0,0.0,0.0,0.05,0.0
1,1,0.9245283019,0.4181818182,0.5090909091,0.0,0.0,0.0,0.0,0.0,0.07272727273,0.0
1,1,0.9142857143,0.3773584906,0.5094339623,0.0,0.01886792453,0.0,0.0,0.0,0.07547169811,0.01886792453
1,1,0.9051094891,0.527027027,0.472972973,0.0,0.0,0.0,0.0,0.0,0.0,0.0
1,1,0.9126213592,0.3529411765,0.5294117647,0.0,0.01960784314,0.0,0.0,0.0,0.09803921569,0.0
1,1,0.9444444444,0.3898305085,0.4915254237,0.01694915254,0.01694915254,0.0,0.0,0.0,0.08474576271,0.0
1,1,0.9230769231,0.4935064935,0.4155844156,0.0,0.01298701299,0.0,0.0,0.0,0.07792207792,0.0
1,1,0.9245283019,0.36,0.54,0.0,0.02,0.0,0.0,0.0,0.06,0.02
1,1,0.90625,0.4393939394,0.4090909091,0.0,0.0,0.0,0.0,0.0,0.1212121212,0.0303030303
1,1,0.9193548387,0.397260274,0.5205479452,0.0,0.0,0.0,0.0,0.0,0.08219178082,0.0
1,1,0.9230769231,0.306122449,0.5714285714,0.0,0.02040816327,0.0,0.0,0.0,0.1020408163,0.0
1,1,0.8939393939,0.4615384615,0.4153846154,0.0,0.01538461538,0.0,0.0,0.0,0.09230769231,0.01538461538
1,1,0.8888888889,0.4166666667,0.5166666667,0.01666666667,0.0,0.0,0.0,0.0,0.05,0.0
1,1,0.921875,0.3684210526,0.5789473684,0.0,0.0,0.0,0.0,0.0,0.05263157895,0.0
1,1,0.9016393443,0.4642857143,0.2857142857,0.0,0.0,0.1964285714,0.0,0.0,0.05357142857,0.0
1,1,0.90625,0.4848484848,0.3939393939,0.01515151515,0.0,0.0,0.0,0.0,0.09090909091,0.01515151515
1,1,0.9345794393,0.2931034483,0.6034482759,0.01724137931,0.0,0.0,0.0,0.0,0.08620689655,0.0
1,1,0.9245283019,0.3818181818,0.4545454545,0.0,0.01818181818,0.0,0.0,0.0,0.1090909091,0.03636363636
1,1,0.8429752066,0.4038461538,0.3846153846,0.0,0.0,0.01923076923,0.0,0.0,0.1923076923,0.0
1,1,0.9142857143,0.45,0.4166666667,0.01666666667,0.01666666667,0.01666666667,0.0,0.0,0.06666666667,0.01666666667
1,1,0.90625,0.3857142857,0.5142857143,0.0,0.0,0.0,0.0,0.0,0.1,0.0
1,1,0.9622641509,0.3714285714,0.5428571429,0.0,0.0,0.0,0.0,0.0,0.07142857143,0.01428571429
1,1,0.9133858268,0.4923076923,0.4307692308,0.0,0.03076923077,0.0,0.0,0.0,0.03076923077,0.01538461538
1,1,0.9312977099,0.4102564103,0.5384615385,0.0,0.0,0.01282051282,0.0,0.0,0.02564102564,0.01282051282
1,1,0.9444444444,0.3965517241,0.5,0.0,0.01724137931,0.0,0.0,0.0,0.08620689655,0.0
1,1,0.9172932331,0.1728395062,0.5061728395,0.1604938272,0.01234567901,0.0,0.0,0.0,0.04938271605,0.0987654321
1,1,0.8595041322,0.4426229508,0.5573770492,0.0,0.0,0.0,0.0,0.0,0.0,0.0
1,1,0.9345794393,0.4237288136,0.4745762712,0.01694915254,0.01694915254,0.0,0.0,0.0,0.05084745763,0.01694915254
1,1,0.9375,0.3733333333,0.5333333333,0.0,0.0,0.0,0.0,0.0,0.09333333333,0.0
1,1,0.9142857143,0.2931034483,0.5862068966,0.0,0.01724137931,0.0,0.0,0.0,0.1034482759,0.0
1,1,0.9245283019,0.4181818182,0.5272727273,0.0,0.01818181818,0.0,0.0,0.0,0.03636363636,0.0
1,1,0.9345794393,0.4137931034,0.4655172414,0.01724137931,0.01724137931,0.0,0.0,0.0,0.08620689655,0.0
1,1,0.9719626168,0.375,0.5416666667,0.0,0.0,0.0,0.0,0.0,0.06944444444,0.01388888889
1,1,0.9247311828,0.4,0.48,0.0,0.0,0.0,0.0,0.0,0.12,0.0
1,1,0.9333333333,0.421875,0.53125,0.0,0.0,0.0,0.0,0.0,0.046875,0.0
1,1,0.9345794393,0.3888888889,0.5,0.01851851852,0.01851851852,0.0,0.0,0.0,0.05555555556,0.01851851852
1,1,0.9444444444,0.4482758621,0.4655172414,0.0,0.01724137931,0.0,0.0,0.0,0.06896551724,0.0
1,1,0.9051094891,0.5584415584,0.4415584416,0.0,0.0,0.0,0.0,0.0,0.0,0.0
1,1,0.8932038835,0.3962264151,0.4716981132,0.0,0.01886792453,0.01886792453,0.0,0.0,0.07547169811,0.01886792453
1,1,0.9142857143,0.40625,0.4375,0.0,0.03125,0.0,0.0,0.0,0.125,0.0
1,1,0.896,0.4461538462,0.4153846154,0.01538461538,0.0,0.0,0.0,0.0,0.07692307692,0.04615384615
1,1,0.9245283019,0.35,0.5833333333,0.0,0.0,0.0,0.0,0.0,0.06666666667,0.0
1,1,0.8976377953,0.4615384615,0.4461538462,0.0,0.03076923077,0.0,0.0,0.0,0.06153846154,0.0
1,1,0.9142857143,0.4259259259,0.4814814815,0.0,0.03703703704,0.0,0.0,0.0,0.05555555556,0.0
1,1,0.9444444444,0.3442622951,0.5737704918,0.0,0.01639344262,0.0,0.0,0.0,0.06557377049,0.0
1,1,0.90625,0.4126984127,0.4444444444,0.0,0.01587301587,0.03174603175,0.0,0.0,0.09523809524,0.0
1,1,0.9142857143,0.32,0.56,0.04,0.02,0.0,0.0,0.0,0.06,0.0
1,1,0.9147286822,0.4193548387,0.5483870968,0.0,0.0,0.01612903226,0.0,0.0,0.01612903226,0.0
1,1,0.8805970149,0.5,0.5,0.0,0.0,0.0,0.0,0.0,0.0,0.0
1,1,0.9345794393,0.3965517241,0.4827586207,0.01724137931,0.03448275862,0.0,0.0,0.0,0.06896551724,0.0
1,1,0.9142857143,0.44,0.48,0.0,0.02,0.0,0.0,0.0,0.06,0.0
1,1,0.9142857143,0.3617021277,0.5319148936,0.0,0.02127659574,0.0,0.0,0.0,0.08510638298,0.0
1,1,0.9345794393,0.4038461538,0.5,0.0,0.01923076923,0.0,0.0,0.0,0.07692307692,0.0
1,1,0.9208633094,0.5068493151,0.3835616438,0.0,0.01369863014,0.0,0.0,0.0,0.09589041096,0.0
1,1,0.9345794393,0.306122449,0.6326530612,0.0,0.0,0.0,0.0,0.0,0.0612244898,0.0
1,1,0.9147286822,0.453125,0.5,0.0,0.0,0.0,0.0,0.0,0.03125,0.015625
1,1,0.9444444444,0.4328358209,0.4328358209,0.02985074627,0.01492537313,0.0,0.0,0.0,0.07462686567,0.01492537313
1,1,0.9230769231,0.3518518519,0.5185185185,0.01851851852,0.01851851852,0.0,0.0,0.0,0.09259259259,0.0
1,1,0.9444444444,0.3898305085,0.4915254237,0.01694915254,0.03389830508,0.0,0.0,0.0,0.06779661017,0.0
1,1,0.8955223881,0.5555555556,0.4444444444,0.0,0.0,0.0,0.0,0.0,0.0,0.0
1,1,0.9019607843,0.4107142857,0.4642857143,0.03571428571,0.01785714286,0.0,0.0,0.0,0.07142857143,0.0
1,1,0.912,0.4615384615,0.4743589744,0.01282051282,0.0,0.0,0.0,0.0,0.03846153846,0.01282051282
1,1,0.921875,0.4571428571,0.5142857143,0.0,0.0,0.0,0.0,0.0,0.02857142857,0.0
1,1,0.9105691057,0.4509803922,0.4901960784,0.0,0.0,0.0,0.0,0.0,0.05882352941,0.0
1,1,0.9142857143,0.3559322034,0.4576271186,0.0,0.01694915254,0.0,0.0,0.0,0.1186440678,0.05084745763
1,1,0.9436619718,0.4533333333,0.4266666667,0.02666666667,0.01333333333,0.0,0.0,0.0,0.08,0.0
1,1,0.9352517986,0.4931506849,0.4109589041,0.0,0.01369863014,0.0,0.0,0.0,0.08219178082,0.0
1,1,0.9345794393,0.3137254902,0.568627451,0.0,0.01960784314,0.0,0.0,0.0,0.09803921569,0.0
1,1,0.932038835,0.2653061224,0.5918367347,0.0,0.02040816327,0.0,0.0,0.0,0.1224489796,0.0
1,1,0.9206349206,0.4375,0.5,0.0,0.0,0.0,0.0,0.0,0.0625,0.0
1,1,0.9037037037,0.5540540541,0.4459459459,0.0,0.0,0.0,0.0,0.0,0.0,0.0
1,1,0.8823529412,0.3555555556,0.5111111111,0.0,0.0,0.0,0.0,0.0,0.1333333333,0.0
1,1,0.9393939394,0.3382352941,0.6029411765,0.0,0.0,0.0,0.0,0.0,0.05882352941,0.0
1,1,0.9147286822,0.3606557377,0.5245901639,0.0,0.0,0.0,0.0,0.0,0.1147540984,0.0
1,1,0.9312977099,0.4556962025,0.4936708861,0.0,0.01265822785,0.0,0.0,0.0,0.03797468354,0.0
1,1,0.9142857143,0.4,0.4545454545,0.0,0.01818181818,0.0,0.0,0.0,0.1272727273,0.0
1,1,0.9444444444,0.4363636364,0.4909090909,0.0,0.01818181818,0.0,0.0,0.0,0.05454545455,0.0
1,1,0.9245283019,0.3846153846,0.5576923077,0.0,0.03846153846,0.0,0.0,0.0,0.01923076923,0.0
1,1,0.8367346939,0.462962963,0.3518518519,0.0,0.0,0.03703703704,0.0,0.0,0.1481481481,0.0
1,1,0.8932038835,0.3333333333,0.6296296296,0.0,0.0,0.0,0.0,0.0,0.03703703704,0.0
1,1,0.9345794393,0.3272727273,0.5636363636,0.03636363636,0.01818181818,0.0,0.0,0.0,0.05454545455,0.0
1,1,0.9051094891,0.5584415584,0.4415584416,0.0,0.0,0.0,0.0,0.0,0.0,0.0
1,1,0.9142857143,0.3275862069,0.4482758621,0.0,0.01724137931,0.0,0.0,0.0,0.1896551724,0.01724137931
1,1,0.9444444444,0.306122449,0.612244898,0.0,0.0,0.0,0.0,0.0,0.08163265306,0.0
1,1,0.9142857143,0.298245614,0.6140350877,0.01754385965,0.01754385965,0.0,0.0,0.0,0.05263157895,0.0
1,1,0.9345794393,0.3392857143,0.6071428571,0.0,0.0,0.0,0.0,0.0,0.05357142857,0.0
1,1,0.9444444444,0.2950819672,0.5737704918,0.0,0.01639344262,0.01639344262,0.0,0.0,0.09836065574,0.0
1,1,0.9481481481,0.4125,0.4625,0.0,0.0125,0.0125,0.0,0.0,0.1,0.0
1,1,0.9230769231,0.4393939394,0.4848484848,0.0,0.0,0.0,0.0,0.0,0.07575757576,0.0
1,1,0.9133858268,0.4202898551,0.5507246377,0.0,0.01449275362,0.0,0.0,0.0,0.01449275362,0.0
1,1,0.9142857143,0.3968253968,0.4444444444,0.0,0.03174603175,0.0,0.0,0.0,0.126984127,0.0
1,1,0.8905109489,0.5072463768,0.4202898551,0.0,0.01449275362,0.0,0.0,0.0,0.05797101449,0.0
1,1,0.8780487805,0.4696969697,0.5303030303,0.0,0.0,0.0,0.0,0.0,0.0,0.0
1,1,0.9038461538,0.3392857143,0.6071428571,0.0,0.0,0.0,0.0,0.0,0.05357142857,0.0
1,1,0.9345794393,0.3166666667,0.6,0.0,0.01666666667,0.0,0.0,0.0,0.06666666667,0.0
1,1,0.9245283019,0.380952381,0.4761904762,0.0,0.03174603175,0.0,0.0,0.0,0.1111111111,0.0
1,1,0.8932038835,0.3962264151,0.4150943396,0.01886792453,0.01886792453,0.01886792453,0.0,0.0,0.09433962264,0.03773584906
1,1,0.8910891089,0.3829787234,0.5106382979,0.0,0.02127659574,0.0,0.0,0.0,0.08510638298,0.0
1,1,0.9345794393,0.3965517241,0.4655172414,0.0,0.01724137931,0.01724137931,0.0,0.0,0.08620689655,0.01724137931
1,1,0.9230769231,0.4166666667,0.45,0.0,0.03333333333,0.0,0.0,0.0,0.1,0.0
1,1,0.9345794393,0.3636363636,0.5272727273,0.0,0.01818181818,0.0,0.0,0.0,0.07272727273,0.01818181818
1,1,0.9108910891,0.3461538462,0.4807692308,0.0,0.01923076923,0.0,0.0,0.0,0.1538461538,0.0
1,1,0.9345794393,0.3833333333,0.5,0.0,0.01666666667,0.0,0.0,0.0,0.08333333333,0.01666666667
1,1,0.8636363636,0.46875,0.53125,0.0,0.0,0.0,0.0,0.0,0.0,0.0
1,1,0.9312977099,0.4133333333,0.48,0.01333333333,0.0,0.0,0.0,0.0,0.09333333333,0.0
1,1,0.9230769231,0.2962962963,0.6481481481,0.0,0.0,0.0,0.0,0.0,0.05555555556,0.0
1,1,0.9345794393,0.3272727273,0.5454545455,0.0,0.03636363636,0.0,0.0,0.0,0.09090909091,0.0
1,1,0.9142857143,0.4285714286,0.4464285714,0.01785714286,0.01785714286,0.01785714286,0.0,0.0,0.05357142857,0.01785714286
1,1,0.9345794393,0.3857142857,0.5142857143,0.0,0.01428571429,0.0,0.0,0.0,0.07142857143,0.01428571429
1,1,0.8910891089,0.4339622642,0.4716981132,0.0,0.01886792453,0.0,0.0,0.0,0.07547169811,0.0
1,1,0.9245283019,0.4464285714,0.4642857143,0.0,0.01785714286,0.0,0.0,0.0,0.07142857143,0.0
1,1,0.890625,0.4605263158,0.5,0.0,0.0,0.0,0.0,0.0,0.03947368421,0.0
1,1,0.9433962264,0.406779661,0.4576271186,0.05084745763,0.01694915254,0.0,0.0,0.0,0.05084745763,0.01694915254
1,1,0.9444444444,0.3125,0.5833333333,0.0,0.02083333333,0.0,0.0,0.0,0.08333333333,0.0
1,1,0.9193548387,0.4482758621,0.3103448276,0.0,0.0,0.1896551724,0.0,0.0,0.05172413793,0.0
1,1,0.9245283019,0.3529411765,0.5294117647,0.03921568627,0.01960784314,0.0,0.0,0.0,0.05882352941,0.0
1,1,0.9444444444,0.3833333333,0.4666666667,0.0,0.01666666667,0.0,0.0,0.0,0.1333333333,0.0
1,1,0.9245283019,0.3043478261,0.5869565217,0.0,0.02173913043,0.0,0.0,0.0,0.08695652174,0.0
1,1,0.9245283019,0.3333333333,0.5185185185,0.0,0.01851851852,0.0,0.0,0.0,0.1111111111,0.01851851852
1,1,0.9444444444,0.34375,0.546875,0.0,0.015625,0.0,0.0,0.0,0.09375,0.0
1,1,0.9245283019,0.435483871,0.435483871,0.0,0.01612903226,0.0,0.0,0.0,0.1129032258,0.0
1,1,0.9142857143,0.3870967742,0.5806451613,0.0,0.0,0.0,0.0,0.0,0.03225806452,0.0
1,1,0.9038461538,0.298245614,0.5964912281,0.0,0.01754385965,0.0,0.0,0.0,0.08771929825,0.0
1,1,0.9345794393,0.4137931034,0.4482758621,0.0,0.01724137931,0.0,0.0,0.0,0.1206896552,0.0
1,1,0.9343065693,0.4383561644,0.4657534247,0.0,0.0,0.0,0.0,0.0,0.09589041096,0.0
1,1,0.8970588235,0.5,0.5,0.0,0.0,0.0,0.0,0.0,0.0,0.0
1,1,0.9245283019,0.3454545455,0.5272727273,0.01818181818,0.01818181818,0.0,0.0,0.0,0.09090909091,0.0
1,1,0.9038461538,0.4117647059,0.4901960784,0.01960784314,0.01960784314,0.0,0.0,0.0,0.05882352941,0.0
1,1,0.9108910891,0.3333333333,0.4814814815,0.0,0.01851851852,0.0,0.0,0.0,0.1666666667,0.0
1,1,0.9230769231,0.3,0.56,0.0,0.0,0.0,0.0,0.0,0.14,0.0
1,1,0.9245283019,0.4107142857,0.4821428571,0.01785714286,0.01785714286,0.0,0.0,0.0,0.07142857143,0.0
1,1,0.9245283019,0.4035087719,0.4736842105,0.01754385965,0.01754385965,0.0,0.0,0.0,0.08771929825,0.0
1,1,0.9142857143,0.3148148148,0.6296296296,0.0,0.0,0.0,0.0,0.0,0.05555555556,0.0
1,1,0.9444444444,0.3469387755,0.5510204082,0.0,0.02040816327,0.0,0.0,0.0,0.08163265306,0.0
1,1,0.9245283019,0.3898305085,0.5762711864,0.0,0.0,0.0,0.0,0.0,0.03389830508,0.0
1,1,0.9142857143,0.4603174603,0.4285714286,0.0,0.01587301587,0.0,0.0,0.0,0.06349206349,0.03174603175
1,1,0.9242424242,0.2555555556,0.4777777778,0.1111111111,0.01111111111,0.0,0.0,0.0,0.04444444444,0.1
1,1,0.9090909091,0.4556962025,0.3670886076,0.08860759494,0.01265822785,0.0,0.0,0.0,0.07594936709,0.0
1,1,0.8721804511,0.4603174603,0.4603174603,0.0,0.0,0.0,0.0,0.06349206349,0.01587301587,0.0
1,1,0.9245283019,0.4166666667,0.4333333333,0.01666666667,0.03333333333,0.0,0.0,0.0,0.1,0.0
1,1,0.9622641509,0.3384615385,0.5692307692,0.0,0.0,0.0,0.0,0.0,0.09230769231,0.0
1,1,0.9444444444,0.3898305085,0.4915254237,0.01694915254,0.01694915254,0.0,0.0,0.0,0.08474576271,0.0
1,1,0.9245283019,0.4385964912,0.4736842105,0.0,0.01754385965,0.0,0.0,0.0,0.0701754386,0.0
1,1,0.9245283019,0.406779661,0.4576271186,0.0,0.01694915254,0.01694915254,0.0,0.0,0.08474576271,0.01694915254
1,1,0.9444444444,0.3965517241,0.4827586207,0.01724137931,0.01724137931,0.0,0.0,0.0,0.08620689655,0.0
1,1,0.9541284404,0.3773584906,0.5471698113,0.0,0.0,0.0,0.0,0.0,0.07547169811,0.0
1,1,0.9245283019,0.3888888889,0.5185185185,0.0,0.01851851852,0.0,0.0,0.0,0.07407407407,0.0
1,1,0.9444444444,0.4347826087,0.5217391304,0.0,0.0,0.0,0.0,0.0,0.04347826087,0.0
1,1,0.9038461538,0.4081632653,0.4897959184,0.0,0.0612244898,0.0,0.0,0.0,0.04081632653,0.0
1,1,0.8721804511,0.4615384615,0.4307692308,0.0,0.0,0.0,0.0,0.09230769231,0.01538461538,0.0
1,1,0.9142857143,0.347826087,0.5217391304,0.0,0.0,0.0,0.0,0.0,0.1304347826,0.0
1,1,0.9245283019,0.4333333333,0.4333333333,0.0,0.01666666667,0.0,0.0,0.0,0.1166666667,0.0
1,1,0.9038461538,0.3913043478,0.5434782609,0.0,0.04347826087,0.0,0.0,0.0,0.02173913043,0.0
1,1,0.9142857143,0.3518518519,0.5185185185,0.01851851852,0.01851851852,0.0,0.0,0.0,0.09259259259,0.0
1,1,0.9245283019,0.3333333333,0.5185185185,0.0,0.01851851852,0.0,0.0,0.0,0.1296296296,0.0
1,1,0.9245283019,0.3529411765,0.5294117647,0.01960784314,0.01960784314,0.0,0.0,0.0,0.07843137255,0.0
1,1,0.9142857143,0.3965517241,0.5517241379,0.0,0.0,0.0,0.0,0.0,0.05172413793,0.0
1,1,0.8932038835,0.3043478261,0.5434782609,0.0,0.02173913043,0.0,0.0,0.0,0.1304347826,0.0
1,1,0.9444444444,0.38,0.52,0.0,0.02,0.0,0.0,0.0,0.08,0.0
1,1,0.9345794393,0.4307692308,0.5384615385,0.0,0.0,0.0,0.0,0.0,0.03076923077,0.0
1,1,0.9130434783,0.5135135135,0.4864864865,0.0,0.0,0.0,0.0,0.0,0.0,0.0
1,1,0.9230769231,0.2978723404,0.5744680851,0.0,0.02127659574,0.0,0.0,0.0,0.1063829787,0.0
1,1,0.9038461538,0.3818181818,0.4545454545,0.01818181818,0.03636363636,0.0,0.0,0.0,0.1090909091,0.0
1,1,0.9230769231,0.4,0.4909090909,0.0,0.01818181818,0.01818181818,0.0,0.0,0.07272727273,0.0
1,1,0.9411764706,0.2678571429,0.625,0.0,0.0,0.0,0.0,0.0,0.1071428571,0.0
1,1,0.8932038835,0.3653846154,0.4615384615,0.0,0.01923076923,0.0,0.0,0.0,0.1538461538,0.0
1,1,0.9245283019,0.3396226415,0.5094339623,0.0,0.01886792453,0.0,0.0,0.0,0.1320754717,0.0
1,1,0.9038461538,0.4,0.4545454545,0.0,0.01818181818,0.0,0.0,0.0,0.09090909091,0.03636363636
1,1,0.9038461538,0.3559322034,0.593220339,0.0,0.0,0.0,0.0,0.0,0.05084745763,0.0
1,1,0.9142857143,0.3404255319,0.5531914894,0.0,0.02127659574,0.0,0.0,0.0,0.08510638298,0.0
1,1,0.9142857143,0.3529411765,0.5098039216,0.0,0.01960784314,0.0,0.0,0.0,0.1176470588,0.0
1,1,0.8787878788,0.4193548387,0.4677419355,0.0,0.0,0.0,0.0,0.09677419355,0.01612903226,0.0
1,1,0.9215686275,0.3214285714,0.5714285714,0.0,0.0,0.0,0.0,0.0,0.1071428571,0.0
1,1,0.8823529412,0.3921568627,0.3921568627,0.01960784314,0.01960784314,0.01960784314,0.0,0.0,0.1176470588,0.03921568627
1,1,0.9142857143,0.4,0.4727272727,0.01818181818,0.03636363636,0.0,0.0,0.0,0.07272727273,0.0
1,1,0.9345794393,0.3214285714,0.5535714286,0.0,0.03571428571,0.0,0.0,0.0,0.08928571429,0.0
1,1,0.9230769231,0.4078947368,0.5394736842,0.0,0.0,0.0,0.0,0.0,0.05263157895,0.0
1,1,0.9038461538,0.4339622642,0.4716981132,0.01886792453,0.01886792453,0.0,0.0,0.0,0.05660377358,0.0
1,1,0.9345794393,0.3214285714,0.5357142857,0.0,0.03571428571,0.0,0.0,0.0,0.1071428571,0.0
1,1,0.9345794393,0.4029850746,0.4328358209,0.0,0.02985074627,0.0,0.0,0.0,0.1343283582,0.0
1,1,0.896,0.3650793651,0.4444444444,0.0,0.0,0.01587301587,0.0,0.0,0.1746031746,0.0
1,1,0.9636363636,0.2833333333,0.6333333333,0.0,0.0,0.0,0.0,0.0,0.08333333333,0.0
1,1,0.8805970149,0.4571428571,0.5428571429,0.0,0.0,0.0,0.0,0.0,0.0,0.0
1,1,0.9444444444,0.3035714286,0.5535714286,0.01785714286,0.01785714286,0.0,0.0,0.0,0.1071428571,0.0
1,1,0.9206349206,0.46875,0.46875,0.0,0.0,0.0,0.0,0.0,0.0625,0.0
1,1,0.9230769231,0.4155844156,0.5324675325,0.0,0.0,0.0,0.0,0.0,0.05194805195,0.0
1,1,0.9133858268,0.4823529412,0.4470588235,0.03529411765,0.0,0.0,0.0,0.0,0.02352941176,0.01176470588
1,1,0.9142857143,0.3559322034,0.4576271186,0.0,0.01694915254,0.0,0.0,0.0,0.1186440678,0.05084745763
1,1,0.9230769231,0.3653846154,0.5192307692,0.01923076923,0.01923076923,0.0,0.0,0.0,0.07692307692,0.0
1,1,0.9147286822,0.4303797468,0.5063291139,0.0,0.0,0.0,0.0,0.0,0.06329113924,0.0
1,1,0.9436619718,0.4594594595,0.4189189189,0.02702702703,0.01351351351,0.0,0.0,0.0,0.08108108108,0.0
1,1,0.9197080292,0.4594594595,0.5,0.0,0.01351351351,0.0,0.0,0.0,0.02702702703,0.0
1,1,0.8910891089,0.3958333333,0.4791666667,0.0,0.02083333333,0.0,0.0,0.0,0.1041666667,0.0
1,1,0.9117647059,0.5263157895,0.4736842105,0.0,0.0,0.0,0.0,0.0,0.0,0.0
1,1,0.9245283019,0.3461538462,0.5576923077,0.0,0.01923076923,0.0,0.0,0.0,0.07692307692,0.0
1,1,0.9541284404,0.4,0.5142857143,0.0,0.01428571429,0.0,0.0,0.0,0.07142857143,0.0
1,1,0.9345794393,0.3076923077,0.5769230769,0.0,0.01923076923,0.0,0.0,0.0,0.09615384615,0.0
1,1,0.9345794393,0.3965517241,0.4655172414,0.0,0.01724137931,0.01724137931,0.0,0.0,0.08620689655,0.01724137931
1,1,0.9245283019,0.3962264151,0.4905660377,0.0,0.01886792453,0.0,0.0,0.0,0.09433962264,0.0
1,1,0.9142857143,0.3333333333,0.5740740741,0.0,0.0,0.0,0.0,0.0,0.09259259259,0.0
1,1,0.9444444444,0.3166666667,0.6,0.0,0.01666666667,0.0,0.0,0.0,0.06666666667,0.0
1,1,0.9142857143,0.4444444444,0.462962963,0.0,0.01851851852,0.0,0.0,0.0,0.07407407407,0.0
1,1,0.9245283019,0.359375,0.578125,0.0,0.0,0.0,0.0,0.0,0.0625,0.0
1,1,0.9230769231,0.3018867925,0.5471698113,0.01886792453,0.01886792453,0.0,0.0,0.0,0.1132075472,0.0
1,1,0.8524590164,0.5322580645,0.4677419355,0.0,0.0,0.0,0.0,0.0,0.0,0.0
1,1,0.9142857143,0.358490566,0.5283018868,0.0,0.01886792453,0.0,0.0,0.0,0.09433962264,0.0
1,1,0.9423076923,0.4461538462,0.4307692308,0.0,0.01538461538,0.0,0.0,0.0,0.1076923077,0.0
1,1,0.9245283019,0.4181818182,0.5090909091,0.0,0.0,0.0,0.0,0.0,0.07272727273,0.0
1,1,0.9433962264,0.2881355932,0.5762711864,0.0,0.01694915254,0.01694915254,0.0,0.0,0.08474576271,0.01694915254
1,1,0.9444444444,0.3636363636,0.5272727273,0.01818181818,0.01818181818,0.0,0.0,0.0,0.07272727273,0.0
1,1,0.9142857143,0.2941176471,0.5490196078,0.0,0.01960784314,0.0,0.0,0.0,0.137254902,0.0
1,1,0.9230769231,0.3148148148,0.5555555556,0.0,0.03703703704,0.0,0.0,0.0,0.09259259259,0.0
1,1,0.9105691057,0.4084507042,0.5070422535,0.0,0.0,0.0,0.0,0.0,0.08450704225,0.0
1,1,0.9126213592,0.3636363636,0.4909090909,0.0,0.01818181818,0.0,0.0,0.0,0.1272727273,0.0
1,1,0.8910891089,0.3191489362,0.4468085106,0.0,0.02127659574,0.0,0.0,0.0,0.2127659574,0.0
1,1,0.8636363636,0.4444444444,0.4444444444,0.0,0.0,0.0,0.0,0.09523809524,0.01587301587,0.0
1,1,0.9345794393,0.3396226415,0.5471698113,0.0,0.01886792453,0.0,0.0,0.0,0.09433962264,0.0
1,1,0.9142857143,0.3888888889,0.5,0.0,0.01851851852,0.0,0.0,0.0,0.09259259259,0.0
1,1,0.9345794393,0.4210526316,0.4736842105,0.0,0.01754385965,0.0,0.0,0.0,0.08771929825,0.0
1,1,0.9345794393,0.4035087719,0.4912280702,0.0,0.01754385965,0.0,0.0,0.0,0.08771929825,0.0
1,1,0.9245283019,0.4126984127,0.4603174603,0.0,0.01587301587,0.0,0.0,0.0,0.1111111111,0.0
1,1,0.8910891089,0.4117647059,0.5098039216,0.0,0.01960784314,0.0,0.0,0.0,0.05882352941,0.0
1,1,0.9245283019,0.4137931034,0.4827586207,0.0,0.01724137931,0.01724137931,0.0,0.0,0.06896551724,0.0
1,1,0.9,0.3269230769,0.6153846154,0.01923076923,0.0,0.0,0.0,0.0,0.03846153846,0.0
1,1,0.9019607843,0.3404255319,0.5531914894,0.0,0.02127659574,0.0,0.0,0.0,0.08510638298,0.0
1,1,0.9444444444,0.3521126761,0.4929577465,0.0,0.01408450704,0.0,0.0,0.0,0.1408450704,0.0
1,1,0.9130434783,0.5584415584,0.4415584416,0.0,0.0,0.0,0.0,0.0,0.0,0.0
1,1,0.9142857143,0.2978723404,0.5744680851,0.0,0.02127659574,0.0,0.0,0.0,0.1063829787,0.0
1,1,0.9142857143,0.3529411765,0.4901960784,0.0,0.01960784314,0.0,0.0,0.0,0.1176470588,0.01960784314
1,1,0.9345794393,0.3272727273,0.5090909091,0.0,0.01818181818,0.0,0.0,0.0,0.1454545455,0.0
1,1,0.9333333333,0.3684210526,0.5263157895,0.01754385965,0.01754385965,0.0,0.0,0.0,0.0701754386,0.0
1,1,0.9126213592,0.3448275862,0.4482758621,0.0,0.01724137931,0.0,0.0,0.0,0.1206896552,0.06896551724
1,1,0.9245283019,0.3846153846,0.5,0.0,0.01923076923,0.0,0.0,0.0,0.09615384615,0.0
1,1,0.9541284404,0.2407407407,0.6481481481,0.0,0.01851851852,0.03703703704,0.0,0.0,0.05555555556,0.0
1,1,0.9245283019,0.34,0.56,0.0,0.02,0.0,0.0,0.0,0.08,0.0
1,1,0.9245283019,0.3650793651,0.4126984127,0.0,0.03174603175,0.0,0.0,0.0,0.1428571429,0.04761904762
1,1,0.9245283019,0.3620689655,0.5689655172,0.0,0.0,0.0,0.0,0.0,0.06896551724,0.0
1,1,0.8615384615,0.4677419355,0.5322580645,0.0,0.0,0.0,0.0,0.0,0.0,0.0
1,1,0.9333333333,0.4545454545,0.4727272727,0.0,0.01818181818,0.0,0.0,0.0,0.05454545455,0.0
1,1,0.9345794393,0.3898305085,0.4576271186,0.0,0.01694915254,0.0,0.0,0.0,0.1016949153,0.03389830508
1,1,0.9345794393,0.3725490196,0.5098039216,0.0,0.01960784314,0.0,0.0,0.0,0.09803921569,0.0
1,1,0.9245283019,0.2941176471,0.5882352941,0.0,0.01960784314,0.0,0.0,0.0,0.09803921569,0.0
1,1,0.9142857143,0.3518518519,0.5,0.0,0.01851851852,0.0,0.0,0.0,0.1296296296,0.0
1,1,0.9142857143,0.4363636364,0.4545454545,0.01818181818,0.01818181818,0.0,0.0,0.0,0.07272727273,0.0
1,1,0.9245283019,0.3396226415,0.4905660377,0.0,0.01886792453,0.0,0.0,0.0,0.1509433962,0.0
1,1,0.9345794393,0.2830188679,0.5849056604,0.0,0.0,0.0,0.0,0.0,0.1320754717,0.0
1,1,0.9142857143,0.3559322034,0.4576271186,0.0,0.01694915254,0.0,0.0,0.0,0.1186440678,0.05084745763
1,1,0.9245283019,0.3469387755,0.5306122449,0.0,0.02040816327,0.0,0.0,0.0,0.08163265306,0.02040816327
1,1,0.9160305344,0.4933333333,0.4,0.04,0.0,0.01333333333,0.0,0.0,0.02666666667,0.02666666667
1,1,0.8595041322,0.4545454545,0.4363636364,0.0,0.0,0.0,0.0,0.09090909091,0.01818181818,0.0
1,1,0.8932038835,0.3409090909,0.5,0.0,0.02272727273,0.0,0.0,0.0,0.1363636364,0.0
1,1,0.9444444444,0.3333333333,0.6,0.0,0.0,0.0,0.0,0.0,0.06666666667,0.0
1,1,0.9245283019,0.3461538462,0.5384615385,0.01923076923,0.01923076923,0.0,0.0,0.0,0.07692307692,0.0
1,1,0.8932038835,0.4339622642,0.4905660377,0.0,0.01886792453,0.0,0.0,0.0,0.05660377358,0.0
1,1,0.9206349206,0.4756097561,0.4390243902,0.0,0.0,0.0,0.0,0.0,0.08536585366,0.0
1,1,0.9142857143,0.3214285714,0.6071428571,0.01785714286,0.01785714286,0.0,0.0,0.0,0.03571428571,0.0
1,1,0.9142857143,0.4035087719,0.4561403509,0.0,0.01754385965,0.01754385965,0.0,0.0,0.08771929825,0.01754385965
1,1,0.9245283019,0.3157894737,0.6140350877,0.0,0.0,0.0,0.0,0.0,0.0701754386,0.0
1,1,0.9444444444,0.320754717,0.5471698113,0.0,0.01886792453,0.0,0.0,0.0,0.1132075472,0.0
1,1,0.9038461538,0.375,0.5208333333,0.0,0.02083333333,0.0,0.0,0.0,0.08333333333,0.0
1,1,0.8636363636,0.5211267606,0.4788732394,0.0,0.0,0.0,0.0,0.0,0.0,0.0
1,1,0.9375,0.3846153846,0.5076923077,0.0,0.0,0.0,0.0,0.0,0.09230769231,0.01538461538
1,1,0.9142857143,0.3191489362,0.5957446809,0.0,0.0,0.0,0.0,0.0,0.08510638298,0.0
1,1,0.9345794393,0.3265306122,0.5510204082,0.0,0.02040816327,0.0,0.0,0.0,0.1020408163,0.0
1,1,0.9345794393,0.3392857143,0.5714285714,0.0,0.0,0.0,0.0,0.01785714286,0.07142857143,0.0
1,1,0.9245283019,0.4705882353,0.4509803922,0.0,0.01960784314,0.0,0.0,0.0,0.05882352941,0.0
1,1,0.9245283019,0.4117647059,0.4705882353,0.0,0.01960784314,0.0,0.0,0.0,0.07843137255,0.01960784314
1,1,0.9142857143,0.4166666667,0.5208333333,0.0,0.04166666667,0.0,0.0,0.0,0.02083333333,0.0
1,1,0.9345794393,0.375,0.5,0.0,0.01785714286,0.0,0.0,0.0,0.08928571429,0.01785714286
1,1,0.9345794393,0.2962962963,0.462962963,0.0,0.01851851852,0.0,0.0,0.0,0.2222222222,0.0
1,1,0.9038461538,0.3833333333,0.4,0.0,0.03333333333,0.0,0.0,0.0,0.1333333333,0.05
1,1,0.8615384615,0.5,0.3529411765,0.0,0.0,0.01470588235,0.0,0.1176470588,0.01470588235,0.0
1,1,0.9019607843,0.3396226415,0.4528301887,0.0,0.03773584906,0.0,0.0,0.0,0.1509433962,0.01886792453
1,1,0.9142857143,0.3125,0.5625,0.0,0.02083333333,0.0,0.0,0.0,0.1041666667,0.0
1,1,0.9310344828,0.4426229508,0.4590163934,0.0,0.04918032787,0.0,0.0,0.0,0.03278688525,0.01639344262
1,1,0.8823529412,0.4150943396,0.4339622642,0.0,0.01886792453,0.0,0.0,0.0,0.1320754717,0.0
1,1,0.9636363636,0.2542372881,0.6271186441,0.0,0.01694915254,0.0,0.0,0.0,0.1016949153,0.0
1,1,0.9142857143,0.3148148148,0.5,0.0,0.01851851852,0.0,0.0,0.0,0.1111111111,0.05555555556
1,1,0.9245283019,0.3469387755,0.4897959184,0.0,0.02040816327,0.0,0.0,0.0,0.1428571429,0.0
1,1,0.9245283019,0.3636363636,0.5090909091,0.0,0.01818181818,0.0,0.0,0.0,0.09090909091,0.01818181818
1,1,0.9142857143,0.3396226415,0.5283018868,0.01886792453,0.01886792453,0.0,0.0,0.0,0.09433962264,0.0
1,1,0.9038461538,0.406779661,0.4576271186,0.0,0.01694915254,0.0,0.0,0.0,0.1186440678,0.0
1,1,0.8970588235,0.5540540541,0.4459459459,0.0,0.0,0.0,0.0,0.0,0.0,0.0
1,1,0.9245283019,0.3469387755,0.5306122449,0.0,0.02040816327,0.0,0.0,0.0,0.1020408163,0.0
1,1,0.9345794393,0.320754717,0.5471698113,0.0,0.01886792453,0.0,0.0,0.0,0.1132075472,0.0
1,1,0.9245283019,0.2941176471,0.568627451,0.0,0.01960784314,0.0,0.0,0.0,0.1176470588,0.0
1,1,0.9444444444,0.3333333333,0.5263157895,0.01754385965,0.01754385965,0.0,0.0,0.0,0.1052631579,0.0
1,1,0.9333333333,0.34,0.58,0.0,0.02,0.0,0.0,0.0,0.06,0.0
1,1,0.9345794393,0.3272727273,0.5090909091,0.0,0.03636363636,0.0,0.0,0.0,0.1272727273,0.0
1,1,0.9142857143,0.3469387755,0.5102040816,0.0,0.02040816327,0.0,0.0,0.0,0.1224489796,0.0
1,1,0.9142857143,0.4,0.52,0.0,0.04,0.0,0.0,0.0,0.04,0.0
1,1,0.9142857143,0.3725490196,0.5098039216,0.0,0.01960784314,0.0,0.0,0.0,0.09803921569,0.0
1,1,0.9291338583,0.4444444444,0.4722222222,0.0,0.0,0.0,0.0,0.0,0.08333333333,0.0
1,1,0.8461538462,0.4098360656,0.5901639344,0.0,0.0,0.0,0.0,0.0,0.0,0.0
1,1,0.9142857143,0.38,0.54,0.0,0.04,0.0,0.0,0.0,0.04,0.0
1,1,0.9541284404,0.3125,0.578125,0.0,0.015625,0.0,0.0,0.0,0.09375,0.0
1,1,0.890625,0.4561403509,0.4561403509,0.0,0.01754385965,0.0,0.0,0.0,0.0701754386,0.0
1,1,0.9142857143,0.3571428571,0.4642857143,0.0,0.01785714286,0.0,0.0,0.0,0.08928571429,0.07142857143
1,1,0.9142857143,0.32,0.54,0.0,0.02,0.0,0.0,0.0,0.12,0.0
1,1,0.9245283019,0.4117647059,0.568627451,0.0,0.0,0.0,0.0,0.0,0.01960784314,0.0
1,1,0.9142857143,0.3148148148,0.5,0.0,0.01851851852,0.0,0.0,0.0,0.1111111111,0.05555555556
1,1,0.9333333333,0.2962962963,0.6481481481,0.0,0.0,0.0,0.0,0.0,0.05555555556,0.0
1,1,0.9444444444,0.2941176471,0.5882352941,0.0,0.01960784314,0.0,0.0,0.0,0.09803921569,0.0
1,1,0.9444444444,0.3859649123,0.5263157895,0.0,0.01754385965,0.0,0.0,0.0,0.0701754386,0.0
1,1,0.8805970149,0.4696969697,0.4545454545,0.0,0.0,0.0,0.0,0.06060606061,0.01515151515,0.0
1,1,0.9038461538,0.4107142857,0.4464285714,0.0,0.01785714286,0.0,0.0,0.0,0.125,0.0
1,1,0.9245283019,0.3191489362,0.5531914894,0.0,0.02127659574,0.0,0.0,0.0,0.1063829787,0.0
1,1,0.88,0.3829787234,0.4893617021,0.0,0.06382978723,0.0,0.0,0.0,0.06382978723,0.0
1,1,0.9275362319,0.4861111111,0.4305555556,0.0,0.01388888889,0.0,0.0,0.0,0.06944444444,0.0
1,1,0.9245283019,0.320754717,0.5471698113,0.01886792453,0.01886792453,0.0,0.0,0.0,0.09433962264,0.0
1,1,0.9142857143,0.4038461538,0.4807692308,0.0,0.01923076923,0.0,0.0,0.0,0.09615384615,0.0
1,1,0.9142857143,0.3396226415,0.5094339623,0.0,0.01886792453,0.0,0.0,0.0,0.1320754717,0.0
1,1,0.9444444444,0.3484848485,0.5454545455,0.0,0.01515151515,0.0,0.0,0.0,0.07575757576,0.01515151515
1,1,0.9230769231,0.3653846154,0.5576923077,0.0,0.03846153846,0.0,0.0,0.0,0.03846153846,0.0
1,1,0.9245283019,0.3157894737,0.6140350877,0.0,0.0,0.0,0.0,0.0,0.0701754386,0.0
1,1,0.9051094891,0.5277777778,0.4722222222,0.0,0.0,0.0,0.0,0.0,0.0,0.0
1,1,0.9245283019,0.435483871,0.435483871,0.0,0.01612903226,0.0,0.0,0.0,0.1129032258,0.0
1,1,0.9130434783,0.4461538462,0.4615384615,0.01538461538,0.01538461538,0.01538461538,0.0,0.0,0.04615384615,0.0
1,1,0.9038461538,0.358490566,0.4905660377,0.0,0.01886792453,0.0,0.0,0.0,0.1320754717,0.0
1,1,0.9523809524,0.3962264151,0.5094339623,0.0,0.0,0.0,0.0,0.0,0.09433962264,0.0
1,1,0.9523809524,0.3653846154,0.5576923077,0.01923076923,0.0,0.0,0.0,0.0,0.05769230769,0.0
1,1,0.9245283019,0.4,0.55,0.0,0.0,0.0,0.0,0.0,0.05,0.0
1,1,0.9622641509,0.2857142857,0.6071428571,0.0,0.03571428571,0.0,0.0,0.0,0.07142857143,0.0
1,1,0.9245283019,0.3529411765,0.5490196078,0.01960784314,0.01960784314,0.0,0.0,0.0,0.05882352941,0.0
1,1,0.86,0.4897959184,0.4285714286,0.0,0.04081632653,0.0,0.0,0.0,0.04081632653,0.0
1,1,0.9038461538,0.3529411765,0.4901960784,0.0,0.01960784314,0.0,0.0,0.0,0.137254902,0.0
1,1,0.8888888889,0.5070422535,0.4929577465,0.0,0.0,0.0,0.0,0.0,0.0,0.0
1,1,0.9345794393,0.4098360656,0.4754098361,0.0,0.01639344262,0.0,0.0,0.0,0.08196721311,0.01639344262
1,1,0.9245283019,0.3333333333,0.5925925926,0.0,0.0,0.0,0.0,0.0,0.07407407407,0.0
1,1,0.9291338583,0.4153846154,0.4769230769,0.0,0.0,0.0,0.0,0.0,0.1076923077,0.0
1,1,0.932038835,0.4363636364,0.5272727273,0.0,0.0,0.0,0.0,0.0,0.03636363636,0.0
1,1,0.8932038835,0.358490566,0.5471698113,0.0,0.03773584906,0.0,0.0,0.0,0.05660377358,0.0
1,1,0.9245283019,0.3921568627,0.4901960784,0.0,0.01960784314,0.0,0.0,0.0,0.07843137255,0.01960784314
1,1,0.8932038835,0.4807692308,0.4615384615,0.0,0.0,0.0,0.0,0.0,0.05769230769,0.0
1,1,0.9423076923,0.2708333333,0.6041666667,0.0,0.02083333333,0.0,0.0,0.0,0.1041666667,0.0
1,1,0.9523809524,0.3191489362,0.6170212766,0.0,0.0,0.0,0.0,0.0,0.06382978723,0.0
1,1,0.9038461538,0.3529411765,0.4117647059,0.0,0.01960784314,0.0,0.0,0.0,0.2156862745,0.0
1,1,0.8721804511,0.447761194,0.552238806,0.0,0.0,0.0,0.0,0.0,0.0,0.0
1,1,0.9038461538,0.3333333333,0.5166666667,0.0,0.01666666667,0.0,0.0,0.0,0.1333333333,0.0
1,1,0.928,0.3913043478,0.3913043478,0.0,0.0,0.0,0.0,0.0,0.2173913043,0.0
1,1,0.9577464789,0.4556962025,0.3417721519,0.0,0.0,0.0,0.01265822785,0.0,0.1898734177,0.0
1,1,0.9615384615,0.3114754098,0.4754098361,0.0,0.0,0.0,0.0,0.0,0.2131147541,0.0
1,1,0.9090909091,0.2765957447,0.5106382979,0.0,0.0,0.0,0.0,0.0,0.2127659574,0.0
1,1,0.9615384615,0.3387096774,0.4516129032,0.0,0.0,0.0,0.0,0.0,0.2096774194,0.0
1,1,0.92,0.3018867925,0.4716981132,0.03773584906,0.0,0.0,0.0,0.0,0.1886792453,0.0
1,1,0.9714285714,0.2658227848,0.3544303797,0.0,0.0,0.164556962,0.0,0.0,0.07594936709,0.1392405063
1,1,0.9514563107,0.3389830508,0.4406779661,0.0,0.0,0.0,0.01694915254,0.0,0.2033898305,0.0
1,1,0.9615384615,0.2407407407,0.6481481481,0.0,0.0,0.0,0.0,0.0,0.1111111111,0.0
1,1,0.8805970149,0.5074626866,0.4179104478,0.0,0.0,0.0,0.0,0.05970149254,0.01492537313,0.0
1,1,0.9345794393,0.3392857143,0.4464285714,0.0,0.0,0.05357142857,0.0,0.0,0.1607142857,0.0
1,1,0.9253731343,0.4305555556,0.3333333333,0.0,0.0,0.0,0.0,0.0,0.2361111111,0.0
1,1,0.9208633094,0.4415584416,0.2987012987,0.01298701299,0.0,0.01298701299,0.0,0.0,0.2207792208,0.01298701299
1,1,0.9375,0.3802816901,0.3521126761,0.01408450704,0.0,0.07042253521,0.0,0.0,0.1549295775,0.02816901408
1,1,0.9714285714,0.3548387097,0.4677419355,0.01612903226,0.0,0.0,0.0,0.0,0.1612903226,0.0
1,1,0.9051094891,0.5147058824,0.3088235294,0.0,0.01470588235,0.0,0.0,0.0,0.1617647059,0.0
1,1,0.9411764706,0.298245614,0.5087719298,0.0,0.0,0.0,0.01754385965,0.0,0.1754385965,0.0
1,1,0.9714285714,0.3174603175,0.4603174603,0.0,0.0,0.0,0.0,0.0,0.2222222222,0.0
1,1,0.9615384615,0.35,0.4666666667,0.01666666667,0.0,0.0,0.0,0.0,0.1666666667,0.0
1,1,0.9411764706,0.3225806452,0.4193548387,0.0,0.0,0.0,0.0,0.0,0.2580645161,0.0
1,1,0.890625,0.5789473684,0.4210526316,0.0,0.0,0.0,0.0,0.0,0.0,0.0
1,1,0.8,0.4761904762,0.5079365079,0.0,0.0,0.0,0.0,0.01587301587,0.0,0.0
1,1,0.8888888889,0.4262295082,0.5409836066,0.0,0.0,0.01639344262,0.0,0.0,0.0,0.01639344262
1,1,0.9504950495,0.3269230769,0.5,0.0,0.0,0.05769230769,0.0,0.0,0.1153846154,0.0
1,1,0.9352517986,0.4375,0.35,0.0,0.0,0.0,0.0125,0.0,0.2,0.0
1,1,0.9636363636,0.3333333333,0.55,0.0,0.0,0.01666666667,0.0,0.0,0.1,0.0
1,1,0.9126213592,0.3870967742,0.3709677419,0.0,0.0,0.0,0.0,0.0,0.2419354839,0.0
1,1,0.962962963,0.3582089552,0.4925373134,0.0,0.0,0.01492537313,0.0,0.0,0.1194029851,0.01492537313
1,1,0.9038461538,0.3448275862,0.4310344828,0.0,0.0,0.06896551724,0.0,0.0,0.1379310345,0.01724137931
1,1,0.9147286822,0.3378378378,0.472972973,0.0,0.0,0.0,0.0,0.0,0.1891891892,0.0
1,1,0.8837209302,0.4166666667,0.375,0.0,0.0,0.0,0.0,0.0,0.2083333333,0.0
1,1,0.951048951,0.4788732394,0.3943661972,0.0,0.0,0.01408450704,0.0,0.0,0.0985915493,0.01408450704
1,1,0.8702290076,0.4375,0.5625,0.0,0.0,0.0,0.0,0.0,0.0,0.0
1,1,0.9245283019,0.2985074627,0.4925373134,0.0,0.0,0.02985074627,0.0,0.0,0.1343283582,0.0447761194
1,1,0.9345794393,0.390625,0.40625,0.0,0.0,0.0,0.0,0.0,0.203125,0.0
1,1,0.9345794393,0.3833333333,0.4833333333,0.0,0.0,0.0,0.0,0.0,0.1166666667,0.01666666667
1,1,0.9038461538,0.3773584906,0.4528301887,0.0,0.0,0.03773584906,0.0,0.0,0.1320754717,0.0
1,1,0.953271028,0.3432835821,0.4776119403,0.0,0.0,0.0,0.0,0.0,0.1791044776,0.0
1,1,0.9245283019,0.3492063492,0.4126984127,0.0,0.0,0.09523809524,0.0,0.0,0.1111111111,0.03174603175
1,1,0.9126213592,0.4137931034,0.4137931034,0.0,0.0,0.01724137931,0.0,0.0,0.1379310345,0.01724137931
1,1,0.9541284404,0.3432835821,0.4925373134,0.0,0.0,0.0,0.0,0.0,0.1641791045,0.0
1,1,0.9203539823,0.3548387097,0.435483871,0.0,0.0,0.0,0.0,0.0,0.2096774194,0.0
1,1,0.88,0.4166666667,0.55,0.0,0.0,0.01666666667,0.0,0.0,0.0,0.01666666667
1,1,0.7540983607,0.4333333333,0.4166666667,0.0,0.0,0.0,0.0,0.1333333333,0.0,0.01666666667
1,1,0.90625,0.421875,0.390625,0.0,0.0,0.046875,0.0,0.0,0.140625,0.0
1,1,0.9142857143,0.3272727273,0.5090909091,0.0,0.0,0.01818181818,0.0,0.0,0.1454545455,0.0
1,1,0.88,0.3684210526,0.5263157895,0.0,0.0,0.01754385965,0.0,0.0,0.08771929825,0.0
1,1,0.8617886179,0.3888888889,0.4074074074,0.0,0.0,0.0,0.0,0.0,0.2037037037,0.0
1,1,0.9256198347,0.328125,0.484375,0.0,0.0,0.0,0.0,0.0,0.1875,0.0
1,1,0.9402985075,0.4794520548,0.3561643836,0.0,0.0,0.0,0.0,0.0,0.1506849315,0.01369863014
1,1,0.9142857143,0.3653846154,0.4615384615,0.0,0.0,0.03846153846,0.0,0.0,0.1346153846,0.0
1,1,0.9142857143,0.4426229508,0.4262295082,0.0,0.0,0.03278688525,0.0,0.0,0.08196721311,0.01639344262
1,1,0.9007633588,0.4666666667,0.35,0.0,0.0,0.01666666667,0.0,0.0,0.1333333333,0.03333333333
1,1,0.88,0.3469387755,0.4489795918,0.0,0.0,0.02040816327,0.0,0.0,0.1836734694,0.0
1,1,0.8787878788,0.4626865672,0.5373134328,0.0,0.0,0.0,0.0,0.0,0.0,0.0
1,1,0.9345794393,0.3606557377,0.4426229508,0.01639344262,0.0,0.0,0.0,0.0,0.1803278689,0.0
1,1,0.9142857143,0.3793103448,0.4827586207,0.0,0.0,0.0,0.0,0.0,0.1379310345,0.0
1,1,0.9333333333,0.3076923077,0.5576923077,0.0,0.0,0.01923076923,0.0,0.0,0.1153846154,0.0
1,1,0.9142857143,0.3888888889,0.462962963,0.0,0.01851851852,0.0,0.0,0.0,0.1296296296,0.0
1,1,0.9245283019,0.3898305085,0.4576271186,0.0,0.0,0.0,0.0,0.0,0.1355932203,0.01694915254
1,1,0.9038461538,0.3461538462,0.4615384615,0.0,0.0,0.03846153846,0.0,0.0,0.1538461538,0.0
1,1,0.9245283019,0.3653846154,0.4615384615,0.0,0.0,0.03846153846,0.0,0.0,0.1346153846,0.0
1,1,0.9147286822,0.3802816901,0.3943661972,0.0,0.0,0.04225352113,0.0,0.0,0.1549295775,0.02816901408
1,1,0.9230769231,0.3636363636,0.5090909091,0.0,0.0,0.01818181818,0.0,0.0,0.1090909091,0.0
1,1,0.8823529412,0.28,0.5,0.0,0.0,0.0,0.0,0.0,0.18,0.04
1,1,0.8985507246,0.5733333333,0.4266666667,0.0,0.0,0.0,0.0,0.0,0.0,0.0
1,1,0.9038461538,0.3454545455,0.4909090909,0.0,0.0,0.0,0.0,0.0,0.1636363636,0.0
1,1,0.9345794393,0.3571428571,0.4464285714,0.01785714286,0.0,0.0,0.0,0.0,0.1785714286,0.0
1,1,0.9108910891,0.4210526316,0.3859649123,0.0,0.0,0.01754385965,0.0,0.0,0.1403508772,0.0350877193
1,1,0.9245283019,0.3666666667,0.4166666667,0.01666666667,0.0,0.0,0.0,0.0,0.2,0.0
1,1,0.9038461538,0.3833333333,0.45,0.0,0.0,0.0,0.0,0.0,0.1666666667,0.0
1,1,0.9019607843,0.3269230769,0.4807692308,0.0,0.0,0.01923076923,0.0,0.0,0.1730769231,0.0
1,1,0.9038461538,0.435483871,0.4032258065,0.0,0.0,0.0,0.0,0.0,0.1612903226,0.0
1,1,0.9245283019,0.3709677419,0.4193548387,0.0,0.0,0.0,0.0,0.0,0.2096774194,0.0
1,1,0.9076923077,0.52,0.2933333333,0.0,0.0,0.0,0.0,0.0,0.1733333333,0.01333333333
1,1,0.9126213592,0.4035087719,0.4035087719,0.0,0.0,0.0,0.0,0.0,0.1929824561,0.0
1,1,0.8888888889,0.5211267606,0.4788732394,0.0,0.0,0.0,0.0,0.0,0.0,0.0
1,1,0.9038461538,0.3928571429,0.4642857143,0.0,0.0,0.01785714286,0.0,0.0,0.125,0.0
1,1,0.9245283019,0.3333333333,0.3913043478,0.0,0.0,0.115942029,0.0,0.0,0.07246376812,0.08695652174
1,1,0.9090909091,0.4647887324,0.2816901408,0.0,0.0,0.01408450704,0.0,0.0,0.2253521127,0.01408450704
1,1,0.8932038835,0.3571428571,0.4464285714,0.0,0.0,0.01785714286,0.0,0.0,0.1607142857,0.01785714286
1,1,0.8524590164,0.3559322034,0.3728813559,0.0,0.0,0.0,0.0,0.0,0.2711864407,0.0
1,1,0.9142857143,0.3770491803,0.4262295082,0.0,0.0,0.0,0.0,0.0,0.1967213115,0.0
1,1,0.86,0.3488372093,0.488372093,0.0,0.0,0.0,0.0,0.0,0.1627906977,0.0
1,1,0.88,0.3260869565,0.4782608696,0.0,0.0,0.0,0.0,0.0,0.1956521739,0.0
1,1,0.9019607843,0.2884615385,0.4807692308,0.0,0.0,0.0,0.0,0.0,0.2307692308,0.0
1,1,0.9142857143,0.3035714286,0.5,0.0,0.0,0.01785714286,0.01785714286,0.0,0.1607142857,0.0
1,1,0.8721804511,0.447761194,0.552238806,0.0,0.0,0.0,0.0,0.0,0.0,0.0
1,1,0.8823529412,0.3725490196,0.431372549,0.0,0.0,0.0,0.0,0.0,0.1960784314,0.0
1,1,0.9541284404,0.25,0.6666666667,0.0,0.0,0.0,0.0,0.0,0.08333333333,0.0
1,1,0.9285714286,0.4133333333,0.3066666667,0.0,0.01333333333,0.01333333333,0.0,0.0,0.24,0.01333333333
1,1,0.9345794393,0.3538461538,0.4,0.0,0.0,0.06153846154,0.0,0.0,0.1230769231,0.06153846154
1,1,0.9636363636,0.2459016393,0.6557377049,0.0,0.0,0.0,0.0,0.0,0.09836065574,0.0
1,1,0.9104477612,0.4358974359,0.3205128205,0.01282051282,0.0,0.0,0.0,0.0,0.2307692308,0.0
1,1,0.9038461538,0.3333333333,0.4035087719,0.0,0.0,0.0350877193,0.0,0.0,0.2105263158,0.01754385965
1,1,0.8888888889,0.4035087719,0.3859649123,0.0,0.0,0.0,0.0,0.0,0.2105263158,0.0
1,1,0.9345794393,0.4259259259,0.462962963,0.0,0.01851851852,0.01851851852,0.0,0.0,0.05555555556,0.01851851852
1,1,0.9345794393,0.3968253968,0.4761904762,0.0,0.0,0.0,0.0,0.0,0.1111111111,0.01587301587
1,1,0.8253968254,0.4310344828,0.4310344828,0.0,0.0,0.0,0.0,0.1379310345,0.0,0.0
1,1,0.8932038835,0.3541666667,0.5208333333,0.0,0.0,0.0,0.0,0.0,0.125,0.0
1,1,0.9444444444,0.3333333333,0.5217391304,0.0,0.0,0.01449275362,0.0,0.0,0.115942029,0.01449275362
1,1,0.8872180451,0.5882352941,0.3382352941,0.0,0.0,0.0,0.0,0.0,0.05882352941,0.01470588235
1,1,0.9245283019,0.358490566,0.4716981132,0.0,0.0,0.03773584906,0.0,0.0,0.1320754717,0.0
1,1,0.9541284404,0.3389830508,0.5593220339,0.0,0.0,0.01694915254,0.0,0.0,0.08474576271,0.0
1,1,0.9038461538,0.3728813559,0.4576271186,0.0,0.0,0.01694915254,0.0,0.0,0.1525423729,0.0
1,1,0.9245283019,0.358490566,0.4716981132,0.0,0.0,0.03773584906,0.0,0.0,0.1320754717,0.0
1,1,0.9142857143,0.38,0.44,0.0,0.0,0.04,0.0,0.0,0.14,0.0
1,1,0.8823529412,0.3461538462,0.4230769231,0.0,0.0,0.0,0.0,0.0,0.2307692308,0.0
1,1,0.9130434783,0.4683544304,0.2658227848,0.0,0.0,0.01265822785,0.0,0.0,0.2405063291,0.01265822785
1,1,0.8805970149,0.4328358209,0.4179104478,0.0,0.0,0.0,0.0,0.1343283582,0.01492537313,0.0
1,1,0.9245283019,0.3703703704,0.4444444444,0.0,0.0,0.03703703704,0.0,0.0,0.1481481481,0.0
1,1,0.9038461538,0.393442623,0.4426229508,0.0,0.0,0.0,0.0,0.0,0.1639344262,0.0
1,1,0.9433962264,0.3214285714,0.4642857143,0.01785714286,0.0,0.0,0.0,0.0,0.1964285714,0.0
1,1,0.9622641509,0.2459016393,0.6557377049,0.0,0.0,0.0,0.0,0.0,0.09836065574,0.0
1,1,0.9142857143,0.3275862069,0.4827586207,0.0,0.0,0.01724137931,0.0,0.0,0.1724137931,0.0
1,1,0.9126213592,0.3333333333,0.4166666667,0.0,0.0,0.0,0.0,0.0,0.25,0.0
1,1,0.9019607843,0.3333333333,0.4901960784,0.0,0.0,0.0,0.0,0.0,0.1764705882,0.0
1,1,0.9345794393,0.2280701754,0.5964912281,0.0,0.0,0.0,0.0,0.0,0.1754385965,0.0
1,1,0.9038461538,0.3965517241,0.4655172414,0.0,0.0,0.0,0.0,0.0,0.1379310345,0.0
1,1,0.8955223881,0.5405405405,0.3243243243,0.0,0.02702702703,0.02702702703,0.0,0.0,0.06756756757,0.01351351351
1,1,0.9361702128,0.5142857143,0.2714285714,0.0,0.0,0.1714285714,0.0,0.0,0.04285714286,0.0
1,1,0.9230769231,0.3548387097,0.4516129032,0.0,0.0,0.0,0.0,0.0,0.1935483871,0.0
1,1,0.9108910891,0.36,0.48,0.0,0.0,0.02,0.0,0.0,0.14,0.0
1,1,0.9245283019,0.375,0.4285714286,0.01785714286,0.0,0.0,0.0,0.0,0.1785714286,0.0
1,1,0.9090909091,0.393442623,0.4918032787,0.0,0.01639344262,0.01639344262,0.0,0.0,0.08196721311,0.0
1,1,0.8932038835,0.4166666667,0.4,0.0,0.0,0.0,0.0,0.0,0.1833333333,0.0
1,1,0.921875,0.4,0.4153846154,0.0,0.0,0.04615384615,0.0,0.0,0.1384615385,0.0
1,1,0.9245283019,0.3269230769,0.5,0.0,0.0,0.03846153846,0.0,0.0,0.1346153846,0.0
1,1,0.8925619835,0.4262295082,0.3770491803,0.0,0.0,0.04918032787,0.0,0.0,0.1475409836,0.0
1,1,0.9245283019,0.359375,0.4375,0.0,0.0,0.0,0.0,0.0,0.203125,0.0
1,1,0.954954955,0.3538461538,0.4,0.0,0.0,0.06153846154,0.0,0.0,0.1384615385,0.04615384615
1,1,0.8787878788,0.2843137255,0.3137254902,0.1960784314,0.0,0.009803921569,0.0,0.0,0.1764705882,0.01960784314
1,1,0.8970588235,0.5540540541,0.4459459459,0.0,0.0,0.0,0.0,0.0,0.0,0.0
1,1,0.9038461538,0.3703703704,0.4444444444,0.0,0.0,0.0,0.0,0.0,0.1851851852,0.0
1,1,0.8823529412,0.32,0.46,0.0,0.0,0.0,0.0,0.0,0.22,0.0
1,1,0.90625,0.3880597015,0.3731343284,0.01492537313,0.0,0.0447761194,0.0,0.0,0.1492537313,0.02985074627
1,1,0.9583333333,0.4337349398,0.3493975904,0.0,0.0,0.0,0.01204819277,0.0,0.2048192771,0.0
1,1,0.9245283019,0.3653846154,0.4615384615,0.0,0.0,0.03846153846,0.0,0.0,0.1346153846,0.0
1,1,0.9126213592,0.3448275862,0.4482758621,0.01724137931,0.0,0.0,0.0,0.0,0.1896551724,0.0
1,1,0.9345794393,0.390625,0.4375,0.0,0.0,0.03125,0.015625,0.0,0.109375,0.015625
1,1,0.9245283019,0.3333333333,0.4705882353,0.0,0.0,0.03921568627,0.0,0.0,0.1568627451,0.0
1,1,0.8976377953,0.375,0.4464285714,0.0,0.01785714286,0.0,0.0,0.0,0.1607142857,0.0
1,1,0.8970588235,0.4166666667,0.3888888889,0.0,0.0,0.02777777778,0.0,0.0,0.1666666667,0.0
1,1,0.9130434783,0.5324675325,0.4675324675,0.0,0.0,0.0,0.0,0.0,0.0,0.0
1,1,0.9038461538,0.34375,0.46875,0.0,0.0,0.015625,0.0,0.0,0.140625,0.03125
1,1,0.9117647059,0.4605263158,0.3552631579,0.0,0.0,0.02631578947,0.0,0.0,0.1578947368,0.0
1,1,0.9245283019,0.3333333333,0.4561403509,0.01754385965,0.0,0.0,0.0,0.0,0.1929824561,0.0
1,1,0.9117647059,0.4743589744,0.2948717949,0.01282051282,0.0,0.0,0.0,0.0,0.2051282051,0.01282051282
1,1,0.9541284404,0.3684210526,0.4912280702,0.0,0.0,0.01754385965,0.01754385965,0.0,0.08771929825,0.01754385965
1,1,0.9245283019,0.3157894737,0.4912280702,0.0,0.0,0.05263157895,0.0,0.0,0.1052631579,0.0350877193
1,1,0.921875,0.4393939394,0.3787878788,0.0,0.0,0.04545454545,0.0,0.0,0.1363636364,0.0
1,1,0.9333333333,0.25,0.6071428571,0.0,0.0,0.01785714286,0.0,0.0,0.1071428571,0.01785714286
1,1,0.9142857143,0.3650793651,0.4444444444,0.0,0.0,0.0,0.0,0.0,0.1904761905,0.0
1,1,0.9636363636,0.2033898305,0.593220339,0.0,0.0,0.03389830508,0.01694915254,0.0,0.1186440678,0.03389830508
1,1,0.8888888889,0.5362318841,0.4637681159,0.0,0.0,0.0,0.0,0.0,0.0,0.0
1,1,0.9147286822,0.4242424242,0.3939393939,0.0,0.0,0.04545454545,0.0,0.0,0.1363636364,0.0
1,1,0.88,0.320754717,0.4905660377,0.0,0.0,0.01886792453,0.0,0.0,0.1698113208,0.0
1,1,0.9444444444,0.4,0.4307692308,0.0,0.0,0.03076923077,0.01538461538,0.0,0.1076923077,0.01538461538
1,1,0.9142857143,0.3859649123,0.5789473684,0.0,0.0,0.01754385965,0.0,0.0,0.0,0.01754385965
1,1,0.8888888889,0.4714285714,0.4142857143,0.05714285714,0.0,0.04285714286,0.0,0.0,0.01428571429,0.0
1,1,0.9285714286,0.4285714286,0.4603174603,0.0,0.03174603175,0.01587301587,0.0,0.0,0.06349206349,0.0
1,1,0.8823529412,0.3392857143,0.4107142857,0.0,0.0,0.0,0.0,0.0,0.25,0.0
1,1,0.9245283019,0.2962962963,0.5925925926,0.0,0.0,0.0,0.0,0.0,0.1111111111,0.0
1,1,0.8524590164,0.3559322034,0.3728813559,0.0,0.0,0.0,0.0,0.0,0.2711864407,0.0
1,1,0.8976377953,0.3768115942,0.3913043478,0.0,0.0,0.01449275362,0.0,0.0,0.2028985507,0.01449275362
1,1,0.8905109489,0.5138888889,0.4861111111,0.0,0.0,0.0,0.0,0.0,0.0,0.0
1,1,0.9444444444,0.3272727273,0.5272727273,0.0,0.0,0.01818181818,0.01818181818,0.0,0.09090909091,0.01818181818
1,1,0.9345794393,0.4032258065,0.4516129032,0.0,0.0,0.0,0.0,0.0,0.1290322581,0.01612903226
1,1,0.9264705882,0.3835616438,0.4383561644,0.0,0.0,0.0,0.0,0.0,0.1780821918,0.0
1,1,0.9245283019,0.298245614,0.5438596491,0.0,0.0,0.0,0.01754385965,0.0,0.1403508772,0.0
1,1,0.9038461538,0.4237288136,0.406779661,0.0,0.0,0.0,0.0,0.0,0.1694915254,0.0
1,1,0.9032258065,0.3793103448,0.3793103448,0.0,0.0,0.01724137931,0.0,0.0,0.2068965517,0.01724137931
1,1,0.86,0.3461538462,0.4423076923,0.0,0.0,0.01923076923,0.01923076923,0.0,0.1730769231,0.0
1,1,0.8823529412,0.3454545455,0.5272727273,0.0,0.03636363636,0.0,0.0,0.0,0.09090909091,0.0
1,1,0.8376068376,0.4181818182,0.4545454545,0.0,0.0,0.05454545455,0.0,0.0,0.07272727273,0.0
1,1,0.9245283019,0.3157894737,0.4736842105,0.0,0.0,0.05263157895,0.0,0.0,0.1228070175,0.0350877193
1,1,0.8805970149,0.447761194,0.4179104478,0.0,0.0,0.0,0.0,0.1194029851,0.01492537313,0.0
1,1,0.9142857143,0.3770491803,0.4262295082,0.0,0.0,0.0,0.0,0.0,0.1967213115,0.0
1,1,0.8888888889,0.4794520548,0.2602739726,0.02739726027,0.0,0.02739726027,0.0,0.0,0.1917808219,0.01369863014
1,1,0.9345794393,0.3392857143,0.5178571429,0.03571428571,0.0,0.01785714286,0.0,0.0,0.08928571429,0.0
1,1,0.9245283019,0.328125,0.484375,0.0,0.0,0.0,0.0,0.0,0.1875,0.0
1,1,0.8932038835,0.4468085106,0.4680851064,0.0,0.02127659574,0.04255319149,0.02127659574,0.0,0.0,0.0
1,1,0.9038461538,0.3454545455,0.4181818182,0.0,0.0,0.01818181818,0.01818181818,0.0,0.2,0.0
1,1,0.9038461538,0.3725490196,0.4509803922,0.0,0.0,0.03921568627,0.0,0.0,0.137254902,0.0
1,1,0.9172932331,0.4603174603,0.4285714286,0.0,0.0,0.0,0.0,0.0,0.09523809524,0.01587301587
1,1,0.9142857143,0.3770491803,0.4098360656,0.0,0.0,0.0,0.0,0.0,0.2131147541,0.0
1,1,0.8932038835,0.45,0.4166666667,0.0,0.0,0.03333333333,0.0,0.0,0.08333333333,0.01666666667
1,1,0.8125,0.4590163934,0.5409836066,0.0,0.0,0.0,0.0,0.0,0.0,0.0
1,1,0.9444444444,0.359375,0.4375,0.0,0.0,0.0,0.0,0.0,0.203125,0.0
1,1,0.9142857143,0.3484848485,0.4545454545,0.0,0.0,0.01515151515,0.0,0.0,0.1515151515,0.0303030303
1,1,0.9345794393,0.3636363636,0.4909090909,0.0,0.0,0.01818181818,0.01818181818,0.0,0.09090909091,0.01818181818
1,1,0.9444444444,0.3461538462,0.5192307692,0.0,0.0,0.01923076923,0.0,0.0,0.09615384615,0.01923076923
1,1,0.9208633094,0.4691358025,0.3456790123,0.0,0.0,0.02469135802,0.0,0.0,0.1481481481,0.01234567901
1,1,0.8823529412,0.36,0.44,0.0,0.0,0.04,0.0,0.0,0.16,0.0
1,1,0.9345794393,0.3518518519,0.5,0.0,0.0,0.0,0.0,0.0,0.1481481481,0.0
1,1,0.9541284404,0.3333333333,0.5072463768,0.0,0.0,0.0,0.0,0.0,0.1594202899,0.0
1,1,0.9142857143,0.3833333333,0.4333333333,0.0,0.0,0.0,0.0,0.0,0.1833333333,0.0
1,1,0.9038461538,0.375,0.4464285714,0.0,0.0,0.0,0.0,0.0,0.1785714286,0.0
1,1,0.8636363636,0.4776119403,0.5223880597,0.0,0.0,0.0,0.0,0.0,0.0,0.0
1,1,0.9433962264,0.3333333333,0.4848484848,0.0,0.0,0.0,0.0,0.0,0.1818181818,0.0
1,1,0.9245283019,0.358490566,0.4905660377,0.0,0.0,0.03773584906,0.0,0.0,0.1132075472,0.0
1,1,0.8823529412,0.3571428571,0.4285714286,0.0,0.0,0.07142857143,0.0,0.0,0.125,0.01785714286
1,1,0.8823529412,0.303030303,0.4545454545,0.0,0.0,0.07575757576,0.0,0.0,0.1363636364,0.0303030303
1,1,0.9541284404,0.2790697674,0.4069767442,0.0,0.02325581395,0.1627906977,0.0,0.0,0.03488372093,0.09302325581
1,1,0.9245283019,0.358490566,0.4905660377,0.0,0.0,0.01886792453,0.01886792453,0.0,0.09433962264,0.01886792453
1,1,0.9019607843,0.3653846154,0.5192307692,0.0,0.0,0.01923076923,0.0,0.0,0.09615384615,0.0
1,1,0.90625,0.4237288136,0.406779661,0.0,0.01694915254,0.0,0.0,0.0,0.1525423729,0.0
1,1,0.9142857143,0.3773584906,0.4716981132,0.0,0.0,0.0,0.0,0.0,0.1509433962,0.0
1,1,0.8712871287,0.3260869565,0.4565217391,0.0,0.0,0.0,0.0,0.0,0.2173913043,0.0
1,1,0.8721804511,0.4929577465,0.5070422535,0.0,0.0,0.0,0.0,0.0,0.0,0.0
1,1,0.9038461538,0.1875,0.625,0.04166666667,0.0,0.0,0.0,0.0,0.1458333333,0.0
1,1,0.88,0.4098360656,0.393442623,0.0,0.0,0.0,0.0,0.0,0.1967213115,0.0
1,1,0.9245283019,0.3965517241,0.4655172414,0.0,0.0,0.0,0.0,0.0,0.1379310345,0.0
1,1,0.9230769231,0.296875,0.375,0.0,0.0,0.125,0.0,0.0,0.125,0.078125
1,1,0.9038461538,0.3461538462,0.5192307692,0.0,0.0,0.0,0.0,0.0,0.1346153846,0.0
1,1,0.9352517986,0.475,0.425,0.0,0.0,0.0,0.0,0.0,0.1,0.0
1,1,0.8823529412,0.3773584906,0.4150943396,0.0,0.0,0.01886792453,0.0,0.0,0.1698113208,0.01886792453
1,1,0.9245283019,0.4754098361,0.393442623,0.0,0.0,0.0,0.0,0.0,0.1147540984,0.01639344262
1,1,0.8932038835,0.3965517241,0.3965517241,0.0,0.0,0.0,0.0,0.0,0.2068965517,0.0
1,1,0.9208633094,0.4769230769,0.3230769231,0.0,0.0,0.0,0.0,0.0,0.1846153846,0.01538461538
1,1,0.8372093023,0.4920634921,0.3650793651,0.0,0.0,0.0,0.0,0.126984127,0.01587301587,0.0
1,1,0.8712871287,0.2950819672,0.4754098361,0.0,0.0,0.1639344262,0.0,0.0,0.06557377049,0.0
1,1,0.9038461538,0.3454545455,0.4727272727,0.0,0.0,0.01818181818,0.01818181818,0.0,0.1454545455,0.0
1,1,0.9333333333,0.3518518519,0.462962963,0.01851851852,0.0,0.0,0.0,0.0,0.1666666667,0.0
1,1,0.9312977099,0.4347826087,0.3623188406,0.0,0.0,0.0,0.0,0.0,0.2028985507,0.0
1,1,0.9242424242,0.4761904762,0.3333333333,0.0,0.01587301587,0.0,0.0,0.0,0.1746031746,0.0
1,1,0.8888888889,0.3787878788,0.3787878788,0.0,0.0,0.04545454545,0.0,0.0,0.1666666667,0.0303030303
1,1,0.9444444444,0.3148148148,0.537037037,0.0,0.0,0.0,0.0,0.0,0.1481481481,0.0
1,1,0.8888888889,0.4561403509,0.3859649123,0.0,0.0,0.0,0.0,0.0,0.1578947368,0.0
1,1,0.9285714286,0.3846153846,0.2857142857,0.0,0.01098901099,0.1098901099,0.0,0.0,0.1318681319,0.07692307692
1,1,0.88,0.3018867925,0.4528301887,0.0,0.0,0.09433962264,0.0,0.0,0.09433962264,0.05660377358
1,1,0.868852459,0.4328358209,0.447761194,0.0,0.01492537313,0.02985074627,0.0,0.0,0.05970149254,0.01492537313
1,1,0.9142857143,0.4696969697,0.3787878788,0.0,0.01515151515,0.07575757576,0.0,0.0,0.04545454545,0.01515151515
1,1,0.9130434783,0.5,0.3461538462,0.01282051282,0.0,0.02564102564,0.0,0.0,0.1153846154,0.0
1,1,0.9038461538,0.4230769231,0.4807692308,0.0,0.0,0.0,0.0,0.0,0.09615384615,0.0
1,1,0.896,0.3164556962,0.3670886076,0.0,0.0,0.1139240506,0.0,0.0,0.1392405063,0.06329113924
1,1,0.8712871287,0.4,0.3818181818,0.0,0.0,0.0,0.0,0.0,0.2181818182,0.0
1,1,0.9245283019,0.2181818182,0.6,0.0,0.0,0.0,0.0,0.0,0.1818181818,0.0
1,1,0.9357798165,0.3728813559,0.4406779661,0.01694915254,0.0,0.0,0.0,0.0,0.1694915254,0.0
1,1,0.9142857143,0.3018867925,0.5094339623,0.0,0.0,0.01886792453,0.01886792453,0.0,0.1509433962,0.0
1,1,0.921875,0.40625,0.40625,0.0,0.0,0.0,0.0,0.0,0.171875,0.015625
1,1,0.9285714286,0.476744186,0.3372093023,0.05813953488,0.03488372093,0.01162790698,0.0,0.0,0.08139534884,0.0
1,1,0.9428571429,0.2307692308,0.4725274725,0.1428571429,0.01098901099,0.0,0.0,0.0,0.05494505495,0.08791208791
1,1,0.8823529412,0.5,0.5,0.0,0.0,0.0,0.0,0.0,0.0,0.0
1,1,0.88,0.4038461538,0.4807692308,0.0,0.0,0.0,0.0,0.0,0.1153846154,0.0
1,1,0.86,0.3777777778,0.4666666667,0.0,0.0,0.0,0.0,0.0,0.1555555556,0.0
1,1,0.8712871287,0.3469387755,0.4897959184,0.0,0.0,0.0,0.0,0.0,0.1632653061,0.0
1,1,0.8823529412,0.3571428571,0.4107142857,0.0,0.0,0.0,0.0,0.0,0.2321428571,0.0
1,1,0.86,0.3191489362,0.5106382979,0.0,0.0,0.0,0.0,0.0,0.170212766,0.0
1,1,0.9345794393,0.3846153846,0.3846153846,0.0,0.0,0.0,0.0,0.0,0.2307692308,0.0
1,1,0.8888888889,0.4528301887,0.3773584906,0.0,0.0,0.0,0.0,0.0,0.1509433962,0.01886792453
1,1,0.8709677419,0.4225352113,0.3098591549,0.0,0.0,0.0,0.0,0.0,0.2676056338,0.0
1,1,0.9245283019,0.3650793651,0.4285714286,0.0,0.0,0.0,0.0,0.0,0.2063492063,0.0
1,1,0.972972973,0.3650793651,0.5079365079,0.0,0.0,0.01587301587,0.0,0.0,0.1111111111,0.0
1,1,0.8805970149,0.4925373134,0.4328358209,0.0,0.0,0.0,0.0,0.05970149254,0.01492537313,0.0
1,1,0.8932038835,0.3157894737,0.4912280702,0.0,0.0,0.01754385965,0.01754385965,0.0,0.1578947368,0.0
1,1,0.9038461538,0.3859649123,0.4736842105,0.0,0.0,0.0,0.0,0.0,0.1403508772,0.0
1,1,0.9047619048,0.4393939394,0.3787878788,0.01515151515,0.0,0.0,0.0,0.0,0.1666666667,0.0
1,1,0.868852459,0.4107142857,0.4642857143,0.0,0.0,0.01785714286,0.0,0.0,0.08928571429,0.01785714286
1,1,0.9444444444,0.3793103448,0.4482758621,0.01724137931,0.0,0.0,0.0,0.0,0.1551724138,0.0
1,1,0.9618320611,0.4126984127,0.4603174603,0.0,0.0,0.03174603175,0.0,0.0,0.06349206349,0.03174603175
1,1,0.9038461538,0.2763157895,0.4078947368,0.0,0.0,0.1447368421,0.0,0.0,0.09210526316,0.07894736842
1,1,0.8932038835,0.3571428571,0.5357142857,0.0,0.03571428571,0.0,0.0,0.0,0.05357142857,0.01785714286
1,1,0.9541284404,0.3050847458,0.5423728814,0.0,0.0,0.01694915254,0.01694915254,0.0,0.08474576271,0.03389830508
1,1,0.9038461538,0.4,0.4571428571,0.0,0.0,0.0,0.0,0.0,0.1428571429,0.0
1,1,0.8571428571,0.546875,0.453125,0.0,0.0,0.0,0.0,0.0,0.0,0.0
1,1,0.8823529412,0.42,0.46,0.0,0.0,0.0,0.0,0.0,0.1,0.02
1,1,0.9444444444,0.3220338983,0.5084745763,0.03389830508,0.0,0.01694915254,0.0,0.0,0.1186440678,0.0
1,1,0.8712871287,0.358490566,0.6037735849,0.0,0.0,0.01886792453,0.0,0.0,0.0,0.01886792453
1,1,0.9230769231,0.3928571429,0.5,0.0,0.0,0.0,0.0,0.0,0.1071428571,0.0
1,1,0.8712871287,0.32,0.46,0.0,0.0,0.02,0.0,0.0,0.2,0.0
1,1,0.8932038835,0.3541666667,0.4791666667,0.0,0.0,0.0,0.0,0.0,0.1666666667,0.0
1,1,0.8823529412,0.3518518519,0.6111111111,0.0,0.0,0.01851851852,0.0,0.0,0.0,0.01851851852
1,1,0.8429752066,0.3684210526,0.3684210526,0.0,0.0,0.0,0.0,0.0,0.2631578947,0.0
1,1,0.9333333333,0.3666666667,0.4166666667,0.01666666667,0.0,0.0,0.0,0.0,0.2,0.0
1,1,0.9142857143,0.3653846154,0.4615384615,0.0,0.0,0.03846153846,0.0,0.0,0.1346153846,0.0
1,1,0.9051094891,0.5466666667,0.4533333333,0.0,0.0,0.0,0.0,0.0,0.0,0.0
1,1,0.9295774648,0.4,0.4142857143,0.0,0.0,0.02857142857,0.0,0.0,0.1428571429,0.01428571429
1,1,0.9275362319,0.4848484848,0.4090909091,0.0,0.01515151515,0.0,0.0,0.0,0.06060606061,0.0303030303
1,1,0.9142857143,0.4237288136,0.3898305085,0.0,0.0,0.06779661017,0.0,0.0,0.06779661017,0.05084745763
1,1,0.9444444444,0.3392857143,0.5178571429,0.0,0.0,0.01785714286,0.01785714286,0.0,0.08928571429,0.01785714286
1,1,0.9245283019,0.358490566,0.4716981132,0.0,0.0,0.03773584906,0.0,0.0,0.1320754717,0.0
1,1,0.9019607843,0.2898550725,0.347826087,0.0,0.0,0.1739130435,0.0,0.0,0.05797101449,0.1304347826
1,1,0.8823529412,0.3636363636,0.5227272727,0.0,0.04545454545,0.0,0.0,0.0,0.04545454545,0.02272727273
1,1,0.9345794393,0.3214285714,0.5,0.03571428571,0.0,0.01785714286,0.0,0.0,0.125,0.0
1,1,0.9285714286,0.4050632911,0.3924050633,0.0,0.0,0.06329113924,0.0,0.0,0.08860759494,0.05063291139
1,1,0.8932038835,0.3636363636,0.4909090909,0.0,0.0,0.0,0.0,0.0,0.1454545455,0.0
1,1,0.8970588235,0.4179104478,0.3582089552,0.0,0.0,0.0,0.0,0.223880597,0.0,0.0
1,1,0.8235294118,0.34,0.46,0.0,0.0,0.0,0.0,0.0,0.2,0.0
1,1,0.9444444444,0.3484848485,0.4848484848,0.0,0.0,0.0,0.0,0.0,0.1666666667,0.0
1,1,0.9230769231,0.3653846154,0.4615384615,0.0,0.0,0.03846153846,0.0,0.0,0.1346153846,0.0
1,1,0.8721804511,0.5,0.5,0.0,0.0,0.0,0.0,0.0,0.0,0.0
1,1,0.90625,0.3676470588,0.3970588235,0.0,0.0,0.04411764706,0.0,0.0,0.1911764706,0.0
1,1,0.8823529412,0.2916666667,0.5,0.0,0.0,0.0,0.0,0.0,0.2083333333,0.0
1,1,0.9345794393,0.3384615385,0.4769230769,0.0,0.0,0.0,0.0,0.0,0.1846153846,0.0
1,1,0.9142857143,0.3684210526,0.4210526316,0.0,0.0,0.0,0.0,0.0,0.2105263158,0.0
1,1,0.9038461538,0.3898305085,0.406779661,0.0,0.0,0.0,0.0,0.0,0.2033898305,0.0
1,1,0.9038461538,0.3620689655,0.4482758621,0.0,0.0,0.01724137931,0.01724137931,0.0,0.1551724138,0.0
1,1,0.8549618321,0.4558823529,0.3970588235,0.0,0.0,0.0,0.0,0.1470588235,0.0,0.0
1,1,0.9345794393,0.3636363636,0.4696969697,0.0,0.0,0.0,0.0,0.0,0.1666666667,0.0
1,1,0.9142857143,0.3725490196,0.4509803922,0.0,0.0,0.03921568627,0.0,0.0,0.137254902,0.0
1,1,0.9130434783,0.3863636364,0.2840909091,0.0,0.01136363636,0.1136363636,0.0,0.0,0.125,0.07954545455
1,1,0.9038461538,0.3653846154,0.4807692308,0.0,0.0,0.01923076923,0.01923076923,0.0,0.1153846154,0.0
1,1,0.9038461538,0.298245614,0.4912280702,0.0,0.0,0.01754385965,0.01754385965,0.0,0.1754385965,0.0
1,1,0.9142857143,0.358490566,0.4716981132,0.0,0.0,0.03773584906,0.0,0.0,0.1320754717,0.0
1,1,0.9245283019,0.2631578947,0.6315789474,0.0,0.0,0.0,0.0,0.0,0.1052631579,0.0
1,1,0.9142857143,0.4262295082,0.4098360656,0.0,0.0,0.0,0.0,0.0,0.1639344262,0.0
1,1,0.9019607843,0.3928571429,0.4285714286,0.0,0.0,0.0,0.0,0.0,0.1785714286,0.0
1,1,0.8932038835,0.3559322034,0.3559322034,0.0,0.0,0.01694915254,0.0,0.0,0.2372881356,0.03389830508
1,1,0.8095238095,0.5223880597,0.3880597015,0.0,0.0,0.01492537313,0.0,0.0,0.05970149254,0.01492537313
1,1,0.9142857143,0.3636363636,0.4727272727,0.03636363636,0.0,0.01818181818,0.0,0.0,0.1090909091,0.0
1,1,0.9245283019,0.3571428571,0.4464285714,0.01785714286,0.0,0.0,0.0,0.0,0.1785714286,0.0
1,1,0.9357798165,0.3620689655,0.4655172414,0.01724137931,0.0,0.0,0.0,0.0,0.1551724138,0.0
1,1,0.9361702128,0.4705882353,0.4117647059,0.0,0.0,0.0,0.0,0.0,0.1029411765,0.01470588235
1,1,0.9142857143,0.328125,0.390625,0.0,0.0,0.125,0.0,0.0,0.109375,0.046875
1,1,0.9038461538,0.2264150943,0.5849056604,0.0,0.0,0.0,0.0,0.0,0.1886792453,0.0
1,1,0.9142857143,0.4181818182,0.4363636364,0.0,0.01818181818,0.0,0.0,0.0,0.1272727273,0.0
1,1,0.9345794393,0.3333333333,0.4912280702,0.0,0.0,0.01754385965,0.01754385965,0.0,0.1052631579,0.0350877193
1,1,0.9038461538,0.3333333333,0.3650793651,0.0,0.0,0.09523809524,0.0,0.0,0.1587301587,0.04761904762
1,1,0.9047619048,0.3898305085,0.4576271186,0.0,0.0,0.0,0.0,0.0,0.1525423729,0.0
1,1,0.8780487805,0.484375,0.515625,0.0,0.0,0.0,0.0,0.0,0.0,0.0
1,1,0.9345794393,0.3333333333,0.4848484848,0.0,0.0,0.0,0.0,0.0,0.1818181818,0.0
1,1,0.8712871287,0.3653846154,0.4230769231,0.0,0.0,0.01923076923,0.0,0.0,0.1923076923,0.0
1,1,0.9142857143,0.3833333333,0.4166666667,0.0,0.0,0.0,0.0,0.0,0.2,0.0
1,1,0.9038461538,0.4035087719,0.4035087719,0.0,0.0,0.0,0.0,0.0,0.1929824561,0.0
1,1,0.9345794393,0.2321428571,0.625,0.0,0.0,0.0,0.01785714286,0.0,0.1071428571,0.01785714286
1,1,0.9230769231,0.350877193,0.4736842105,0.0,0.0,0.0350877193,0.0,0.0,0.1228070175,0.01754385965
1,1,0.8780487805,0.5147058824,0.3823529412,0.0,0.0,0.02941176471,0.0,0.0,0.05882352941,0.01470588235
1,1,0.8823529412,0.3191489362,0.4680851064,0.0,0.0,0.0,0.0,0.0,0.2127659574,0.0
1,1,0.8823529412,0.34,0.46,0.0,0.0,0.02,0.0,0.0,0.18,0.0
1,1,0.9126213592,0.2407407407,0.6481481481,0.0,0.0,0.0,0.0,0.0,0.1111111111,0.0
1,1,0.8721804511,0.4558823529,0.5441176471,0.0,0.0,0.0,0.0,0.0,0.0,0.0
1,1,0.8870967742,0.3846153846,0.3230769231,0.0,0.0,0.01538461538,0.0,0.0,0.2615384615,0.01538461538
1,1,0.8932038835,0.36,0.52,0.0,0.0,0.0,0.0,0.0,0.12,0.0
1,1,0.9160305344,0.4303797468,0.3164556962,0.0,0.0,0.01265822785,0.01265822785,0.0,0.2278481013,0.0
1,1,0.8932038835,0.375,0.4642857143,0.0,0.0,0.01785714286,0.0,0.0,0.1428571429,0.0
1,1,0.88,0.3787878788,0.4090909091,0.0,0.0,0.01515151515,0.0,0.0,0.1818181818,0.01515151515
1,1,0.8709677419,0.3921568627,0.3921568627,0.0,0.0,0.0,0.0,0.0,0.2156862745,0.0
1,1,0.9142857143,0.3275862069,0.5689655172,0.0,0.03448275862,0.0,0.0,0.0,0.06896551724,0.0
1,1,0.9541284404,0.3382352941,0.4852941176,0.0,0.0,0.0,0.0,0.0,0.1764705882,0.0
1,1,0.90625,0.390625,0.484375,0.0,0.0,0.015625,0.0,0.0,0.09375,0.015625
1,1,0.9333333333,0.3684210526,0.4561403509,0.01754385965,0.0,0.0,0.0,0.0,0.1578947368,0.0
1,1,0.9352517986,0.5072463768,0.2753623188,0.0,0.0,0.1739130435,0.0,0.0,0.04347826087,0.0
1,1,0.9142857143,0.3666666667,0.4333333333,0.0,0.0,0.0,0.0,0.0,0.2,0.0
1,1,0.9038461538,0.3962264151,0.4905660377,0.0,0.0,0.0,0.0,0.0,0.1132075472,0.0
1,1,0.8739495798,0.393442623,0.4262295082,0.0,0.0,0.0,0.0,0.0,0.1803278689,0.0
1,1,0.86,0.3181818182,0.5,0.0,0.0,0.0,0.0,0.0,0.1818181818,0.0
1,1,0.9038461538,0.3571428571,0.4821428571,0.0,0.0,0.01785714286,0.01785714286,0.0,0.125,0.0
1,1,0.8709677419,0.5147058824,0.3823529412,0.0,0.0,0.02941176471,0.0,0.0,0.05882352941,0.01470588235
1,1,0.9142857143,0.3770491803,0.4426229508,0.0,0.0,0.03278688525,0.01639344262,0.0,0.1147540984,0.01639344262
1,1,0.8823529412,0.3653846154,0.4038461538,0.0,0.0,0.01923076923,0.01923076923,0.0,0.1923076923,0.0
1,1,0.8932038835,0.358490566,0.4339622642,0.0,0.0,0.01886792453,0.0,0.0,0.1886792453,0.0
1,1,0.9038461538,0.3965517241,0.4482758621,0.0,0.0,0.0,0.0,0.0,0.1551724138,0.0
1,1,0.8617886179,0.4142857143,0.4714285714,0.02857142857,0.02857142857,0.0,0.0,0.0,0.01428571429,0.04285714286
1,1,0.8805970149,0.4098360656,0.4754098361,0.0,0.0,0.0,0.0,0.09836065574,0.01639344262,0.0
1,1,0.9038461538,0.3684210526,0.4385964912,0.0,0.0,0.01754385965,0.0,0.0,0.1754385965,0.0
1,1,0.9142857143,0.4482758621,0.3793103448,0.0,0.0,0.05172413793,0.0,0.0,0.08620689655,0.03448275862
1,1,0.9142857143,0.2631578947,0.4078947368,0.0,0.0,0.1447368421,0.0,0.0,0.1052631579,0.07894736842
1,1,0.9019607843,0.4166666667,0.4,0.0,0.0,0.0,0.0,0.0,0.1833333333,0.0
1,1,0.9038461538,0.3725490196,0.4509803922,0.0,0.0,0.03921568627,0.0,0.0,0.137254902,0.0
1,1,0.9444444444,0.406779661,0.4576271186,0.0,0.0,0.0,0.0,0.0,0.1355932203,0.0
1,1,0.9577464789,0.4567901235,0.3456790123,0.0,0.0,0.0,0.01234567901,0.0,0.1851851852,0.0
1,1,0.9230769231,0.3521126761,0.4788732394,0.0,0.0,0.0,0.0,0.0,0.1690140845,0.0
1,1,0.9302325581,0.4153846154,0.4,0.0,0.0,0.04615384615,0.0,0.0,0.1384615385,0.0
1,1,0.9423076923,0.3818181818,0.4363636364,0.01818181818,0.0,0.0,0.0,0.0,0.1636363636,0.0
1,1,0.868852459,0.4385964912,0.4210526316,0.0,0.0,0.0,0.0,0.1052631579,0.0350877193,0.0
1,1,0.9142857143,0.4032258065,0.4032258065,0.0,0.0,0.0,0.0,0.0,0.1935483871,0.0
1,1,0.8823529412,0.3269230769,0.4230769231,0.0,0.0,0.01923076923,0.01923076923,0.0,0.2115384615,0.0
1,1,0.9038461538,0.2115384615,0.5769230769,0.0,0.0,0.03846153846,0.0,0.0,0.1346153846,0.03846153846
1,1,0.9038461538,0.3137254902,0.568627451,0.0,0.0,0.0,0.0,0.0,0.1176470588,0.0
1,1,0.9076923077,0.4,0.3294117647,0.0,0.0,0.08235294118,0.0,0.0,0.1529411765,0.03529411765
1,1,0.9142857143,0.3653846154,0.4615384615,0.0,0.0,0.03846153846,0.0,0.0,0.1346153846,0.0
1,1,0.9245283019,0.3333333333,0.4509803922,0.0,0.0,0.03921568627,0.0,0.0,0.1764705882,0.0
1,1,0.9142857143,0.34,0.52,0.0,0.0,0.0,0.0,0.0,0.14,0.0
1,1,0.9142857143,0.2222222222,0.5925925926,0.0,0.0,0.0,0.0,0.0,0.1851851852,0.0
1,1,0.9038461538,0.3333333333,0.5098039216,0.0,0.0,0.01960784314,0.01960784314,0.0,0.1176470588,0.0
1,1,0.8721804511,0.4090909091,0.4242424242,0.0,0.0,0.0,0.0,0.1515151515,0.01515151515,0.0
1,1,0.9038461538,0.3454545455,0.4363636364,0.0,0.0,0.01818181818,0.0,0.0,0.2,0.0
1,1,0.9423076923,0.3888888889,0.4074074074,0.01851851852,0.0,0.0,0.0,0.0,0.1851851852,0.0
1,1,0.9345794393,0.3484848485,0.4696969697,0.0,0.0,0.0,0.0,0.0,0.1818181818,0.0
1,1,0.8712871287,0.38,0.44,0.0,0.0,0.04,0.0,0.0,0.14,0.0
1,1,0.8823529412,0.3454545455,0.4727272727,0.0,0.0,0.01818181818,0.01818181818,0.0,0.1454545455,0.0
1,1,0.8888888889,0.4927536232,0.4057971014,0.0,0.01449275362,0.02898550725,0.0,0.0,0.04347826087,0.01449275362
1,1,0.9147286822,0.3561643836,0.4657534247,0.0,0.0,0.0,0.0,0.0,0.1780821918,0.0
1,1,0.9245283019,0.3448275862,0.4827586207,0.0,0.0,0.03448275862,0.0,0.0,0.1206896552,0.01724137931
1,1,0.9245283019,0.2777777778,0.6111111111,0.0,0.0,0.0,0.0,0.0,0.1111111111,0.0
1,1,0.9444444444,0.3432835821,0.4776119403,0.0,0.0,0.0,0.0,0.0,0.1791044776,0.0
1,1,0.8682170543,0.4754098361,0.4754098361,0.0,0.0,0.0,0.0,0.04918032787,0.0,0.0
1,1,0.9142857143,0.3653846154,0.4615384615,0.0,0.0,0.03846153846,0.0,0.0,0.1346153846,0.0
1,1,0.9230769231,0.3396226415,0.4716981132,0.01886792453,0.0,0.0,0.0,0.0,0.1698113208,0.0
1,1,0.9444444444,0.3454545455,0.5090909091,0.0,0.0,0.0,0.0,0.0,0.1454545455,0.0
1,1,0.8888888889,0.4142857143,0.3714285714,0.0,0.0,0.01428571429,0.0,0.0,0.1857142857,0.01428571429
1,1,0.9230769231,0.4153846154,0.4,0.0,0.0,0.04615384615,0.0,0.0,0.1384615385,0.0
1,1,0.8686868687,0.358490566,0.4150943396,0.0,0.0,0.01886792453,0.0,0.0,0.1698113208,0.03773584906
1,1,0.8970588235,0.5405405405,0.3378378378,0.0,0.02702702703,0.02702702703,0.0,0.0,0.05405405405,0.01351351351
1,1,0.9219858156,0.4482758621,0.2873563218,0.0,0.0,0.08045977011,0.0,0.0,0.1379310345,0.04597701149
1,1,0.9245283019,0.4098360656,0.4590163934,0.0,0.0,0.0,0.0,0.0,0.1147540984,0.01639344262
1,1,0.8712871287,0.4285714286,0.4107142857,0.0,0.0,0.0,0.0,0.0,0.1607142857,0.0
1,1,0.8721804511,0.4166666667,0.5,0.0,0.0,0.0,0.0,0.06666666667,0.01666666667,0.0
1,1,0.8932038835,0.3333333333,0.5740740741,0.0,0.03703703704,0.0,0.0,0.0,0.05555555556,0.0
1,1,0.9172932331,0.4197530864,0.3333333333,0.0,0.0,0.01234567901,0.01234567901,0.0,0.2222222222,0.0
1,1,0.9230769231,0.380952381,0.4285714286,0.0,0.0,0.0,0.0,0.0,0.1904761905,0.0
1,1,0.9126213592,0.3090909091,0.4727272727,0.0,0.0,0.1454545455,0.0,0.0,0.07272727273,0.0
1,1,0.9038461538,0.3728813559,0.4576271186,0.0,0.01694915254,0.1186440678,0.0,0.0,0.03389830508,0.0
1,1,0.9636363636,0.2419354839,0.6612903226,0.0,0.0,0.0,0.0,0.0,0.09677419355,0.0
1,1,0.8932038835,0.406779661,0.4237288136,0.0,0.0,0.0,0.0,0.0,0.1694915254,0.0
1,1,0.8932038835,0.4339622642,0.4339622642,0.0,0.01886792453,0.0,0.0,0.0,0.1132075472,0.0
1,1,0.9142857143,0.3518518519,0.5,0.0,0.0,0.01851851852,0.0,0.0,0.09259259259,0.03703703704
1,1,0.9541284404,0.3333333333,0.5166666667,0.03333333333,0.0,0.01666666667,0.0,0.0,0.1,0.0
1,1,0.8769230769,0.4848484848,0.4393939394,0.0,0.0,0.0,0.0,0.06060606061,0.01515151515,0.0
1,1,0.9142857143,0.3103448276,0.5344827586,0.0,0.0,0.08620689655,0.0,0.0,0.06896551724,0.0
1,1,0.9245283019,0.3653846154,0.4615384615,0.0,0.0,0.03846153846,0.0,0.0,0.1346153846,0.0
1,1,0.9032258065,0.3939393939,0.3939393939,0.0,0.0,0.01515151515,0.0,0.0,0.196969697,0.0
1,1,0.9133858268,0.3666666667,0.4666666667,0.0,0.0,0.0,0.01666666667,0.0,0.15,0.0
1,1,0.9142857143,0.3653846154,0.4615384615,0.0,0.0,0.03846153846,0.0,0.0,0.1346153846,0.0
1,1,0.9142857143,0.3770491803,0.4590163934,0.0,0.0,0.0,0.0,0.0,0.1639344262,0.0
1,1,0.9636363636,0.2637362637,0.4065934066,0.0,0.02197802198,0.1648351648,0.0,0.0,0.03296703297,0.1098901099
1,1,0.9345794393,0.3636363636,0.4727272727,0.0,0.0,0.03636363636,0.0,0.0,0.1272727273,0.0
1,1,0.9197080292,0.4512195122,0.3292682927,0.0,0.0,0.0,0.01219512195,0.0,0.2073170732,0.0
1,1,0.9291338583,0.3968253968,0.4444444444,0.0,0.0,0.01587301587,0.01587301587,0.0,0.07936507937,0.04761904762
1,1,0.8484848485,0.5,0.5,0.0,0.0,0.0,0.0,0.0,0.0,0.0
1,1,0.9038461538,0.3272727273,0.5272727273,0.0,0.0,0.07272727273,0.0,0.0,0.07272727273,0.0
1,1,0.8823529412,0.3260869565,0.5652173913,0.0,0.0,0.0,0.0,0.0,0.1086956522,0.0
1,1,0.9541284404,0.3382352941,0.4852941176,0.0,0.0,0.0,0.0,0.0,0.1764705882,0.0
1,1,0.9230769231,0.2909090909,0.4363636364,0.0,0.0,0.03636363636,0.0,0.0,0.2,0.03636363636
1,1,0.86,0.3461538462,0.5384615385,0.0,0.03846153846,0.0,0.0,0.0,0.07692307692,0.0
1,1,0.8932038835,0.3859649123,0.4210526316,0.0,0.0,0.0,0.0,0.0,0.1929824561,0.0
1,1,0.90625,0.3880597015,0.3880597015,0.0,0.0,0.01492537313,0.0,0.0,0.1940298507,0.01492537313
1,1,0.8932038835,0.3965517241,0.3965517241,0.0,0.0,0.0,0.0,0.0,0.2068965517,0.0
1,1,0.9245283019,0.2372881356,0.5084745763,0.0,0.0,0.06779661017,0.0,0.0,0.1525423729,0.03389830508
1,1,0.8823529412,0.3191489362,0.4893617021,0.0,0.0,0.0,0.0,0.0,0.1914893617,0.0
1,1,0.9130434783,0.5324675325,0.4675324675,0.0,0.0,0.0,0.0,0.0,0.0,0.0
1,1,0.9038461538,0.4,0.4166666667,0.0,0.0,0.0,0.0,0.0,0.1833333333,0.0
1,1,0.8686868687,0.358490566,0.5471698113,0.0,0.03773584906,0.0,0.0,0.0,0.05660377358,0.0
1,1,0.8888888889,0.4027777778,0.3611111111,0.0,0.0,0.01388888889,0.0,0.0,0.2083333333,0.01388888889
1,1,0.8823529412,0.3333333333,0.4791666667,0.0,0.0,0.0,0.0,0.0,0.1875,0.0
1,1,0.88,0.4838709677,0.3225806452,0.0,0.0,0.01612903226,0.0,0.0,0.1612903226,0.01612903226
1,1,0.9541284404,0.3333333333,0.5263157895,0.0,0.0,0.01754385965,0.01754385965,0.0,0.08771929825,0.01754385965
1,1,0.9444444444,0.3333333333,0.537037037,0.0,0.0,0.01851851852,0.0,0.0,0.09259259259,0.01851851852
1,1,0.9245283019,0.3389830508,0.4406779661,0.0,0.0,0.0,0.0,0.0,0.2033898305,0.01694915254
1,1,0.8910891089,0.38,0.52,0.0,0.0,0.02,0.0,0.0,0.08,0.0
1,1,0.9038461538,0.4310344828,0.4482758621,0.0,0.0,0.0,0.0,0.0,0.1206896552,0.0
1,1,0.8656716418,0.4637681159,0.4202898551,0.0,0.0,0.0,0.0,0.115942029,0.0,0.0
1,1,0.8932038835,0.3275862069,0.4137931034,0.0,0.0,0.08620689655,0.0,0.0,0.1206896552,0.05172413793
1,1,0.9038461538,0.3214285714,0.5357142857,0.0,0.0,0.07142857143,0.0,0.0,0.07142857143,0.0
1,1,0.8932038835,0.3898305085,0.3728813559,0.0,0.0,0.0,0.0,0.0,0.2372881356,0.0
1,1,0.9285714286,0.4074074074,0.3580246914,0.0,0.0,0.0,0.01234567901,0.0,0.2222222222,0.0
1,1,0.9038461538,0.2545454545,0.6363636364,0.0,0.0,0.0,0.0,0.0,0.1090909091,0.0
1,1,0.9038461538,0.3548387097,0.3709677419,0.01612903226,0.03225806452,0.1290322581,0.0,0.0,0.09677419355,0.0
1,1,0.8549618321,0.4838709677,0.4193548387,0.0,0.0,0.01612903226,0.0,0.0,0.08064516129,0.0
1,1,0.8976377953,0.4590163934,0.4262295082,0.0,0.0,0.0,0.0,0.0,0.09836065574,0.01639344262
1,1,0.890625,0.462962963,0.3888888889,0.0,0.0,0.0,0.0,0.0,0.1481481481,0.0
1,1,0.8823529412,0.1875,0.4583333333,0.0,0.0,0.1875,0.0,0.0,0.1666666667,0.0
1,1,0.85,0.5,0.5,0.0,0.0,0.0,0.0,0.0,0.0,0.0
1,1,0.9361702128,0.4534883721,0.2674418605,0.0,0.0,0.04651162791,0.0,0.0,0.2093023256,0.02325581395
1,1,0.9032258065,0.435483871,0.4677419355,0.0,0.0,0.01612903226,0.0,0.0,0.08064516129,0.0
1,1,0.9333333333,0.3461538462,0.5192307692,0.0,0.0,0.01923076923,0.0,0.0,0.09615384615,0.01923076923
1,1,0.90625,0.3561643836,0.4520547945,0.0,0.0,0.0,0.0,0.0,0.1917808219,0.0
1,1,0.9142857143,0.4,0.4166666667,0.0,0.0,0.0,0.0,0.0,0.1833333333,0.0
1,1,0.9345794393,0.3333333333,0.4736842105,0.01754385965,0.0,0.0,0.0,0.0,0.1754385965,0.0
1,1,0.9333333333,0.4705882353,0.3382352941,0.0,0.0,0.0,0.0,0.0,0.1911764706,0.0
1,1,0.9333333333,0.3559322034,0.4576271186,0.0,0.0,0.05084745763,0.0,0.0,0.1016949153,0.03389830508
1,1,0.9142857143,0.3389830508,0.4406779661,0.01694915254,0.0,0.0,0.0,0.0,0.2033898305,0.0
1,1,0.8712871287,0.3518518519,0.462962963,0.0,0.0,0.01851851852,0.0,0.0,0.1666666667,0.0
1,1,0.896,0.484375,0.328125,0.109375,0.015625,0.0,0.0,0.0,0.0625,0.0
1,1,0.8461538462,0.4603174603,0.5396825397,0.0,0.0,0.0,0.0,0.0,0.0,0.0
1,1,0.8823529412,0.3137254902,0.4901960784,0.0,0.0,0.01960784314,0.01960784314,0.0,0.1568627451,0.0
1,1,0.9245283019,0.3898305085,0.4576271186,0.0,0.0,0.0,0.0,0.0,0.1525423729,0.0
1,1,0.9333333333,0.3384615385,0.4923076923,0.0,0.0,0.0,0.0,0.0,0.1692307692,0.0
1,1,0.9345794393,0.350877193,0.4912280702,0.0350877193,0.0,0.01754385965,0.0,0.0,0.1052631579,0.0
1,1,0.9361702128,0.3611111111,0.4722222222,0.0,0.0,0.01388888889,0.0,0.0,0.1388888889,0.01388888889
1,1,0.9142857143,0.3684210526,0.4210526316,0.0,0.0,0.01754385965,0.0,0.0,0.1929824561,0.0
1,1,0.9038461538,0.2916666667,0.3472222222,0.0,0.0,0.1666666667,0.0,0.0,0.06944444444,0.125
1,1,0.9142857143,0.3559322034,0.4406779661,0.01694915254,0.0,0.0,0.0,0.0,0.186440678,0.0
1,1,0.9019607843,0.4237288136,0.406779661,0.0,0.0,0.0,0.0,0.0,0.1694915254,0.0
1,1,0.9038461538,0.3571428571,0.5178571429,0.0,0.0,0.05357142857,0.0,0.0,0.07142857143,0.0
1,1,0.8721804511,0.4769230769,0.4153846154,0.0,0.0,0.0,0.0,0.09230769231,0.01538461538,0.0
1,1,0.90625,0.421875,0.390625,0.0,0.0,0.046875,0.0,0.0,0.140625,0.0
1,1,0.8823529412,0.4310344828,0.3793103448,0.0,0.0,0.0,0.0,0.0,0.1896551724,0.0
1,1,0.9245283019,0.3606557377,0.606557377,0.0,0.0,0.01639344262,0.0,0.0,0.0,0.01639344262
1,1,0.9345794393,0.2456140351,0.5964912281,0.0,0.0,0.0,0.0,0.0,0.1578947368,0.0
1,1,0.9147286822,0.3424657534,0.4657534247,0.0,0.0,0.0,0.0,0.0,0.1917808219,0.0
1,1,0.8932038835,0.3269230769,0.4807692308,0.0,0.0,0.01923076923,0.0,0.0,0.1730769231,0.0
1,1,0.9481481481,0.3484848485,0.5454545455,0.0,0.0,0.0,0.0,0.0,0.1060606061,0.0
1,1,0.9147286822,0.4558823529,0.3382352941,0.0,0.0,0.02941176471,0.0,0.0,0.1764705882,0.0
1,1,0.8686868687,0.4339622642,0.4150943396,0.0,0.01886792453,0.07547169811,0.0,0.0,0.03773584906,0.01886792453
1,1,0.9142857143,0.3653846154,0.4615384615,0.0,0.0,0.03846153846,0.0,0.0,0.1346153846,0.0
1,1,0.8372093023,0.4262295082,0.3442622951,0.0,0.0,0.01639344262,0.0,0.1967213115,0.01639344262,0.0
1,1,0.9285714286,0.5070422535,0.323943662,0.0,0.0,0.0,0.0,0.0,0.1549295775,0.01408450704
1,1,0.8932038835,0.4,0.5,0.0,0.0,0.0,0.0,0.0,0.1,0.0
1,1,0.9147286822,0.4179104478,0.3582089552,0.0,0.01492537313,0.0,0.0,0.0,0.2089552239,0.0
1,1,0.9345794393,0.3333333333,0.4912280702,0.0,0.0,0.01754385965,0.0,0.0,0.1228070175,0.0350877193
1,1,0.88,0.4035087719,0.4912280702,0.0,0.01754385965,0.01754385965,0.0,0.0,0.0701754386,0.0
1,1,0.9038461538,0.4035087719,0.4561403509,0.0,0.0,0.0,0.0,0.0,0.1403508772,0.0
1,1,0.9038461538,0.3272727273,0.4181818182,0.0,0.0,0.01818181818,0.0,0.0,0.2,0.03636363636
1,1,0.9142857143,0.3636363636,0.5090909091,0.0,0.0,0.01818181818,0.0,0.0,0.1090909091,0.0
1,1,0.9022556391,0.3827160494,0.2962962963,0.0,0.01234567901,0.0987654321,0.0,0.0,0.1358024691,0.07407407407
1,1,0.8823529412,0.4,0.44,0.0,0.0,0.0,0.0,0.0,0.16,0.0
1,1,0.8571428571,0.5,0.3787878788,0.0,0.0,0.0,0.0,0.1212121212,0.0,0.0
1,1,0.9019607843,0.3125,0.5416666667,0.0,0.0,0.02083333333,0.0,0.0,0.125,0.0
1,1,0.9552238806,0.3333333333,0.5606060606,0.0,0.0,0.0,0.0,0.0,0.1060606061,0.0
1,1,0.8595041322,0.4081632653,0.387755102,0.0,0.0,0.0,0.0,0.0,0.2040816327,0.0
1,1,0.9038461538,0.3725490196,0.4509803922,0.0,0.0,0.03921568627,0.0,0.0,0.137254902,0.0
1,1,0.9142857143,0.4098360656,0.393442623,0.0,0.0,0.0,0.0,0.0,0.1967213115,0.0
1,1,0.9345794393,0.3384615385,0.4923076923,0.0,0.0,0.0,0.0,0.0,0.1692307692,0.0
1,1,0.9126213592,0.3846153846,0.4807692308,0.0,0.0,0.01923076923,0.0,0.0,0.1153846154,0.0
1,1,0.8709677419,0.4035087719,0.3684210526,0.0,0.0,0.0350877193,0.0,0.0,0.1754385965,0.01754385965
1,1,0.9245283019,0.3968253968,0.4285714286,0.0,0.0,0.0,0.0,0.0,0.1746031746,0.0
1,1,0.9142857143,0.2727272727,0.4025974026,0.0,0.0,0.1428571429,0.0,0.0,0.1038961039,0.07792207792
1,1,0.8805970149,0.4375,0.328125,0.0,0.0,0.0,0.0,0.234375,0.0,0.0
1,1,0.9253731343,0.4459459459,0.3513513514,0.0,0.0,0.02702702703,0.0,0.0,0.1621621622,0.01351351351
1,1,0.8888888889,0.390625,0.359375,0.0,0.0,0.046875,0.0,0.0,0.171875,0.03125
1,1,0.9245283019,0.3142857143,0.3857142857,0.0,0.0,0.1285714286,0.0,0.0,0.07142857143,0.1
1,1,0.8823529412,0.3333333333,0.5111111111,0.0,0.0,0.0,0.0,0.0,0.1333333333,0.02222222222
1,1,0.8823529412,0.3191489362,0.4680851064,0.0,0.0,0.0,0.0,0.0,0.2127659574,0.0
1,1,0.953271028,0.25,0.65,0.0,0.0,0.0,0.0,0.0,0.1,0.0
1,1,0.9541284404,0.3939393939,0.4696969697,0.0,0.0,0.0,0.0,0.0,0.1212121212,0.01515151515
1,1,0.8976377953,0.4393939394,0.3787878788,0.0,0.0,0.0,0.0,0.0,0.1818181818,0.0
1,1,0.8595041322,0.5322580645,0.3387096774,0.0,0.01612903226,0.03225806452,0.0,0.0,0.06451612903,0.01612903226
1,1,0.8823529412,0.38,0.4,0.0,0.0,0.02,0.0,0.0,0.16,0.04
1,1,0.8372093023,0.4262295082,0.5737704918,0.0,0.0,0.0,0.0,0.0,0.0,0.0
1,1,0.9312977099,0.4347826087,0.3913043478,0.0,0.0,0.04347826087,0.0,0.0,0.1304347826,0.0
1,1,0.9302325581,0.4637681159,0.3333333333,0.0,0.0,0.0,0.0,0.0,0.2028985507,0.0
1,1,0.9333333333,0.4,0.4266666667,0.0,0.0,0.0,0.0,0.0,0.1733333333,0.0
1,1,0.9185185185,0.4342105263,0.3026315789,0.0,0.0,0.01315789474,0.0,0.0,0.2368421053,0.01315789474
1,1,0.8787878788,0.552238806,0.3432835821,0.0,0.0,0.01492537313,0.0,0.0,0.07462686567,0.01492537313
1,1,0.9203539823,0.4035087719,0.4035087719,0.0,0.0,0.0350877193,0.0,0.0,0.1578947368,0.0
1,1,0.9142857143,0.3725490196,0.4509803922,0.0,0.0,0.03921568627,0.0,0.0,0.137254902,0.0
1,1,0.8709677419,0.380952381,0.4920634921,0.0,0.04761904762,0.0,0.0,0.0,0.07936507937,0.0
1,1,0.9345794393,0.3035714286,0.5892857143,0.0,0.0,0.0,0.0,0.0,0.1071428571,0.0
1,1,0.9345794393,0.2456140351,0.5964912281,0.0,0.0,0.0,0.0,0.0,0.1578947368,0.0
1,1,0.8709677419,0.4769230769,0.5230769231,0.0,0.0,0.0,0.0,0.0,0.0,0.0
1,1,0.9147286822,0.4615384615,0.3692307692,0.0,0.0,0.04615384615,0.0,0.0,0.1230769231,0.0
1,1,0.8484848485,0.3777777778,0.4222222222,0.0,0.0,0.0,0.0,0.0,0.2,0.0
1,1,0.9142857143,0.4,0.4166666667,0.0,0.0,0.0,0.0,0.0,0.1833333333,0.0
1,1,0.88,0.375,0.4464285714,0.0,0.0,0.0,0.0,0.0,0.1785714286,0.0
1,1,0.9345794393,0.3666666667,0.4166666667,0.01666666667,0.0,0.0,0.0,0.0,0.2,0.0
1,1,0.8910891089,0.3818181818,0.4545454545,0.0,0.0,0.01818181818,0.0,0.0,0.1454545455,0.0
1,1,0.9038461538,0.3518518519,0.5,0.0,0.0,0.01851851852,0.0,0.0,0.1296296296,0.0
1,1,0.896,0.3382352941,0.3382352941,0.0,0.0,0.08823529412,0.0,0.0,0.1617647059,0.07352941176
1,1,0.9019607843,0.36,0.44,0.0,0.0,0.04,0.0,0.0,0.16,0.0
1,1,0.8910891089,0.4482758621,0.4137931034,0.0,0.0,0.03448275862,0.0,0.0,0.08620689655,0.01724137931
1,1,0.8721804511,0.4264705882,0.5735294118,0.0,0.0,0.0,0.0,0.0,0.0,0.0
1,1,0.9444444444,0.3684210526,0.4561403509,0.01754385965,0.0,0.0,0.0,0.0,0.1578947368,0.0
1,1,0.9142857143,0.3653846154,0.4615384615,0.0,0.0,0.03846153846,0.0,0.0,0.1346153846,0.0
1,1,0.8910891089,0.32,0.5,0.0,0.0,0.04,0.0,0.0,0.14,0.0
1,1,0.9361702128,0.5352112676,0.2816901408,0.0,0.01408450704,0.0,0.0,0.0,0.1690140845,0.0
1,1,0.9636363636,0.2419354839,0.6612903226,0.0,0.0,0.0,0.0,0.0,0.09677419355,0.0
1,1,0.9108910891,0.4181818182,0.4181818182,0.0,0.0,0.0,0.0,0.0,0.1636363636,0.0
1,1,0.9019607843,0.3636363636,0.4909090909,0.0,0.0,0.0,0.0,0.0,0.1454545455,0.0
1,1,0.9230769231,0.46875,0.34375,0.0,0.0,0.0,0.0,0.0,0.1875,0.0
1,1,0.9523809524,0.296875,0.4375,0.0,0.0,0.109375,0.0,0.0,0.0625,0.09375
1,1,0.8686868687,0.2888888889,0.5111111111,0.0,0.0,0.0,0.0,0.0,0.2,0.0
1,1,0.8823529412,0.5479452055,0.4520547945,0.0,0.0,0.0,0.0,0.0,0.0,0.0
1,1,0.9444444444,0.328358209,0.4925373134,0.0,0.0,0.0,0.0,0.0,0.1791044776,0.0
1,1,0.9345794393,0.3538461538,0.4461538462,0.0,0.0,0.0,0.0,0.0,0.2,0.0
1,1,0.8712871287,0.3653846154,0.4230769231,0.0,0.0,0.0,0.0,0.0,0.2115384615,0.0
1,1,0.9051094891,0.5211267606,0.3098591549,0.01408450704,0.0,0.0,0.0,0.0,0.1549295775,0.0
1,1,0.9019607843,0.3518518519,0.4814814815,0.0,0.0,0.0,0.0,0.0,0.1666666667,0.0
1,1,0.9142857143,0.3448275862,0.6206896552,0.0,0.0,0.01724137931,0.0,0.0,0.0,0.01724137931
1,1,0.9345794393,0.3220338983,0.4237288136,0.0,0.0,0.03389830508,0.0,0.0,0.2033898305,0.01694915254
1,1,0.9302325581,0.4242424242,0.3939393939,0.0,0.0,0.04545454545,0.0,0.0,0.1363636364,0.0
1,1,0.9245283019,0.3559322034,0.5084745763,0.0,0.0,0.01694915254,0.01694915254,0.0,0.1016949153,0.0
1,1,0.8888888889,0.3205128205,0.3846153846,0.0,0.0,0.1025641026,0.0,0.0,0.141025641,0.05128205128
1,1,0.8702290076,0.4920634921,0.4444444444,0.0,0.0,0.0,0.0,0.04761904762,0.01587301587,0.0
1,1,0.9275362319,0.5,0.3636363636,0.0,0.0,0.0,0.0,0.0,0.1212121212,0.01515151515
1,1,0.9444444444,0.224137931,0.6724137931,0.0,0.0,0.0,0.0,0.0,0.1034482759,0.0
1,1,0.9038461538,0.3666666667,0.4,0.0,0.0,0.0,0.0,0.0,0.2333333333,0.0
1,1,0.9038461538,0.3818181818,0.4181818182,0.0,0.0,0.01818181818,0.0,0.0,0.1636363636,0.01818181818
1,1,0.9345794393,0.3076923077,0.3205128205,0.0,0.0,0.1666666667,0.0,0.0,0.07692307692,0.1282051282
1,1,0.9333333333,0.4137931034,0.4655172414,0.0,0.0,0.0,0.0,0.0,0.1206896552,0.0
1,1,0.9142857143,0.4035087719,0.4035087719,0.0,0.0,0.0,0.0,0.0,0.1929824561,0.0
1,1,0.9142857143,0.3653846154,0.4615384615,0.0,0.0,0.03846153846,0.0,0.0,0.1346153846,0.0
1,1,0.9345794393,0.390625,0.40625,0.0,0.0,0.0,0.0,0.0,0.203125,0.0
1,1,0.9333333333,0.4237288136,0.4237288136,0.01694915254,0.0,0.0,0.0,0.0,0.1355932203,0.0
1,1,0.9117647059,0.2580645161,0.4623655914,0.1182795699,0.01075268817,0.0,0.0,0.0,0.05376344086,0.09677419355
1,1,0.9051094891,0.5405405405,0.4594594595,0.0,0.0,0.0,0.0,0.0,0.0,0.0
1,1,0.9423076923,0.3859649123,0.4385964912,0.01754385965,0.0,0.0,0.0,0.0,0.1578947368,0.0
1,1,0.8823529412,0.3606557377,0.3442622951,0.0,0.0,0.09836065574,0.0,0.0,0.1475409836,0.04918032787
1,1,0.9345794393,0.3484848485,0.4848484848,0.0,0.0,0.0,0.0,0.0,0.1666666667,0.0
1,1,0.8888888889,0.3484848485,0.4696969697,0.0,0.0,0.0,0.0,0.0,0.1818181818,0.0
1,1,0.9423076923,0.3454545455,0.4545454545,0.01818181818,0.0,0.0,0.0,0.0,0.1818181818,0.0
1,1,0.8932038835,0.4074074074,0.4444444444,0.0,0.0,0.0,0.0,0.0,0.1481481481,0.0
1,1,0.9142857143,0.3725490196,0.4509803922,0.0,0.0,0.03921568627,0.0,0.0,0.137254902,0.0
1,1,0.9345794393,0.3968253968,0.4285714286,0.0,0.0,0.03174603175,0.01587301587,0.0,0.1111111111,0.01587301587
1,1,0.9312977099,0.4242424242,0.3939393939,0.0,0.0,0.04545454545,0.0,0.0,0.1363636364,0.0
1,1,0.9038461538,0.3214285714,0.4821428571,0.0,0.0,0.01785714286,0.01785714286,0.0,0.1607142857,0.0
1,1,0.9051094891,0.5,0.5,0.0,0.0,0.0,0.0,0.0,0.0,0.0
1,1,0.8976377953,0.3661971831,0.3943661972,0.0,0.0,0.01408450704,0.0,0.0,0.2112676056,0.01408450704
1,1,0.90625,0.4285714286,0.3968253968,0.0,0.0,0.04761904762,0.0,0.0,0.126984127,0.0
1,1,0.9142857143,0.3275862069,0.4482758621,0.0,0.0,0.05172413793,0.0,0.0,0.1379310345,0.03448275862
1,1,0.9245283019,0.3333333333,0.462962963,0.01851851852,0.0,0.0,0.0,0.0,0.1851851852,0.0
1,1,0.932038835,0.3214285714,0.4642857143,0.01785714286,0.0,0.0,0.0,0.0,0.1964285714,0.0
1,1,0.9208633094,0.4333333333,0.45,0.0,0.03333333333,0.01666666667,0.0,0.0,0.06666666667,0.0
1,1,0.8932038835,0.3571428571,0.4464285714,0.0,0.0,0.01785714286,0.01785714286,0.0,0.1607142857,0.0
1,1,0.9230769231,0.3220338983,0.4745762712,0.0,0.0,0.01694915254,0.0,0.0,0.1694915254,0.01694915254
1,1,0.9142857143,0.2592592593,0.5740740741,0.0,0.0,0.0,0.0,0.0,0.1666666667,0.0
1,1,0.8823529412,0.3620689655,0.3620689655,0.0,0.0,0.01724137931,0.0,0.0,0.224137931,0.03448275862
1,1,0.868852459,0.4590163934,0.5409836066,0.0,0.0,0.0,0.0,0.0,0.0,0.0
1,1,0.8932038835,0.3636363636,0.4545454545,0.0,0.0,0.01818181818,0.0,0.0,0.1636363636,0.0
1,1,0.8932038835,0.3188405797,0.3333333333,0.0,0.0,0.1594202899,0.0,0.0,0.08695652174,0.1014492754
1,1,0.88,0.3846153846,0.3846153846,0.0,0.0,0.0,0.01538461538,0.0,0.2153846154,0.0
1,1,0.9245283019,0.3559322034,0.4745762712,0.0,0.0,0.0,0.0,0.0,0.1694915254,0.0
1,1,0.8932038835,0.3272727273,0.4727272727,0.0,0.0,0.01818181818,0.01818181818,0.0,0.1636363636,0.0
1,1,0.9208633094,0.4375,0.40625,0.0,0.0,0.0,0.0,0.0,0.15625,0.0
1,1,0.9444444444,0.328358209,0.4925373134,0.0,0.0,0.0,0.0,0.0,0.1791044776,0.0
1,1,0.9019607843,0.3571428571,0.5357142857,0.0,0.03571428571,0.0,0.0,0.0,0.07142857143,0.0
1,1,0.9142857143,0.358490566,0.4716981132,0.0,0.0,0.03773584906,0.0,0.0,0.1320754717,0.0
1,1,0.9142857143,0.4098360656,0.393442623,0.0,0.0,0.0,0.0,0.0,0.1967213115,0.0
1,1,0.8985507246,0.4929577465,0.5070422535,0.0,0.0,0.0,0.0,0.0,0.0,0.0
1,1,0.9245283019,0.3728813559,0.4406779661,0.0,0.0,0.0,0.01694915254,0.0,0.1694915254,0.0
1,1,0.9245283019,0.3035714286,0.5535714286,0.0,0.0,0.01785714286,0.0,0.0,0.125,0.0
1,1,0.9245283019,0.2786885246,0.4590163934,0.0,0.0,0.09836065574,0.0,0.0,0.09836065574,0.06557377049
1,1,0.8992248062,0.397260274,0.3561643836,0.01369863014,0.0,0.0,0.0,0.0,0.2328767123,0.0
1,1,0.8823529412,0.3333333333,0.4210526316,0.0,0.0,0.0350877193,0.0,0.0,0.2105263158,0.0
1,1,0.8932038835,0.3636363636,0.4363636364,0.03636363636,0.0,0.01818181818,0.0,0.0,0.1272727273,0.01818181818
1,1,0.9133858268,0.4285714286,0.380952381,0.0,0.0,0.04761904762,0.0,0.0,0.1428571429,0.0
1,1,0.88,0.3965517241,0.5,0.0,0.0,0.01724137931,0.0,0.0,0.08620689655,0.0
1,1,0.8932038835,0.3965517241,0.4137931034,0.0,0.0,0.0,0.0,0.0,0.1896551724,0.0
1,1,0.9245283019,0.3571428571,0.4642857143,0.0,0.0,0.03571428571,0.0,0.0,0.125,0.01785714286
1,1,0.9285714286,0.4927536232,0.2898550725,0.0,0.0,0.1739130435,0.0,0.0,0.04347826087,0.0
1,1,0.9245283019,0.3090909091,0.5818181818,0.0,0.0,0.0,0.0,0.0,0.1090909091,0.0
1,1,0.86,0.4,0.42,0.0,0.0,0.02,0.0,0.0,0.14,0.02
1,1,0.9142857143,0.2857142857,0.4025974026,0.0,0.0,0.1428571429,0.0,0.0,0.09090909091,0.07792207792
1,1,0.9142857143,0.3396226415,0.4905660377,0.0,0.0,0.01886792453,0.0,0.0,0.1509433962,0.0
1,1,0.8823529412,0.358490566,0.4339622642,0.0,0.0,0.01886792453,0.01886792453,0.0,0.1698113208,0.0
1,1,0.9245283019,0.3636363636,0.4363636364,0.01818181818,0.0,0.0,0.0,0.0,0.1818181818,0.0
1,1,0.9219858156,0.5072463768,0.3188405797,0.0,0.01449275362,0.0,0.0,0.0,0.1449275362,0.01449275362
1,1,0.9038461538,0.3773584906,0.4528301887,0.0,0.0,0.03773584906,0.0,0.0,0.1320754717,0.0
1,1,0.9038461538,0.4166666667,0.4166666667,0.0,0.0,0.0,0.0,0.0,0.1666666667,0.0
1,1,0.9636363636,0.2419354839,0.5322580645,0.0,0.0,0.04838709677,0.01612903226,0.0,0.1129032258,0.04838709677
1,1,0.8872180451,0.4925373134,0.4029850746,0.0,0.0,0.0,0.0,0.08955223881,0.01492537313,0.0
1,1,0.9423076923,0.350877193,0.4385964912,0.01754385965,0.0,0.0,0.0,0.0,0.1929824561,0.0
1,1,0.8932038835,0.462962963,0.4259259259,0.0,0.0,0.0,0.0,0.0,0.1111111111,0.0
1,1,0.8823529412,0.4482758621,0.4137931034,0.0,0.0,0.03448275862,0.0,0.0,0.08620689655,0.01724137931
1,1,0.9230769231,0.3148148148,0.4814814815,0.01851851852,0.0,0.0,0.0,0.0,0.1851851852,0.0
1,1,0.9245283019,0.2631578947,0.6315789474,0.0,0.0,0.0,0.0,0.0,0.1052631579,0.0
1,1,0.8932038835,0.375,0.4285714286,0.0,0.0,0.01785714286,0.0,0.0,0.1607142857,0.01785714286
1,1,0.8805970149,0.4657534247,0.2876712329,0.0,0.0,0.0,0.0,0.0,0.2465753425,0.0
1,1,0.9142857143,0.4098360656,0.393442623,0.0,0.0,0.0,0.0,0.0,0.1967213115,0.0
1,1,0.8910891089,0.3518518519,0.4444444444,0.0,0.0,0.07407407407,0.0,0.0,0.1111111111,0.01851851852
1,1,0.8888888889,0.5342465753,0.3424657534,0.0,0.02739726027,0.02739726027,0.0,0.0,0.05479452055,0.01369863014
1,1,0.8372093023,0.45,0.55,0.0,0.0,0.0,0.0,0.0,0.0,0.0
1,1,0.9242424242,0.421875,0.46875,0.0,0.0,0.0,0.0,0.0,0.109375,0.0
1,1,0.9038461538,0.2456140351,0.4385964912,0.0,0.0,0.0350877193,0.0,0.0,0.2807017544,0.0
1,1,0.8932038835,0.3559322034,0.3559322034,0.0,0.0,0.01694915254,0.0,0.0,0.2372881356,0.03389830508
1,1,0.9230769231,0.3636363636,0.4909090909,0.0,0.0,0.01818181818,0.01818181818,0.0,0.09090909091,0.01818181818
1,1,0.9142857143,0.3965517241,0.4655172414,0.0,0.0,0.0,0.0,0.0,0.1379310345,0.0
1,1,0.9197080292,0.4558823529,0.3823529412,0.0,0.0,0.0,0.0,0.0,0.1470588235,0.01470588235
1,1,0.8823529412,0.3725490196,0.431372549,0.0,0.01960784314,0.0,0.0,0.0,0.1764705882,0.0
1,1,0.9142857143,0.2931034483,0.4310344828,0.0,0.0,0.03448275862,0.0,0.0,0.2068965517,0.03448275862
1,1,0.8484848485,0.4,0.48,0.0,0.0,0.02,0.0,0.0,0.1,0.0
1,1,0.8985507246,0.4925373134,0.4029850746,0.0,0.0,0.0,0.0,0.0,0.08955223881,0.01492537313
1,1,0.9064748201,0.5068493151,0.4931506849,0.0,0.0,0.0,0.0,0.0,0.0,0.0
1,1,0.9142857143,0.3461538462,0.4615384615,0.0,0.0,0.03846153846,0.0,0.0,0.1538461538,0.0
1,1,0.90625,0.4545454545,0.3333333333,0.0,0.01515151515,0.0,0.0,0.0,0.196969697,0.0
1,1,0.8888888889,0.3793103448,0.4310344828,0.0,0.0,0.0,0.01724137931,0.0,0.1724137931,0.0
1,1,0.90625,0.46875,0.375,0.0,0.0,0.0,0.0,0.0,0.15625,0.0
1,1,0.9245283019,0.3833333333,0.4666666667,0.0,0.0,0.0,0.0,0.0,0.1333333333,0.01666666667
1,1,0.9444444444,0.3620689655,0.5344827586,0.0,0.0,0.01724137931,0.0,0.0,0.08620689655,0.0
1,1,0.9019607843,0.4035087719,0.4385964912,0.0,0.0,0.0,0.0,0.0,0.1578947368,0.0
1,1,0.9215686275,0.3333333333,0.4561403509,0.01754385965,0.0,0.0,0.0,0.0,0.1929824561,0.0
1,1,0.8932038835,0.375,0.4642857143,0.0,0.0,0.0,0.0,0.0,0.1607142857,0.0
1,1,0.9345794393,0.3913043478,0.4492753623,0.0,0.0,0.04347826087,0.0,0.0,0.08695652174,0.02898550725
1,1,0.8095238095,0.46875,0.421875,0.0,0.0,0.015625,0.0,0.0,0.09375,0.0
1,1,0.9345794393,0.350877193,0.4561403509,0.0,0.0,0.05263157895,0.0,0.0,0.1403508772,0.0
1,1,0.9142857143,0.3620689655,0.4482758621,0.0,0.01724137931,0.1034482759,0.0,0.0,0.06896551724,0.0
1,1,0.9541284404,0.25,0.6666666667,0.0,0.0,0.0,0.0,0.0,0.08333333333,0.0
1,1,0.8976377953,0.3623188406,0.3333333333,0.0,0.0,0.07246376812,0.0,0.0,0.1884057971,0.04347826087
1,1,0.9361702128,0.4725274725,0.3296703297,0.03296703297,0.03296703297,0.02197802198,0.0,0.0,0.08791208791,0.02197802198
1,1,0.9345794393,0.3859649123,0.4912280702,0.0,0.0,0.0,0.0,0.0,0.1228070175,0.0
1,1,0.9142857143,0.3709677419,0.4193548387,0.0,0.0,0.0,0.0,0.0,0.2096774194,0.0
1,1,0.9038461538,0.3492063492,0.4444444444,0.0,0.0,0.01587301587,0.0,0.0,0.1587301587,0.03174603175
1,1,0.9142857143,0.4426229508,0.393442623,0.0,0.0,0.0,0.0,0.0,0.1639344262,0.0
1,1,0.8305084746,0.3188405797,0.2898550725,0.0,0.0,0.1594202899,0.0,0.0,0.115942029,0.115942029
1,1,0.8787878788,0.4411764706,0.5588235294,0.0,0.0,0.0,0.0,0.0,0.0,0.0
1,1,0.9038461538,0.3448275862,0.5517241379,0.0,0.03448275862,0.0,0.0,0.0,0.06896551724,0.0
1,1,0.9541284404,0.35,0.5333333333,0.0,0.0,0.01666666667,0.0,0.0,0.1,0.0
1,1,0.8932038835,0.3684210526,0.4035087719,0.0,0.0,0.0,0.0,0.0,0.2280701754,0.0
1,1,0.9142857143,0.3333333333,0.537037037,0.0,0.0,0.01851851852,0.0,0.0,0.1111111111,0.0
1,1,0.9142857143,0.3606557377,0.4754098361,0.0,0.0,0.0,0.0,0.0,0.1639344262,0.0
1,1,0.9245283019,0.4035087719,0.3859649123,0.0,0.0,0.0,0.0,0.0,0.2105263158,0.0
1,1,0.932038835,0.3833333333,0.4666666667,0.0,0.0,0.0,0.0,0.0,0.15,0.0
1,1,0.9345794393,0.2881355932,0.4576271186,0.0,0.0,0.01694915254,0.0,0.0,0.2203389831,0.01694915254
1,1,0.8932038835,0.3571428571,0.4107142857,0.0,0.0,0.01785714286,0.01785714286,0.0,0.1964285714,0.0
1,1,0.9147286822,0.3698630137,0.4520547945,0.0,0.0,0.0,0.0,0.0,0.1780821918,0.0
1,1,0.873015873,0.4347826087,0.4057971014,0.0,0.01449275362,0.04347826087,0.0,0.0,0.07246376812,0.02898550725
1,1,0.9051094891,0.5068493151,0.4931506849,0.0,0.0,0.0,0.0,0.0,0.0,0.0
1,1,0.8910891089,0.4210526316,0.3859649123,0.0,0.0,0.0,0.0,0.0,0.1929824561,0.0
1,1,0.9245283019,0.4098360656,0.4754098361,0.0,0.0,0.0,0.0,0.0,0.1147540984,0.0
1,1,0.953271028,0.3529411765,0.4705882353,0.0,0.0,0.0,0.0,0.0,0.1764705882,0.0
1,1,0.8712871287,0.4259259259,0.4074074074,0.0,0.0,0.07407407407,0.0,0.0,0.09259259259,0.0
1,1,0.9117647059,0.4683544304,0.3037974684,0.01265822785,0.0,0.0,0.0,0.0,0.2151898734,0.0
1,1,0.9444444444,0.2542372881,0.6271186441,0.0,0.0,0.0,0.0,0.0,0.1186440678,0.0
1,1,0.9245283019,0.359375,0.4375,0.0,0.0,0.0,0.0,0.0,0.203125,0.0
1,1,0.9038461538,0.3157894737,0.5087719298,0.0,0.0,0.01754385965,0.0,0.0,0.1578947368,0.0
1,1,0.9142857143,0.3728813559,0.406779661,0.01694915254,0.0,0.0,0.0,0.0,0.2033898305,0.0
1,1,0.9019607843,0.358490566,0.4905660377,0.0,0.0,0.0,0.0,0.0,0.1509433962,0.0
1,1,0.8636363636,0.46875,0.4375,0.0,0.0,0.0,0.0,0.078125,0.015625,0.0
1,1,0.9197080292,0.4545454545,0.3181818182,0.0,0.0,0.01515151515,0.0,0.0,0.196969697,0.01515151515
1,1,0.8571428571,0.4042553191,0.4680851064,0.0,0.0,0.0,0.0,0.0,0.1276595745,0.0
1,1,0.9245283019,0.2820512821,0.4102564103,0.0,0.0,0.141025641,0.0,0.0,0.08974358974,0.07692307692
1,1,0.9393939394,0.4098360656,0.4262295082,0.03278688525,0.0,0.01639344262,0.0,0.0,0.1147540984,0.0
1,1,0.8484848485,0.3673469388,0.5510204082,0.0,0.02040816327,0.02040816327,0.0,0.0,0.02040816327,0.02040816327
1,1,0.9142857143,0.3666666667,0.4833333333,0.0,0.0,0.0,0.0,0.0,0.15,0.0
1,1,0.8549618321,0.3913043478,0.3768115942,0.1014492754,0.0,0.0,0.0,0.0,0.1304347826,0.0
1,1,0.9333333333,0.4126984127,0.3968253968,0.0,0.0,0.03174603175,0.01587301587,0.0,0.126984127,0.01587301587
1,1,0.9142857143,0.3793103448,0.4310344828,0.0,0.0,0.01724137931,0.0,0.0,0.1551724138,0.01724137931
1,1,0.9126213592,0.2962962963,0.537037037,0.0,0.0,0.01851851852,0.0,0.0,0.1481481481,0.0
1,1,0.8721804511,0.4857142857,0.5142857143,0.0,0.0,0.0,0.0,0.0,0.0,0.0
1,1,0.9142857143,0.3793103448,0.4827586207,0.0,0.0,0.01724137931,0.0,0.0,0.1206896552,0.0
1,1,0.9345794393,0.2678571429,0.625,0.0,0.0,0.0,0.0,0.0,0.1071428571,0.0
1,1,0.9245283019,0.3859649123,0.4912280702,0.0,0.0,0.0,0.0,0.0,0.1228070175,0.0
1,1,0.9245283019,0.3818181818,0.4909090909,0.0,0.01818181818,0.0,0.0,0.0,0.1090909091,0.0
1,1,0.8910891089,0.3076923077,0.4807692308,0.0,0.0,0.01923076923,0.0,0.0,0.1923076923,0.0
1,1,0.9019607843,0.2857142857,0.5306122449,0.0,0.0,0.0,0.0,0.0,0.1836734694,0.0
1,1,0.9361702128,0.3541666667,0.3645833333,0.0,0.02083333333,0.125,0.0,0.0,0.04166666667,0.09375
1,1,0.9275362319,0.5285714286,0.3142857143,0.0,0.01428571429,0.0,0.0,0.0,0.1428571429,0.0
1,1,0.9230769231,0.3793103448,0.3965517241,0.0,0.0,0.01724137931,0.0,0.0,0.1724137931,0.03448275862
1,1,0.9636363636,0.3684210526,0.5087719298,0.0,0.0,0.01754385965,0.01754385965,0.0,0.0701754386,0.01754385965
1,1,0.828125,0.4406779661,0.4237288136,0.0,0.0,0.0,0.0,0.1186440678,0.01694915254,0.0
1,1,0.9130434783,0.4,0.3263157895,0.0,0.01052631579,0.09473684211,0.0,0.0,0.1157894737,0.05263157895
1,1,0.8888888889,0.4181818182,0.4363636364,0.0,0.0,0.0,0.0,0.0,0.1454545455,0.0
1,1,0.9038461538,0.3,0.52,0.0,0.0,0.0,0.0,0.0,0.18,0.0
1,1,0.9142857143,0.3389830508,0.4406779661,0.0,0.0,0.06779661017,0.0,0.0,0.1355932203,0.01694915254
1,1,0.9245283019,0.380952381,0.4444444444,0.0,0.0,0.0,0.0,0.0,0.1746031746,0.0
1,1,0.9032258065,0.3793103448,0.4310344828,0.0,0.0,0.0,0.0,0.0,0.1896551724,0.0
1,1,0.9345794393,0.3606557377,0.4754098361,0.0,0.0,0.0,0.0,0.0,0.1639344262,0.0
1,1,0.921875,0.4776119403,0.328358209,0.0,0.0,0.0,0.0,0.0,0.1940298507,0.0
1,1,0.9636363636,0.323943662,0.5070422535,0.0,0.0,0.01408450704,0.0,0.0,0.1408450704,0.01408450704
1,1,0.8910891089,0.4237288136,0.406779661,0.0,0.0,0.0,0.0,0.0,0.1694915254,0.0
1,1,0.9361702128,0.5138888889,0.2777777778,0.0,0.0,0.1666666667,0.0,0.0,0.04166666667,0.0
1,1,0.9682539683,0.3088235294,0.5294117647,0.0,0.01470588235,0.02941176471,0.01470588235,0.0,0.08823529412,0.01470588235
1,1,0.9142857143,0.3461538462,0.4807692308,0.0,0.0,0.03846153846,0.0,0.0,0.1346153846,0.0
1,1,0.8932038835,0.3333333333,0.5098039216,0.0,0.0,0.0,0.0,0.0,0.1568627451,0.0
1,1,0.8644067797,0.4285714286,0.3571428571,0.0,0.0,0.0,0.0,0.0,0.2142857143,0.0
1,1,0.9038461538,0.3548387097,0.3709677419,0.0,0.0,0.01612903226,0.0,0.0,0.2258064516,0.03225806452
1,1,0.8888888889,0.34375,0.515625,0.015625,0.03125,0.0,0.0,0.0,0.09375,0.0
1,1,0.9019607843,0.3090909091,0.4727272727,0.0,0.0,0.05454545455,0.0,0.0,0.1272727273,0.03636363636
1,1,0.8910891089,0.3617021277,0.5531914894,0.0,0.0,0.0,0.0,0.0,0.08510638298,0.0
1,1,0.9433962264,0.3448275862,0.4482758621,0.01724137931,0.0,0.0,0.0,0.0,0.1896551724,0.0
1,1,0.8686868687,0.3846153846,0.4230769231,0.0,0.0,0.0,0.0,0.0,0.1923076923,0.0
1,1,0.8474576271,0.4406779661,0.5593220339,0.0,0.0,0.0,0.0,0.0,0.0,0.0
1,1,0.9245283019,0.3103448276,0.4827586207,0.0,0.0,0.05172413793,0.0,0.0,0.1206896552,0.03448275862
1,1,0.9345794393,0.328125,0.5,0.0,0.0,0.0,0.0,0.0,0.171875,0.0
1,1,0.8888888889,0.3970588235,0.3676470588,0.0,0.0,0.07352941176,0.0,0.0,0.1470588235,0.01470588235
1,1,0.8932038835,0.38,0.44,0.0,0.0,0.04,0.0,0.0,0.14,0.0
1,1,0.9245283019,0.4098360656,0.4590163934,0.0,0.0,0.0,0.0,0.0,0.1147540984,0.01639344262
1,1,0.9147286822,0.4126984127,0.380952381,0.0,0.01587301587,0.0,0.0,0.0,0.1904761905,0.0
1,1,0.8686868687,0.3191489362,0.4893617021,0.0,0.0,0.02127659574,0.02127659574,0.0,0.1489361702,0.0
1,1,0.9038461538,0.3773584906,0.4339622642,0.0,0.0,0.03773584906,0.0,0.0,0.1509433962,0.0
1,1,0.890625,0.4,0.5090909091,0.0,0.0,0.0,0.01818181818,0.0,0.07272727273,0.0
1,1,0.8823529412,0.34,0.44,0.0,0.0,0.02,0.0,0.0,0.2,0.0
1,1,0.8636363636,0.4545454545,0.4242424242,0.0,0.0,0.0,0.0,0.1060606061,0.01515151515,0.0
1,1,0.9142857143,0.3653846154,0.4615384615,0.0,0.0,0.03846153846,0.0,0.0,0.1346153846,0.0
1,1,0.8888888889,0.3636363636,0.3484848485,0.0,0.0,0.07575757576,0.0,0.0,0.1666666667,0.04545454545
1,1,0.8976377953,0.3205128205,0.3717948718,0.0,0.0,0.1153846154,0.0,0.0,0.141025641,0.05128205128
1,1,0.9541284404,0.3787878788,0.3939393939,0.0,0.0,0.0,0.0,0.0,0.2272727273,0.0
1,1,0.9245283019,0.375,0.4285714286,0.01785714286,0.0,0.0,0.0,0.0,0.1785714286,0.0
1,1,0.9361702128,0.4852941176,0.3676470588,0.0,0.0,0.0,0.0,0.0,0.1470588235,0.0
1,1,0.86,0.3333333333,0.4901960784,0.0,0.0,0.01960784314,0.0,0.0,0.1568627451,0.0
1,1,0.9019607843,0.4038461538,0.4615384615,0.0,0.01923076923,0.0,0.0,0.0,0.1153846154,0.0
1,1,0.9444444444,0.3529411765,0.4705882353,0.0,0.0,0.0,0.0,0.0,0.1764705882,0.0
1,1,0.9433962264,0.3793103448,0.4655172414,0.01724137931,0.0,0.0,0.0,0.0,0.1379310345,0.0
1,1,0.8721804511,0.4179104478,0.328358209,0.0,0.0,0.0,0.0,0.2388059701,0.01492537313,0.0
1,1,0.8823529412,0.4489795918,0.4489795918,0.0,0.0,0.0,0.0,0.0,0.1020408163,0.0
1,1,0.9245283019,0.3333333333,0.4736842105,0.0,0.0,0.0,0.01754385965,0.0,0.1754385965,0.0
1,1,0.9345794393,0.3571428571,0.4571428571,0.0,0.0,0.05714285714,0.0,0.0,0.08571428571,0.04285714286
1,1,0.9142857143,0.3538461538,0.4615384615,0.0,0.0,0.01538461538,0.0,0.0,0.1384615385,0.03076923077
1,1,0.8712871287,0.3773584906,0.5283018868,0.0,0.03773584906,0.0,0.0,0.0,0.05660377358,0.0
1,1,0.8484848485,0.4130434783,0.4347826087,0.0,0.0,0.0,0.0,0.0,0.152173913,0.0
1,1,0.8686868687,0.3333333333,0.4666666667,0.0,0.0,0.02222222222,0.0,0.0,0.1777777778,0.0
1,1,0.9230769231,0.3181818182,0.5227272727,0.0,0.0,0.04545454545,0.0,0.0,0.1136363636,0.0
1,1,0.9126213592,0.4166666667,0.3833333333,0.0,0.0,0.0,0.0,0.0,0.2,0.0
1,1,0.8712871287,0.3409090909,0.5681818182,0.0,0.0,0.0,0.0,0.0,0.09090909091,0.0
1,1,0.9051094891,0.52,0.48,0.0,0.0,0.0,0.0,0.0,0.0,0.0
1,1,0.9436619718,0.4516129032,0.3333333333,0.05376344086,0.04301075269,0.02150537634,0.0,0.0,0.09677419355,0.0
1,1,0.9285714286,0.4936708861,0.3670886076,0.0,0.01265822785,0.05063291139,0.0,0.0,0.0253164557,0.05063291139
1,1,0.9142857143,0.3448275862,0.4310344828,0.0,0.0,0.0,0.0,0.0,0.2068965517,0.01724137931
1,1,0.8932038835,0.3518518519,0.4074074074,0.0,0.0,0.01851851852,0.01851851852,0.0,0.2037037037,0.0
1,1,0.9142857143,0.3770491803,0.4098360656,0.0,0.0,0.0,0.0,0.0,0.2131147541,0.0
1,1,0.8932038835,0.3898305085,0.4237288136,0.0,0.0,0.0,0.0,0.0,0.186440678,0.0
1,1,0.9126213592,0.3770491803,0.4426229508,0.0,0.0,0.0,0.0,0.0,0.1803278689,0.0
1,1,0.9230769231,0.4406779661,0.4406779661,0.0,0.0,0.0,0.0,0.0,0.1186440678,0.0
1,1,0.9245283019,0.2678571429,0.5892857143,0.0,0.0,0.0,0.01785714286,0.0,0.1071428571,0.01785714286
1,1,0.9345794393,0.3278688525,0.5245901639,0.0,0.0,0.0,0.0,0.0,0.1475409836,0.0
1,1,0.8666666667,0.435483871,0.564516129,0.0,0.0,0.0,0.0,0.0,0.0,0.0
1,1,0.8823529412,0.3846153846,0.4230769231,0.0,0.0,0.01923076923,0.0,0.0,0.1730769231,0.0
1,1,0.9147286822,0.3968253968,0.3174603175,0.0,0.0,0.01587301587,0.0,0.0,0.253968254,0.01587301587
1,1,0.9038461538,0.3725490196,0.4509803922,0.0,0.0,0.03921568627,0.0,0.0,0.137254902,0.0
1,1,0.9245283019,0.3035714286,0.5535714286,0.0,0.0,0.0,0.01785714286,0.0,0.1071428571,0.01785714286
1,1,0.9245283019,0.3684210526,0.4912280702,0.0,0.0,0.01754385965,0.0,0.0,0.1228070175,0.0
1,1,0.9133858268,0.4705882353,0.3529411765,0.01470588235,0.0,0.0,0.0,0.0,0.1617647059,0.0
1,1,0.8617886179,0.38,0.42,0.0,0.0,0.0,0.0,0.0,0.2,0.0
1,1,0.9142857143,0.3448275862,0.4482758621,0.0,0.0,0.0,0.01724137931,0.0,0.1896551724,0.0
1,1,0.9423076923,0.2321428571,0.6607142857,0.0,0.0,0.0,0.0,0.0,0.1071428571,0.0
1,1,0.8823529412,0.4482758621,0.4137931034,0.0,0.0,0.03448275862,0.0,0.0,0.08620689655,0.01724137931
1,1,0.9428571429,0.3977272727,0.3522727273,0.2272727273,0.0,0.0,0.0,0.0,0.02272727273,0.0
1,1,0.9051094891,0.5789473684,0.4210526316,0.0,0.0,0.0,0.0,0.0,0.0,0.0
1,1,0.9142857143,0.3214285714,0.4285714286,0.0,0.0,0.03571428571,0.0,0.0,0.1964285714,0.01785714286
1,1,0.9242424242,0.3835616438,0.3835616438,0.0,0.0,0.04109589041,0.0,0.0,0.1643835616,0.02739726027
1,1,0.86,0.3773584906,0.3962264151,0.0,0.0,0.0,0.0,0.0,0.2264150943,0.0
1,1,0.9019607843,0.4310344828,0.4310344828,0.0,0.0,0.0,0.0,0.0,0.1379310345,0.0
1,1,0.9126213592,0.4423076923,0.4615384615,0.0,0.01923076923,0.0,0.0,0.0,0.07692307692,0.0
1,1,0.8852459016,0.4558823529,0.4411764706,0.0,0.01470588235,0.02941176471,0.0,0.0,0.04411764706,0.01470588235
1,1,0.9038461538,0.3454545455,0.4727272727,0.0,0.0,0.0,0.0,0.0,0.1636363636,0.01818181818
1,1,0.9345794393,0.3275862069,0.4655172414,0.0,0.0,0.0,0.01724137931,0.0,0.1896551724,0.0
1,1,0.8932038835,0.3392857143,0.4285714286,0.0,0.0,0.07142857143,0.0,0.0,0.1428571429,0.01785714286
1,1,0.9126213592,0.3684210526,0.4736842105,0.0,0.0,0.0,0.0,0.0,0.1578947368,0.0
1,1,0.8740740741,0.4857142857,0.5142857143,0.0,0.0,0.0,0.0,0.0,0.0,0.0
1,1,0.8888888889,0.325,0.375,0.0,0.0,0.1125,0.0,0.0,0.125,0.0625
1,1,0.9345794393,0.4,0.4666666667,0.0,0.0,0.0,0.0,0.0,0.1333333333,0.0
1,1,0.9245283019,0.3333333333,0.45,0.01666666667,0.0,0.0,0.0,0.0,0.2,0.0
1,1,0.8888888889,0.4927536232,0.3623188406,0.0,0.01449275362,0.02898550725,0.0,0.0,0.08695652174,0.01449275362
1,1,0.9245283019,0.2631578947,0.6315789474,0.0,0.0,0.0,0.0,0.0,0.1052631579,0.0
1,1,0.9444444444,0.2586206897,0.6551724138,0.0,0.0,0.0,0.0,0.0,0.08620689655,0.0
1,1,0.8823529412,0.3392857143,0.4464285714,0.0,0.0,0.05357142857,0.0,0.0,0.1071428571,0.05357142857
1,1,0.8910891089,0.4406779661,0.4576271186,0.0,0.0,0.03389830508,0.0,0.0,0.05084745763,0.01694915254
1,1,0.8888888889,0.4179104478,0.3582089552,0.0,0.0,0.02985074627,0.0,0.0,0.1940298507,0.0
1,1,0.9245283019,0.3384615385,0.4923076923,0.0,0.0,0.0,0.0,0.0,0.1538461538,0.01538461538
1,1,0.8702290076,0.4193548387,0.4677419355,0.0,0.0,0.0,0.0,0.09677419355,0.01612903226,0.0
1,1,0.8823529412,0.3773584906,0.4150943396,0.0,0.0,0.01886792453,0.0,0.0,0.1698113208,0.01886792453
1,1,0.9343065693,0.46875,0.359375,0.0,0.015625,0.0,0.0,0.0,0.15625,0.0
1,1,0.9142857143,0.3770491803,0.4098360656,0.0,0.0,0.0,0.0,0.0,0.2131147541,0.0
1,1,0.9142857143,0.3148148148,0.5555555556,0.0,0.0,0.0,0.01851851852,0.0,0.09259259259,0.01851851852
1,1,0.9142857143,0.4032258065,0.3870967742,0.0,0.0,0.0,0.0,0.0,0.2096774194,0.0
1,1,0.9444444444,0.390625,0.46875,0.0,0.0,0.0,0.0,0.0,0.125,0.015625
1,1,0.9245283019,0.3454545455,0.4363636364,0.0,0.0,0.01818181818,0.0,0.0,0.2,0.0
1,1,0.9142857143,0.3666666667,0.4166666667,0.0,0.0,0.01666666667,0.01666666667,0.0,0.1833333333,0.0
1,1,0.9147286822,0.3466666667,0.32,0.0,0.0,0.1066666667,0.0,0.0,0.16,0.06666666667
1,1,0.9345794393,0.3620689655,0.4482758621,0.01724137931,0.0,0.0,0.0,0.0,0.1724137931,0.0
1,1,0.8217054264,0.53125,0.46875,0.0,0.0,0.0,0.0,0.0,0.0,0.0
1,1,0.9245283019,0.3666666667,0.4166666667,0.01666666667,0.0,0.0,0.0,0.0,0.2,0.0
1,1,0.9038461538,0.3571428571,0.6071428571,0.0,0.0,0.01785714286,0.0,0.0,0.0,0.01785714286
1,1,0.9245283019,0.358490566,0.4716981132,0.0,0.0,0.03773584906,0.0,0.0,0.1320754717,0.0
1,1,0.9245283019,0.2857142857,0.4464285714,0.0,0.0,0.03571428571,0.0,0.0,0.1964285714,0.03571428571
1,1,0.9147286822,0.421875,0.484375,0.0,0.015625,0.015625,0.0,0.0,0.0625,0.0
1,1,0.9345794393,0.3387096774,0.4677419355,0.0,0.0,0.01612903226,0.01612903226,0.0,0.1612903226,0.0
1,1,0.8888888889,0.4857142857,0.3428571429,0.02857142857,0.0,0.01428571429,0.0,0.0,0.1142857143,0.01428571429
1,1,0.8712871287,0.347826087,0.4782608696,0.0,0.0,0.0,0.0,0.0,0.1739130435,0.0
1,1,0.9245283019,0.358490566,0.4716981132,0.0,0.0,0.03773584906,0.0,0.0,0.1320754717,0.0
1,1,0.9245283019,0.350877193,0.5263157895,0.0,0.0,0.01754385965,0.0,0.0,0.1052631579,0.0
1,1,0.8805970149,0.4626865672,0.5373134328,0.0,0.0,0.0,0.0,0.0,0.0,0.0
1,1,0.9352517986,0.4929577465,0.338028169,0.0,0.01408450704,0.0,0.0,0.0,0.1408450704,0.01408450704
1,1,0.9345794393,0.2857142857,0.6071428571,0.0,0.0,0.0,0.0,0.0,0.1071428571,0.0
1,1,0.9230769231,0.3709677419,0.4516129032,0.0,0.0,0.0,0.0,0.0,0.1774193548,0.0
1,1,0.8932038835,0.358490566,0.4150943396,0.0,0.0,0.0,0.0,0.0,0.2264150943,0.0
1,1,0.9019607843,0.3454545455,0.4909090909,0.0,0.0,0.01818181818,0.01818181818,0.0,0.1272727273,0.0
1,1,0.9245283019,0.3623188406,0.4492753623,0.0,0.0,0.01449275362,0.0,0.0,0.1449275362,0.02898550725
1,1,0.9038461538,0.431372549,0.4705882353,0.0,0.0,0.0,0.0,0.0,0.09803921569,0.0
1,1,0.8305084746,0.3636363636,0.4,0.0,0.0,0.0,0.0,0.0,0.2363636364,0.0
1,1,0.8932038835,0.3272727273,0.4363636364,0.0,0.0,0.01818181818,0.01818181818,0.0,0.2,0.0
1,1,0.9206349206,0.4383561644,0.3835616438,0.0,0.01369863014,0.01369863014,0.0,0.0,0.1369863014,0.01369863014
1,1,0.8805970149,0.4264705882,0.3970588235,0.0,0.0,0.0,0.0,0.1617647059,0.01470588235,0.0
1,1,0.9047619048,0.4444444444,0.3650793651,0.0,0.0,0.0,0.0,0.0,0.1904761905,0.0
1,1,0.9230769231,0.3454545455,0.4909090909,0.0,0.0,0.0,0.0,0.0,0.1636363636,0.0
1,1,0.9333333333,0.3666666667,0.4833333333,0.0,0.0,0.0,0.0,0.0,0.15,0.0
1,1,0.9126213592,0.3392857143,0.4642857143,0.0,0.0,0.05357142857,0.0,0.0,0.1071428571,0.03571428571
1,1,0.9345794393,0.298245614,0.5964912281,0.0,0.0,0.0,0.0,0.0,0.1052631579,0.0
1,1,0.9245283019,0.3492063492,0.4444444444,0.0,0.0,0.0,0.0,0.0,0.2063492063,0.0
1,1,0.9038461538,0.3725490196,0.5098039216,0.0,0.01960784314,0.0,0.0,0.0,0.09803921569,0.0
1,1,0.9230769231,0.3653846154,0.4615384615,0.0,0.0,0.03846153846,0.0,0.0,0.1346153846,0.0
1,1,0.8932038835,0.3269230769,0.4615384615,0.0,0.0,0.0,0.0,0.0,0.2115384615,0.0
1,1,0.9215686275,0.3793103448,0.4655172414,0.0,0.0,0.0,0.0,0.0,0.1551724138,0.0
1,1,0.8721804511,0.4444444444,0.4761904762,0.0,0.0,0.0,0.0,0.06349206349,0.01587301587,0.0
1,1,0.90625,0.3472222222,0.4166666667,0.0,0.0,0.01388888889,0.0,0.0,0.2083333333,0.01388888889
1,1,0.8712871287,0.3673469388,0.4897959184,0.0,0.0,0.0,0.0,0.0,0.1428571429,0.0
1,1,0.9245283019,0.4193548387,0.4032258065,0.0,0.0,0.01612903226,0.0,0.0,0.1290322581,0.03225806452
1,1,0.9038461538,0.3103448276,0.4137931034,0.0,0.0,0.03448275862,0.0,0.0,0.2068965517,0.03448275862
1,1,0.8932038835,0.3272727273,0.5636363636,0.0,0.03636363636,0.0,0.0,0.0,0.07272727273,0.0
1,1,0.8932038835,0.34,0.46,0.0,0.0,0.0,0.0,0.0,0.2,0.0
1,1,0.8932038835,0.3396226415,0.4339622642,0.0,0.0,0.01886792453,0.0,0.0,0.1886792453,0.01886792453
1,1,0.9345794393,0.3606557377,0.4426229508,0.01639344262,0.0,0.0,0.0,0.0,0.1803278689,0.0
1,1,0.9126213592,0.4074074074,0.462962963,0.0,0.01851851852,0.0,0.0,0.0,0.1111111111,0.0
1,1,0.9245283019,0.3103448276,0.5,0.0,0.0,0.01724137931,0.0,0.0,0.1724137931,0.0
1,1,0.9117647059,0.4931506849,0.5068493151,0.0,0.0,0.0,0.0,0.0,0.0,0.0
1,1,0.9019607843,0.3650793651,0.3333333333,0.0,0.0,0.1111111111,0.0,0.0,0.126984127,0.06349206349
1,1,0.9322033898,0.3333333333,0.5,0.0,0.0,0.0,0.0,0.0,0.1666666667,0.0
1,1,0.9142857143,0.2777777778,0.5925925926,0.0,0.0,0.0,0.0,0.0,0.1296296296,0.0
1,1,0.8932038835,0.3703703704,0.4259259259,0.0,0.0,0.01851851852,0.0,0.0,0.1851851852,0.0
1,1,0.8932038835,0.3703703704,0.4444444444,0.0,0.0,0.01851851852,0.0,0.0,0.1666666667,0.0
1,1,0.9142857143,0.3653846154,0.4615384615,0.0,0.0,0.03846153846,0.0,0.0,0.1346153846,0.0
1,1,0.9345794393,0.3870967742,0.4677419355,0.0,0.0,0.0,0.0,0.0,0.1451612903,0.0
1,1,0.9142857143,0.3620689655,0.6034482759,0.0,0.0,0.01724137931,0.0,0.0,0.0,0.01724137931
1,1,0.9541284404,0.3833333333,0.5166666667,0.0,0.0,0.01666666667,0.0,0.0,0.08333333333,0.0
1,1,0.9345794393,0.3333333333,0.4848484848,0.0,0.0,0.0,0.0,0.0,0.1818181818,0.0
1,1,0.8805970149,0.5362318841,0.4637681159,0.0,0.0,0.0,0.0,0.0,0.0,0.0
1,1,0.8932038835,0.3620689655,0.4137931034,0.0,0.0,0.03448275862,0.0,0.0,0.1896551724,0.0
1,1,0.86,0.4489795918,0.4081632653,0.0,0.0,0.0,0.0,0.0,0.1224489796,0.02040816327
1,1,0.9038461538,0.4,0.4181818182,0.01818181818,0.0,0.0,0.0,0.0,0.1636363636,0.0
1,1,0.9126213592,0.3333333333,0.3650793651,0.0,0.0,0.09523809524,0.0,0.0,0.1587301587,0.04761904762
1,1,0.8976377953,0.3676470588,0.3970588235,0.0,0.0,0.04411764706,0.0,0.0,0.1911764706,0.0
1,1,0.9323308271,0.3846153846,0.4615384615,0.0,0.0,0.01538461538,0.0,0.0,0.1230769231,0.01538461538
1,1,0.8976377953,0.3684210526,0.5087719298,0.0,0.01754385965,0.01754385965,0.0,0.0,0.08771929825,0.0
1,1,0.8712871287,0.4081632653,0.4285714286,0.0,0.0,0.0,0.0,0.0,0.1632653061,0.0
1,1,0.8823529412,0.4074074074,0.4074074074,0.0,0.0,0.01851851852,0.0,0.0,0.1481481481,0.01851851852
1,1,0.9019607843,0.3076923077,0.4615384615,0.0,0.0,0.01923076923,0.01923076923,0.0,0.1923076923,0.0
1,1,0.8644067797,0.4035087719,0.3859649123,0.0,0.0,0.01754385965,0.0,0.1754385965,0.01754385965,0.0
1,1,0.8823529412,0.3636363636,0.4181818182,0.0,0.0,0.0,0.0,0.0,0.2181818182,0.0
1,1,0.9019607843,0.3018867925,0.4905660377,0.0,0.0,0.05660377358,0.0,0.0,0.1132075472,0.03773584906
1,1,0.9142857143,0.3773584906,0.4528301887,0.0,0.0,0.03773584906,0.0,0.0,0.1320754717,0.0
1,1,0.8888888889,0.3384615385,0.4307692308,0.0,0.0,0.04615384615,0.0,0.0,0.1538461538,0.03076923077
1,1,0.8932038835,0.3461538462,0.6153846154,0.0,0.0,0.01923076923,0.0,0.0,0.0,0.01923076923
1,1,0.86,0.4680851064,0.4042553191,0.0,0.0,0.0,0.0,0.0,0.1063829787,0.02127659574
1,1,0.8932038835,0.3846153846,0.5,0.0,0.0,0.0,0.0,0.0,0.1153846154,0.0
1,1,0.8823529412,0.3571428571,0.5357142857,0.0,0.03571428571,0.0,0.0,0.0,0.07142857143,0.0
1,1,0.9142857143,0.3965517241,0.4482758621,0.0,0.0,0.0,0.0,0.0,0.1551724138,0.0
1,1,0.9245283019,0.3333333333,0.45,0.01666666667,0.0,0.0,0.0,0.0,0.2,0.0
1,1,0.9481481481,0.2307692308,0.0989010989,0.1428571429,0.4615384615,0.0,0.0,0.0,0.06593406593,0.0
1,1,0.9352517986,0.2333333333,0.4666666667,0.1444444444,0.01111111111,0.0,0.0,0.0,0.05555555556,0.08888888889
1,1,0.9064748201,0.5657894737,0.4342105263,0.0,0.0,0.0,0.0,0.0,0.0,0.0
1,1,0.9245283019,0.2972972973,0.3378378378,0.0,0.0,0.1756756757,0.0,0.0,0.08108108108,0.1081081081
1,1,0.9142857143,0.3773584906,0.4905660377,0.0,0.01886792453,0.0,0.0,0.0,0.1132075472,0.0
1,1,0.9345794393,0.3333333333,0.5,0.0,0.0,0.01851851852,0.0,0.0,0.1296296296,0.01851851852
1,1,0.9444444444,0.2542372881,0.6440677966,0.0,0.0,0.0,0.0,0.0,0.1016949153,0.0
1,1,0.9333333333,0.375,0.4285714286,0.01785714286,0.0,0.0,0.0,0.0,0.1785714286,0.0
1,1,0.9038461538,0.3833333333,0.4666666667,0.0,0.0,0.01666666667,0.01666666667,0.0,0.1166666667,0.0
1,1,0.873015873,0.4,0.4666666667,0.0,0.0,0.0,0.0,0.0,0.1333333333,0.0
1,1,0.9142857143,0.3928571429,0.4285714286,0.0,0.0,0.01785714286,0.0,0.0,0.125,0.03571428571
1,1,0.8712871287,0.3,0.4833333333,0.0,0.0,0.15,0.0,0.0,0.06666666667,0.0
1,1,0.9038461538,0.3846153846,0.4615384615,0.0,0.01923076923,0.0,0.0,0.0,0.1346153846,0.0
1,1,0.8549618321,0.5223880597,0.4029850746,0.0,0.0,0.0,0.0,0.07462686567,0.0,0.0
1,1,0.8932038835,0.4107142857,0.4285714286,0.0,0.0,0.03571428571,0.0,0.0,0.1071428571,0.01785714286
1,1,0.8524590164,0.4561403509,0.4385964912,0.0,0.01754385965,0.0,0.0,0.0,0.08771929825,0.0
1,1,0.9038461538,0.3962264151,0.4150943396,0.0,0.0,0.03773584906,0.0,0.0,0.1509433962,0.0
1,1,0.8932038835,0.350877193,0.4210526316,0.0,0.0,0.0701754386,0.0,0.0,0.1403508772,0.01754385965
1,1,0.9142857143,0.3968253968,0.4126984127,0.0,0.0,0.0,0.0,0.0,0.1904761905,0.0
1,1,0.9142857143,0.3157894737,0.4736842105,0.0,0.0,0.05263157895,0.0,0.0,0.1228070175,0.0350877193
1,1,0.8571428571,0.431372549,0.431372549,0.0,0.0,0.0,0.0,0.0,0.137254902,0.0
1,1,0.8932038835,0.3898305085,0.4406779661,0.0,0.0,0.0,0.0,0.0,0.1694915254,0.0
1,1,0.9245283019,0.3653846154,0.4615384615,0.0,0.0,0.03846153846,0.0,0.0,0.1346153846,0.0
1,1,0.9444444444,0.3709677419,0.4677419355,0.0,0.0,0.0,0.0,0.0,0.1451612903,0.01612903226
1,1,0.8549618321,0.5142857143,0.4857142857,0.0,0.0,0.0,0.0,0.0,0.0,0.0
1,1,0.9423076923,0.3571428571,0.4464285714,0.01785714286,0.0,0.0,0.0,0.0,0.1785714286,0.0
1,1,0.90625,0.4179104478,0.3880597015,0.01492537313,0.0,0.0,0.0,0.0,0.1791044776,0.0
1,1,0.9312977099,0.4179104478,0.4179104478,0.0,0.0,0.02985074627,0.0,0.0,0.1343283582,0.0
1,1,0.9142857143,0.3333333333,0.4814814815,0.0,0.0,0.01851851852,0.01851851852,0.0,0.1481481481,0.0
1,1,0.8932038835,0.320754717,0.4528301887,0.0,0.0,0.01886792453,0.01886792453,0.0,0.1886792453,0.0
1,1,0.8932038835,0.3461538462,0.4230769231,0.0,0.0,0.01923076923,0.0,0.0,0.2115384615,0.0
1,1,0.8712871287,0.3725490196,0.431372549,0.0,0.0,0.0,0.0,0.0,0.1960784314,0.0
1,1,0.8712871287,0.3818181818,0.4363636364,0.0,0.0,0.01818181818,0.01818181818,0.0,0.1454545455,0.0
1,1,0.9323308271,0.4590163934,0.4590163934,0.0,0.0,0.0,0.0,0.0,0.08196721311,0.0
1,1,0.9142857143,0.3833333333,0.4166666667,0.0,0.0,0.0,0.0,0.0,0.2,0.0
1,1,0.8721804511,0.4696969697,0.3333333333,0.0,0.0,0.01515151515,0.0,0.1666666667,0.01515151515,0.0
1,1,0.9142857143,0.3684210526,0.4210526316,0.0,0.0,0.0,0.0,0.0,0.1929824561,0.01754385965
1,1,0.9636363636,0.2777777778,0.4,0.0,0.02222222222,0.1666666667,0.0,0.0,0.03333333333,0.1
1,1,0.9126213592,0.2941176471,0.5098039216,0.0,0.0,0.0,0.0,0.0,0.1960784314,0.0
1,1,0.88,0.4,0.3818181818,0.0,0.0,0.0,0.0,0.0,0.2181818182,0.0
1,1,0.8712871287,0.36,0.42,0.0,0.0,0.02,0.0,0.0,0.2,0.0
1,1,0.9142857143,0.4074074074,0.462962963,0.0,0.01851851852,0.0,0.0,0.0,0.1111111111,0.0
1,1,0.8823529412,0.3518518519,0.537037037,0.0,0.03703703704,0.0,0.0,0.0,0.07407407407,0.0
1,1,0.9245283019,0.2777777778,0.5925925926,0.0,0.0,0.0,0.0,0.0,0.1111111111,0.01851851852
1,1,0.9345794393,0.2727272727,0.6,0.0,0.0,0.0,0.0,0.0,0.1090909091,0.01818181818
1,1,0.8976377953,0.3898305085,0.4576271186,0.0,0.0,0.0,0.0,0.0,0.1525423729,0.0
1,1,0.8970588235,0.5342465753,0.4657534247,0.0,0.0,0.0,0.0,0.0,0.0,0.0
1,1,0.9444444444,0.3793103448,0.5172413793,0.0,0.0,0.01724137931,0.0,0.0,0.08620689655,0.0
1,1,0.9051094891,0.4358974359,0.3333333333,0.01282051282,0.0,0.0,0.0,0.0,0.2179487179,0.0
1,1,0.8932038835,0.3636363636,0.4181818182,0.0,0.0,0.01818181818,0.0,0.0,0.1818181818,0.01818181818
1,1,0.9142857143,0.2857142857,0.4464285714,0.0,0.0,0.03571428571,0.0,0.0,0.1964285714,0.03571428571
1,1,0.9345794393,0.3333333333,0.5185185185,0.0,0.0,0.01851851852,0.0,0.0,0.09259259259,0.03703703704
1,1,0.9345794393,0.375,0.4642857143,0.0,0.0,0.03571428571,0.01785714286,0.0,0.07142857143,0.03571428571
1,1,0.9444444444,0.3220338983,0.5084745763,0.03389830508,0.0,0.01694915254,0.0,0.0,0.1186440678,0.0
1,1,0.90625,0.4153846154,0.3692307692,0.0,0.0,0.03076923077,0.0,0.0,0.1846153846,0.0
1,1,0.8932038835,0.3818181818,0.4181818182,0.0,0.0,0.01818181818,0.0,0.0,0.1636363636,0.01818181818
1,1,0.9142857143,0.4098360656,0.393442623,0.0,0.0,0.0,0.0,0.0,0.1967213115,0.0
1,1,0.8721804511,0.4637681159,0.5362318841,0.0,0.0,0.0,0.0,0.0,0.0,0.0
1,1,0.9375,0.3174603175,0.5714285714,0.0,0.0,0.0,0.01587301587,0.0,0.09523809524,0.0
1,1,0.9433962264,0.3684210526,0.4385964912,0.01754385965,0.0,0.0,0.0,0.0,0.1754385965,0.0
1,1,0.9142857143,0.3703703704,0.4444444444,0.0,0.0,0.03703703704,0.0,0.0,0.1481481481,0.0
1,1,0.9444444444,0.3157894737,0.5614035088,0.0,0.0,0.0,0.0,0.0,0.1228070175,0.0
1,1,0.9444444444,0.3157894737,0.5263157895,0.0350877193,0.0,0.01754385965,0.0,0.0,0.1052631579,0.0
1,1,0.9245283019,0.3793103448,0.4137931034,0.0,0.0,0.01724137931,0.0,0.0,0.1551724138,0.03448275862
1,1,0.9142857143,0.3725490196,0.4509803922,0.0,0.0,0.03921568627,0.0,0.0,0.137254902,0.0
1,1,0.8712871287,0.3043478261,0.5,0.0,0.0,0.0,0.0,0.0,0.1956521739,0.0
1,1,0.8932038835,0.3818181818,0.4181818182,0.0,0.0,0.01818181818,0.01818181818,0.0,0.1636363636,0.0
1,1,0.9345794393,0.298245614,0.5964912281,0.0,0.0,0.0,0.0,0.0,0.1052631579,0.0
1,1,0.8095238095,0.5423728814,0.4406779661,0.0,0.0,0.0,0.0,0.0,0.0,0.01694915254
1,1,0.9147286822,0.46875,0.375,0.0,0.0,0.0,0.0,0.0,0.140625,0.015625
1,1,0.9142857143,0.3888888889,0.5185185185,0.0,0.0,0.0,0.0,0.0,0.09259259259,0.0
1,1,0.9142857143,0.3448275862,0.4482758621,0.0,0.0,0.05172413793,0.0,0.0,0.1206896552,0.03448275862
1,1,0.9444444444,0.3529411765,0.4705882353,0.0,0.0,0.0,0.0,0.0,0.1764705882,0.0
1,1,0.9142857143,0.358490566,0.5094339623,0.0,0.01886792453,0.0,0.0,0.0,0.1132075472,0.0
1,1,0.9185185185,0.4375,0.4375,0.0,0.0,0.0,0.0,0.0,0.125,0.0
1,1,0.8932038835,0.350877193,0.4736842105,0.0,0.0,0.01754385965,0.01754385965,0.0,0.1403508772,0.0
1,1,0.9345794393,0.3333333333,0.4666666667,0.0,0.0,0.0,0.01666666667,0.0,0.1833333333,0.0
1,1,0.8932038835,0.375,0.4285714286,0.0,0.0,0.0,0.0,0.0,0.1964285714,0.0
1,1,0.9444444444,0.350877193,0.4561403509,0.01754385965,0.0,0.0,0.0,0.0,0.1754385965,0.0
1,1,0.8636363636,0.4603174603,0.4761904762,0.0,0.0,0.0,0.0,0.06349206349,0.0,0.0
1,1,0.9245283019,0.4035087719,0.4561403509,0.0,0.0,0.0,0.0,0.0,0.1403508772,0.0
1,1,0.9142857143,0.4098360656,0.4098360656,0.0,0.0,0.0,0.0,0.0,0.1803278689,0.0
1,1,0.9104477612,0.5,0.4444444444,0.0,0.0,0.01388888889,0.0,0.0,0.0,0.04166666667
1,1,0.90625,0.447761194,0.3582089552,0.0,0.0,0.0,0.0,0.0,0.1940298507,0.0
1,1,0.953271028,0.3636363636,0.5090909091,0.0,0.0,0.01818181818,0.0,0.0,0.09090909091,0.01818181818
1,1,0.90625,0.4098360656,0.4262295082,0.0,0.0,0.0,0.0,0.0,0.1639344262,0.0
1,1,0.9448818898,0.3506493506,0.3766233766,0.0,0.0,0.1298701299,0.0,0.0,0.03896103896,0.1038961039
1,1,0.9245283019,0.3220338983,0.4745762712,0.0,0.0,0.0,0.01694915254,0.0,0.186440678,0.0
1,1,0.9142857143,0.3518518519,0.5555555556,0.0,0.0,0.0,0.0,0.0,0.09259259259,0.0
1,1,0.9245283019,0.390625,0.421875,0.0,0.0,0.0,0.0,0.0,0.1875,0.0
1,1,0.8721804511,0.4923076923,0.3230769231,0.0,0.0,0.01538461538,0.0,0.1538461538,0.01538461538,0.0
1,1,0.8932038835,0.4426229508,0.4262295082,0.0,0.0,0.03278688525,0.0,0.0,0.08196721311,0.01639344262
1,1,0.86,0.36,0.42,0.0,0.0,0.02,0.02,0.0,0.18,0.0
1,1,0.9523809524,0.2363636364,0.6545454545,0.0,0.0,0.0,0.0,0.0,0.1090909091,0.0
1,1,0.9541284404,0.35,0.5,0.0,0.0,0.01666666667,0.01666666667,0.0,0.08333333333,0.03333333333
1,1,0.9230769231,0.4375,0.390625,0.0,0.0,0.046875,0.0,0.0,0.125,0.0
1,1,0.9037037037,0.4,0.4923076923,0.0,0.0,0.0,0.0,0.0,0.1076923077,0.0
1,1,0.8976377953,0.375,0.390625,0.015625,0.0,0.046875,0.0,0.0,0.140625,0.03125
1,1,0.9444444444,0.3220338983,0.4745762712,0.0,0.0,0.03389830508,0.0,0.0,0.1186440678,0.05084745763
1,1,0.9245283019,0.3333333333,0.462962963,0.01851851852,0.0,0.0,0.0,0.0,0.1851851852,0.0
1,1,0.8823529412,0.3773584906,0.4150943396,0.0,0.0,0.01886792453,0.01886792453,0.0,0.1698113208,0.0
1,1,0.8740740741,0.4782608696,0.5217391304,0.0,0.0,0.0,0.0,0.0,0.0,0.0
1,1,0.921875,0.421875,0.390625,0.0,0.0,0.046875,0.0,0.0,0.140625,0.0
1,1,0.8923076923,0.3913043478,0.3768115942,0.0,0.0,0.02898550725,0.0,0.0,0.2028985507,0.0
1,1,0.9444444444,0.3157894737,0.5,0.0,0.0,0.07894736842,0.0,0.0,0.06578947368,0.03947368421
1,1,0.9142857143,0.5060240964,0.3012048193,0.0,0.01204819277,0.01204819277,0.0,0.0,0.156626506,0.01204819277
1,1,0.9038461538,0.3684210526,0.4210526316,0.0,0.0,0.01754385965,0.0,0.0,0.1754385965,0.01754385965
1,1,0.9038461538,0.28,0.52,0.0,0.0,0.0,0.0,0.0,0.2,0.0
1,1,0.9345794393,0.406779661,0.4745762712,0.0,0.0,0.0,0.0,0.0,0.1186440678,0.0
1,1,0.8932038835,0.3529411765,0.4509803922,0.0,0.0,0.03921568627,0.0,0.0,0.1568627451,0.0
1,1,0.9038461538,0.4098360656,0.4262295082,0.0,0.0,0.0,0.0,0.0,0.1639344262,0.0
1,1,0.9393939394,0.3943661972,0.3802816901,0.0,0.0,0.0985915493,0.0,0.0,0.07042253521,0.05633802817
1,1,0.9323308271,0.2765957447,0.09574468085,0.1170212766,0.4255319149,0.0,0.0,0.0,0.08510638298,0.0
1,1,0.9037037037,0.5540540541,0.4459459459,0.0,0.0,0.0,0.0,0.0,0.0,0.0
1,1,0.9019607843,0.3272727273,0.4727272727,0.0,0.0,0.05454545455,0.0,0.0,0.1090909091,0.03636363636
1,1,0.8888888889,0.5416666667,0.4444444444,0.0,0.0,0.01388888889,0.0,0.0,0.0,0.0
1,1,0.9245283019,0.2727272727,0.6,0.0,0.0,0.0,0.0,0.0,0.1272727273,0.0
1,1,0.8932038835,0.3518518519,0.4074074074,0.0,0.0,0.01851851852,0.0,0.0,0.1851851852,0.03703703704
1,1,0.9243697479,0.3432835821,0.4925373134,0.0,0.0,0.0,0.0,0.0,0.1641791045,0.0
1,1,0.9038461538,0.3773584906,0.4339622642,0.0,0.0,0.03773584906,0.0,0.0,0.1509433962,0.0
1,1,0.9142857143,0.393442623,0.4426229508,0.0,0.0,0.0,0.0,0.0,0.1639344262,0.0
1,1,0.8976377953,0.3661971831,0.3802816901,0.0,0.0,0.01408450704,0.0,0.0,0.2253521127,0.01408450704
1,1,0.9230769231,0.3859649123,0.4912280702,0.0,0.0,0.0,0.0,0.0,0.1228070175,0.0
1,1,0.9038461538,0.393442623,0.4098360656,0.0,0.0,0.0,0.0,0.0,0.1967213115,0.0
1,1,0.8780487805,0.4745762712,0.4237288136,0.0,0.0,0.0,0.0,0.06779661017,0.03389830508,0.0
1,1,0.8709677419,0.3225806452,0.5322580645,0.0,0.04838709677,0.0,0.0,0.0,0.09677419355,0.0
1,1,0.8932038835,0.3703703704,0.4259259259,0.0,0.0,0.01851851852,0.0,0.0,0.1851851852,0.0
1,1,0.9038461538,0.3333333333,0.4444444444,0.0,0.0,0.01851851852,0.0,0.0,0.2037037037,0.0
1,1,0.8932038835,0.350877193,0.4210526316,0.0,0.0,0.0,0.0,0.0,0.2280701754,0.0
1,1,0.8932038835,0.34,0.5,0.0,0.0,0.0,0.0,0.0,0.16,0.0
1,1,0.9345794393,0.3793103448,0.4482758621,0.01724137931,0.0,0.0,0.0,0.0,0.1551724138,0.0
1,1,0.9245283019,0.25,0.5714285714,0.0,0.0,0.0,0.0,0.0,0.1785714286,0.0
1,1,0.9038461538,0.3888888889,0.5,0.0,0.0,0.0,0.0,0.0,0.1111111111,0.0
1,1,0.9038461538,0.3773584906,0.4339622642,0.0,0.0,0.03773584906,0.0,0.0,0.1509433962,0.0
1,1,0.8888888889,0.3888888889,0.3888888889,0.0,0.0,0.01388888889,0.0,0.0,0.1944444444,0.01388888889
1,1,0.8760330579,0.4375,0.5625,0.0,0.0,0.0,0.0,0.0,0.0,0.0
1,1,0.9038461538,0.3898305085,0.4237288136,0.0,0.0,0.0,0.0,0.0,0.186440678,0.0
1,1,0.9636363636,0.2459016393,0.6557377049,0.0,0.0,0.0,0.0,0.0,0.09836065574,0.0
1,1,0.8852459016,0.3606557377,0.393442623,0.0,0.0,0.04918032787,0.0,0.0,0.1639344262,0.03278688525
1,1,0.9245283019,0.3432835821,0.447761194,0.0,0.0,0.01492537313,0.0,0.0,0.1641791045,0.02985074627
1,1,0.9444444444,0.3103448276,0.5172413793,0.0,0.0,0.01724137931,0.01724137931,0.0,0.1034482759,0.03448275862
1,1,0.8709677419,0.3650793651,0.380952381,0.0,0.0,0.0,0.01587301587,0.0,0.2380952381,0.0
1,1,0.9345794393,0.2580645161,0.4516129032,0.0,0.0,0.1451612903,0.0,0.0,0.09677419355,0.04838709677
1,1,0.932038835,0.3272727273,0.4727272727,0.01818181818,0.0,0.0,0.0,0.0,0.1818181818,0.0
1,1,0.9019607843,0.375,0.4285714286,0.0,0.0,0.0,0.0,0.0,0.1964285714,0.0
1,1,0.8823529412,0.431372549,0.4509803922,0.0,0.0,0.0,0.0,0.0,0.09803921569,0.01960784314
1,1,0.9130434783,0.5641025641,0.4358974359,0.0,0.0,0.0,0.0,0.0,0.0,0.0
1,1,0.9345794393,0.350877193,0.5087719298,0.0350877193,0.0,0.01754385965,0.0,0.0,0.08771929825,0.0
1,1,0.9230769231,0.4032258065,0.4032258065,0.0,0.0,0.0,0.0,0.0,0.1935483871,0.0
1,1,0.9032258065,0.4179104478,0.3432835821,0.0,0.0,0.0,0.0,0.0,0.2388059701,0.0
1,1,0.9345794393,0.2857142857,0.5892857143,0.0,0.0,0.0,0.0,0.0,0.1071428571,0.01785714286
1,1,0.9302325581,0.4411764706,0.3823529412,0.0,0.0,0.04411764706,0.0,0.0,0.1323529412,0.0
1,1,0.8932038835,0.3684210526,0.5087719298,0.0,0.0,0.0,0.0,0.0,0.1228070175,0.0
1,1,0.9444444444,0.3333333333,0.5438596491,0.0,0.0,0.01754385965,0.0,0.0,0.1052631579,0.0
1,1,0.9245283019,0.358490566,0.4716981132,0.0,0.0,0.03773584906,0.0,0.0,0.1320754717,0.0
1,1,0.8686868687,0.387755102,0.4285714286,0.0,0.0,0.0,0.0,0.0,0.1836734694,0.0
1,1,0.9142857143,0.3888888889,0.4814814815,0.0,0.01851851852,0.0,0.0,0.0,0.1111111111,0.0
1,1,0.9370629371,0.527027027,0.2702702703,0.0,0.0,0.1621621622,0.0,0.0,0.04054054054,0.0
1,1,0.7916666667,0.3617021277,0.3404255319,0.0,0.0,0.02127659574,0.0,0.0,0.2553191489,0.02127659574
1,1,0.8712871287,0.3928571429,0.4285714286,0.0,0.0,0.0,0.0,0.0,0.1785714286,0.0
1,1,0.9444444444,0.406779661,0.4745762712,0.0,0.0,0.0,0.0,0.0,0.1186440678,0.0
1,1,0.8910891089,0.4385964912,0.3859649123,0.0,0.0,0.0,0.0,0.0,0.1754385965,0.0
1,1,0.9215686275,0.358490566,0.4905660377,0.0,0.0,0.0,0.0,0.0,0.1509433962,0.0
1,1,0.9245283019,0.406779661,0.406779661,0.0,0.0,0.05084745763,0.0,0.0,0.1016949153,0.03389830508
1,1,0.9423076923,0.3636363636,0.4363636364,0.01818181818,0.0,0.0,0.0,0.0,0.1818181818,0.0
1,1,0.9142857143,0.3684210526,0.4736842105,0.0,0.0,0.0,0.0,0.0,0.1578947368,0.0
1,1,0.9038461538,0.3773584906,0.5849056604,0.0,0.0,0.01886792453,0.0,0.0,0.0,0.01886792453
1,1,0.8712871287,0.3617021277,0.4468085106,0.0,0.0,0.0,0.0,0.0,0.1914893617,0.0
1,1,0.868852459,0.484375,0.515625,0.0,0.0,0.0,0.0,0.0,0.0,0.0
1,1,0.9245283019,0.2911392405,0.4050632911,0.0,0.0,0.1392405063,0.0,0.0,0.08860759494,0.07594936709
1,1,0.9245283019,0.390625,0.421875,0.0,0.0,0.0,0.0,0.0,0.1875,0.0
1,1,0.8932038835,0.358490566,0.4339622642,0.0,0.0,0.01886792453,0.0,0.0,0.1886792453,0.0
1,1,0.9038461538,0.3454545455,0.4727272727,0.0,0.0,0.01818181818,0.01818181818,0.0,0.1454545455,0.0
1,1,0.8932038835,0.3125,0.5416666667,0.0,0.0,0.0,0.0,0.0,0.1458333333,0.0
1,1,0.9345794393,0.4035087719,0.4210526316,0.0,0.0,0.0350877193,0.0,0.0,0.1403508772,0.0
1,1,0.8780487805,0.3636363636,0.3787878788,0.0,0.0,0.01515151515,0.0,0.0,0.2272727273,0.01515151515
1,1,0.912,0.4285714286,0.4126984127,0.0,0.0,0.0,0.01587301587,0.0,0.1428571429,0.0
1,1,0.9345794393,0.380952381,0.4285714286,0.0,0.0,0.03174603175,0.01587301587,0.0,0.126984127,0.01587301587
1,1,0.9245283019,0.3269230769,0.5192307692,0.0,0.0,0.0,0.0,0.0,0.1538461538,0.0
1,1,0.8888888889,0.5142857143,0.4857142857,0.0,0.0,0.0,0.0,0.0,0.0,0.0
1,1,0.9230769231,0.3770491803,0.4098360656,0.0,0.0,0.0,0.0,0.0,0.2131147541,0.0
1,1,0.9142857143,0.3859649123,0.4210526316,0.01754385965,0.0,0.0,0.0,0.0,0.1754385965,0.0
1,1,0.9444444444,0.3333333333,0.4833333333,0.03333333333,0.0,0.01666666667,0.0,0.0,0.1333333333,0.0
1,1,0.8712871287,0.3260869565,0.4565217391,0.0,0.0,0.0,0.0,0.0,0.2173913043,0.0
1,1,0.9038461538,0.3898305085,0.406779661,0.0,0.0,0.0,0.0,0.0,0.2033898305,0.0
1,1,0.9038461538,0.3818181818,0.4727272727,0.0,0.0,0.0,0.0,0.0,0.1454545455,0.0
1,1,0.9285714286,0.3714285714,0.4857142857,0.0,0.0,0.01428571429,0.0,0.0,0.1285714286,0.0
1,1,0.873015873,0.4057971014,0.3623188406,0.0,0.0,0.0,0.0,0.0,0.231884058,0.0
1,1,0.9142857143,0.3454545455,0.4545454545,0.0,0.0,0.0,0.0,0.0,0.2,0.0
1,1,0.8932038835,0.3272727273,0.5636363636,0.0,0.03636363636,0.0,0.0,0.0,0.07272727273,0.0
1,1,0.8333333333,0.3653846154,0.4615384615,0.0,0.0,0.0,0.0,0.1730769231,0.0,0.0
1,1,0.9245283019,0.3333333333,0.4666666667,0.01666666667,0.0,0.0,0.0,0.0,0.1833333333,0.0
1,1,0.8595041322,0.406779661,0.3559322034,0.0,0.0,0.0,0.01694915254,0.0,0.2203389831,0.0
1,1,0.8173913043,0.3235294118,0.3529411765,0.0,0.0,0.1323529412,0.0,0.0,0.1176470588,0.07352941176
1,1,0.9142857143,0.3728813559,0.4406779661,0.0,0.0,0.0,0.01694915254,0.0,0.1694915254,0.0
1,1,0.9541284404,0.25,0.65,0.0,0.0,0.0,0.0,0.0,0.1,0.0
1,1,0.9142857143,0.3965517241,0.4310344828,0.0,0.0,0.0,0.0,0.0,0.1724137931,0.0
1,1,0.8932038835,0.358490566,0.3962264151,0.0,0.0,0.01886792453,0.0,0.0,0.1886792453,0.03773584906
1,1,0.9242424242,0.4385964912,0.4385964912,0.0,0.0,0.0,0.0,0.0,0.1228070175,0.0
1,1,0.8985507246,0.5,0.34375,0.015625,0.0,0.03125,0.0,0.0,0.09375,0.015625
1,1,0.962962963,0.2823529412,0.4117647059,0.0,0.02352941176,0.1764705882,0.0,0.0,0.01176470588,0.09411764706
1,1,0.8571428571,0.5074626866,0.4925373134,0.0,0.0,0.0,0.0,0.0,0.0,0.0
1,1,0.9126213592,0.3725490196,0.4901960784,0.0,0.0,0.0,0.0,0.0,0.137254902,0.0
1,1,0.9038461538,0.4482758621,0.4137931034,0.0,0.0,0.01724137931,0.0,0.0,0.1034482759,0.01724137931
1,1,0.8870967742,0.3157894737,0.3026315789,0.0,0.0,0.1578947368,0.0,0.0,0.1052631579,0.1184210526
1,1,0.9038461538,0.3333333333,0.4814814815,0.0,0.0,0.01851851852,0.0,0.0,0.1296296296,0.03703703704
1,1,0.9433962264,0.3559322034,0.4576271186,0.01694915254,0.0,0.0,0.0,0.0,0.1694915254,0.0
1,1,0.8932038835,0.4193548387,0.435483871,0.04838709677,0.01612903226,0.01612903226,0.0,0.0,0.06451612903,0.0
1,1,0.9245283019,0.3620689655,0.4655172414,0.0,0.0,0.0,0.0,0.0,0.1724137931,0.0
1,1,0.9038461538,0.3833333333,0.4333333333,0.0,0.0,0.0,0.0,0.0,0.1833333333,0.0
1,1,0.9142857143,0.2727272727,0.4545454545,0.0,0.01818181818,0.1454545455,0.0,0.0,0.1090909091,0.0
1,1,0.9541284404,0.3389830508,0.4745762712,0.0,0.0,0.05084745763,0.0,0.0,0.1355932203,0.0
1,1,0.8872180451,0.4848484848,0.4242424242,0.0,0.0,0.0,0.0,0.07575757576,0.01515151515,0.0
1,1,0.9142857143,0.4032258065,0.3870967742,0.0,0.0,0.0,0.0,0.0,0.2096774194,0.0
1,1,0.9323308271,0.3666666667,0.4833333333,0.0,0.0,0.0,0.0,0.0,0.15,0.0
1,1,0.9142857143,0.350877193,0.4736842105,0.0,0.0,0.01754385965,0.01754385965,0.0,0.1403508772,0.0
1,1,0.8823529412,0.3333333333,0.5,0.0,0.0,0.01851851852,0.0,0.0,0.1481481481,0.0
1,1,0.9230769231,0.3265306122,0.4897959184,0.0,0.0,0.04081632653,0.0,0.0,0.1428571429,0.0
1,1,0.9142857143,0.3833333333,0.45,0.0,0.0,0.0,0.0,0.0,0.1666666667,0.0
1,1,0.9245283019,0.2962962963,0.5740740741,0.0,0.0,0.0,0.0,0.0,0.1296296296,0.0
1,1,0.9038461538,0.2666666667,0.4,0.0,0.0,0.1466666667,0.0,0.0,0.1066666667,0.08
1,1,0.9142857143,0.3666666667,0.45,0.0,0.0,0.01666666667,0.0,0.0,0.1666666667,0.0
1,1,0.9142857143,0.2280701754,0.4210526316,0.0,0.0,0.2105263158,0.0,0.0,0.1403508772,0.0
1,1,0.8702290076,0.4776119403,0.3731343284,0.1194029851,0.01492537313,0.0,0.0,0.0,0.0,0.01492537313
1,1,0.8372093023,0.4677419355,0.4516129032,0.0,0.0,0.0,0.0,0.08064516129,0.0,0.0
1,1,0.9636363636,0.3684210526,0.5087719298,0.0,0.0,0.01754385965,0.01754385965,0.0,0.0701754386,0.01754385965
1,1,0.9108910891,0.3859649123,0.4736842105,0.0,0.0,0.0,0.0,0.0,0.1228070175,0.01754385965
1,1,0.9126213592,0.3666666667,0.4166666667,0.0,0.0,0.0,0.0,0.0,0.2166666667,0.0
1,1,0.9433962264,0.3461538462,0.5384615385,0.0,0.0,0.01923076923,0.0,0.0,0.07692307692,0.01923076923
1,1,0.86,0.4181818182,0.4727272727,0.0,0.03636363636,0.0,0.0,0.0,0.07272727273,0.0
1,1,0.9142857143,0.3773584906,0.4716981132,0.0,0.0,0.0,0.0,0.0,0.1509433962,0.0
1,1,0.9361702128,0.4864864865,0.3243243243,0.0,0.0,0.0,0.01351351351,0.0,0.1756756757,0.0
1,1,0.9038461538,0.375,0.4642857143,0.0,0.0,0.0,0.0,0.0,0.1607142857,0.0
1,1,0.9142857143,0.35,0.3833333333,0.0,0.0,0.05,0.0,0.0,0.15,0.06666666667
1,1,0.9038461538,0.3442622951,0.4754098361,0.0,0.0,0.0,0.0,0.0,0.1803278689,0.0
1,1,0.8484848485,0.4545454545,0.4696969697,0.0,0.0,0.0,0.0,0.07575757576,0.0,0.0
1,1,0.8712871287,0.3409090909,0.5454545455,0.0,0.0,0.0,0.0,0.0,0.1136363636,0.0
1,1,0.9142857143,0.3898305085,0.4237288136,0.0,0.0,0.0,0.0,0.0,0.186440678,0.0
1,1,0.9019607843,0.3793103448,0.4137931034,0.0,0.0,0.0,0.0,0.0,0.2068965517,0.0
1,1,0.8910891089,0.3962264151,0.4528301887,0.0,0.0,0.0,0.0,0.0,0.1320754717,0.01886792453
1,1,0.9126213592,0.3673469388,0.4897959184,0.0,0.0,0.04081632653,0.0,0.0,0.1020408163,0.0
1,1,0.9038461538,0.3666666667,0.4166666667,0.0,0.0,0.08333333333,0.0,0.0,0.1166666667,0.01666666667
1,1,0.88,0.4918032787,0.3770491803,0.0,0.0,0.0,0.0,0.0,0.131147541,0.0
1,1,0.9345794393,0.3333333333,0.5303030303,0.0,0.0,0.01515151515,0.0,0.0,0.1060606061,0.01515151515
1,1,0.9345794393,0.4098360656,0.4754098361,0.0,0.0,0.0,0.0,0.0,0.09836065574,0.01639344262
1,1,0.9444444444,0.2542372881,0.6610169492,0.0,0.0,0.0,0.0,0.0,0.08474576271,0.0
1,1,0.8484848485,0.5076923077,0.4461538462,0.0,0.0,0.0,0.0,0.04615384615,0.0,0.0
1,1,0.8932038835,0.3469387755,0.4693877551,0.0,0.0,0.04081632653,0.0,0.0,0.1428571429,0.0
1,1,0.9142857143,0.2909090909,0.4363636364,0.0,0.0,0.03636363636,0.0,0.0,0.2,0.03636363636
1,1,0.8910891089,0.2916666667,0.5625,0.0,0.0,0.02083333333,0.0,0.0,0.125,0.0
1,1,0.9142857143,0.3333333333,0.4385964912,0.0,0.0,0.05263157895,0.0,0.0,0.1403508772,0.0350877193
1,1,0.9245283019,0.2,0.5818181818,0.0,0.0,0.03636363636,0.01818181818,0.0,0.1272727273,0.03636363636
1,1,0.9361702128,0.4788732394,0.3661971831,0.0,0.0,0.01408450704,0.0,0.0,0.1408450704,0.0
1,1,0.9142857143,0.2363636364,0.6545454545,0.0,0.0,0.0,0.0,0.0,0.1090909091,0.0
1,1,0.9142857143,0.3559322034,0.4406779661,0.01694915254,0.0,0.0,0.0,0.0,0.186440678,0.0
1,1,0.9142857143,0.3333333333,0.462962963,0.0,0.0,0.01851851852,0.0,0.0,0.1851851852,0.0
1,1,0.8932038835,0.4237288136,0.3898305085,0.0,0.0,0.0,0.0,0.0,0.186440678,0.0
1,1,0.8852459016,0.45,0.4166666667,0.0,0.0,0.0,0.0,0.1,0.03333333333,0.0
1,1,0.8970588235,0.44,0.3466666667,0.0,0.0,0.02666666667,0.0,0.0,0.1733333333,0.01333333333
1,1,0.9019607843,0.3461538462,0.5576923077,0.0,0.0,0.0,0.0,0.0,0.09615384615,0.0
1,1,0.8932038835,0.3653846154,0.4230769231,0.0,0.0,0.01923076923,0.0,0.0,0.1923076923,0.0
1,1,0.8823529412,0.3265306122,0.4693877551,0.0,0.0,0.0,0.0,0.0,0.2040816327,0.0
1,1,0.9147286822,0.3623188406,0.4637681159,0.0,0.0,0.0,0.0,0.0,0.1739130435,0.0
1,1,0.8205128205,0.4259259259,0.3703703704,0.0,0.0,0.01851851852,0.0,0.0,0.1666666667,0.01851851852
1,1,0.9038461538,0.3157894737,0.4736842105,0.0,0.0,0.01754385965,0.01754385965,0.0,0.1754385965,0.0
1,1,0.9142857143,0.3653846154,0.4615384615,0.0,0.0,0.03846153846,0.0,0.0,0.1346153846,0.0
1,1,0.9038461538,0.3518518519,0.4259259259,0.0,0.0,0.0,0.0,0.0,0.2222222222,0.0
1,1,0.8932038835,0.3965517241,0.3965517241,0.0,0.0,0.0,0.0,0.0,0.2068965517,0.0
1,1,0.8656716418,0.4571428571,0.4,0.0,0.0,0.0,0.0,0.1428571429,0.0,0.0
1,1,0.9142857143,0.3928571429,0.4642857143,0.0,0.0,0.0,0.0,0.0,0.1428571429,0.0
1,1,0.9038461538,0.35,0.3666666667,0.0,0.0,0.01666666667,0.0,0.0,0.2333333333,0.03333333333
1,1,0.9275362319,0.4578313253,0.3253012048,0.01204819277,0.0,0.0,0.0,0.0,0.2048192771,0.0
1,1,0.9541284404,0.3275862069,0.5689655172,0.0,0.0,0.01724137931,0.0,0.0,0.08620689655,0.0
1,1,0.9345794393,0.3333333333,0.5614035088,0.0,0.0,0.0,0.0,0.0,0.1052631579,0.0
1,1,0.9142857143,0.5176470588,0.3176470588,0.01176470588,0.0,0.0,0.0,0.0,0.1529411765,0.0
1,1,0.9245283019,0.3818181818,0.5272727273,0.0,0.0,0.01818181818,0.0,0.0,0.07272727273,0.0
1,1,0.8823529412,0.358490566,0.4716981132,0.0,0.0,0.05660377358,0.0,0.0,0.1132075472,0.0
1,1,0.8823529412,0.2666666667,0.5,0.0,0.0,0.1666666667,0.0,0.0,0.06666666667,0.0
1,1,0.9230769231,0.4090909091,0.4090909091,0.0,0.0,0.04545454545,0.0,0.0,0.1363636364,0.0
1,1,0.8955223881,0.5,0.5,0.0,0.0,0.0,0.0,0.0,0.0,0.0
1,1,0.8932038835,0.42,0.46,0.0,0.02,0.0,0.0,0.0,0.1,0.0
1,1,0.8823529412,0.4655172414,0.3965517241,0.0,0.0,0.0,0.0,0.0,0.1379310345,0.0
1,1,0.9444444444,0.2542372881,0.6440677966,0.0,0.0,0.0,0.0,0.0,0.1016949153,0.0
1,1,0.8932038835,0.375,0.5208333333,0.0,0.02083333333,0.0,0.0,0.0,0.08333333333,0.0
1,1,0.9142857143,0.3773584906,0.4150943396,0.01886792453,0.0,0.0,0.0,0.0,0.1886792453,0.0
1,1,0.8709677419,0.3870967742,0.3709677419,0.0,0.0,0.0,0.01612903226,0.0,0.2258064516,0.0
1,1,0.8823529412,0.36,0.42,0.0,0.0,0.04,0.0,0.0,0.18,0.0
1,1,0.9245283019,0.3103448276,0.4655172414,0.01724137931,0.0,0.0,0.0,0.0,0.2068965517,0.0
1,1,0.9142857143,0.3709677419,0.4516129032,0.0,0.0,0.0,0.0,0.0,0.1774193548,0.0
1,1,0.9038461538,0.3157894737,0.4561403509,0.01754385965,0.0,0.0,0.0,0.0,0.2105263158,0.0
1,1,0.8656716418,0.5070422535,0.4929577465,0.0,0.0,0.0,0.0,0.0,0.0,0.0
1,1,0.9361702128,0.4533333333,0.3333333333,0.0,0.0,0.0,0.01333333333,0.0,0.2,0.0
1,1,0.9038461538,0.3703703704,0.4444444444,0.0,0.0,0.03703703704,0.0,0.0,0.1481481481,0.0
1,1,0.9444444444,0.2413793103,0.6034482759,0.0,0.0,0.0,0.0,0.0,0.1551724138,0.0
1,1,0.8932038835,0.3272727273,0.4727272727,0.0,0.0,0.01818181818,0.01818181818,0.0,0.1636363636,0.0
1,1,0.9142857143,0.3272727273,0.4181818182,0.0,0.0,0.03636363636,0.0,0.0,0.2,0.01818181818
1,1,0.9142857143,0.3793103448,0.4137931034,0.0,0.0,0.0,0.01724137931,0.0,0.1896551724,0.0
1,1,0.8709677419,0.375,0.5,0.0,0.03125,0.0,0.0,0.0,0.09375,0.0
1,1,0.9312977099,0.3552631579,0.4605263158,0.0,0.0,0.0,0.0,0.0,0.1842105263,0.0
1,1,0.9345794393,0.3650793651,0.4285714286,0.0,0.0,0.0,0.0,0.0,0.2063492063,0.0
1,1,0.9245283019,0.358490566,0.4716981132,0.0,0.0,0.03773584906,0.0,0.0,0.1320754717,0.0
1,1,0.8571428571,0.4464285714,0.3928571429,0.0,0.0,0.0,0.0,0.1428571429,0.01785714286,0.0
1,1,0.8367346939,0.3421052632,0.5263157895,0.0,0.0,0.0,0.0,0.0,0.1315789474,0.0
1,1,0.90625,0.447761194,0.3432835821,0.0,0.0,0.0,0.0,0.0,0.2089552239,0.0
1,1,0.8823529412,0.3928571429,0.4642857143,0.0,0.0,0.0,0.0,0.0,0.1428571429,0.0
1,1,0.86,0.4791666667,0.4166666667,0.0,0.0,0.0,0.0,0.0,0.1041666667,0.0
1,1,0.896,0.4677419355,0.3548387097,0.0,0.0,0.0,0.0,0.0,0.1774193548,0.0
1,1,0.9147286822,0.4558823529,0.3529411765,0.0,0.0,0.0,0.0,0.0,0.1911764706,0.0
1,1,0.9126213592,0.3148148148,0.5740740741,0.0,0.0,0.0,0.0,0.0,0.09259259259,0.01851851852
1,1,0.9291338583,0.2950819672,0.5737704918,0.0,0.0,0.0,0.0,0.0,0.131147541,0.0
1,1,0.9423076923,0.3818181818,0.4363636364,0.01818181818,0.0,0.0,0.0,0.0,0.1636363636,0.0
1,1,0.8932038835,0.4,0.4909090909,0.0,0.0,0.0,0.0,0.0,0.1090909091,0.0
1,1,0.8823529412,0.5211267606,0.4788732394,0.0,0.0,0.0,0.0,0.0,0.0,0.0
1,1,0.9302325581,0.4242424242,0.3939393939,0.0,0.0,0.04545454545,0.0,0.0,0.1363636364,0.0
1,1,0.9345794393,0.3035714286,0.5714285714,0.0,0.0,0.0,0.0,0.0,0.125,0.0
1,1,0.9142857143,0.380952381,0.3968253968,0.0,0.0,0.0,0.0,0.0,0.2063492063,0.01587301587
1,1,0.9130434783,0.4342105263,0.3815789474,0.0,0.0,0.02631578947,0.0,0.0,0.1578947368,0.0
1,1,0.8923076923,0.3571428571,0.4,0.0,0.0,0.04285714286,0.0,0.0,0.2,0.0
1,1,0.9291338583,0.3513513514,0.4189189189,0.01351351351,0.0,0.0,0.0,0.0,0.2162162162,0.0
1,1,0.9230769231,0.301369863,0.3287671233,0.0,0.0,0.1643835616,0.0,0.0,0.09589041096,0.1095890411
1,1,0.9345794393,0.3333333333,0.4912280702,0.0,0.0,0.01754385965,0.01754385965,0.0,0.1052631579,0.0350877193
1,1,0.9245283019,0.3818181818,0.5272727273,0.0,0.0,0.0,0.0,0.0,0.09090909091,0.0
1,1,0.9032258065,0.3333333333,0.619047619,0.0,0.0,0.01587301587,0.0,0.0,0.0,0.03174603175
1,1,0.8905109489,0.5342465753,0.4657534247,0.0,0.0,0.0,0.0,0.0,0.0,0.0
1,1,0.8740740741,0.564516129,0.3064516129,0.0,0.0,0.01612903226,0.0,0.0,0.06451612903,0.04838709677
1,1,0.9245283019,0.3148148148,0.5185185185,0.0,0.0,0.01851851852,0.0,0.0,0.1481481481,0.0
1,1,0.8712871287,0.3157894737,0.5614035088,0.0,0.0,0.08771929825,0.0,0.0,0.0350877193,0.0
1,1,0.8932038835,0.3725490196,0.4901960784,0.0,0.0,0.0,0.0,0.0,0.137254902,0.0
1,1,0.8823529412,0.3571428571,0.4107142857,0.0,0.0,0.0,0.0,0.0,0.2321428571,0.0
1,1,0.9142857143,0.3684210526,0.4736842105,0.0,0.0,0.0,0.0,0.0,0.1578947368,0.0
1,1,0.90625,0.406779661,0.4745762712,0.0,0.0,0.0,0.0,0.0,0.1186440678,0.0
1,1,0.953271028,0.3571428571,0.4714285714,0.0,0.0,0.0,0.0,0.0,0.1714285714,0.0
1,1,0.972972973,0.2717391304,0.402173913,0.0,0.02173913043,0.1630434783,0.0,0.0,0.03260869565,0.1086956522
1,1,0.8823529412,0.45,0.4166666667,0.0,0.0,0.03333333333,0.0,0.0,0.08333333333,0.01666666667
1,1,0.9343065693,0.2068965517,0.4942528736,0.1494252874,0.01149425287,0.0,0.0,0.0,0.04597701149,0.09195402299
1,1,0.9285714286,0.5285714286,0.2714285714,0.0,0.0,0.1571428571,0.0,0.0,0.04285714286,0.0
1,1,0.9038461538,0.3823529412,0.4705882353,0.0,0.0,0.0,0.0,0.0,0.1470588235,0.0
1,1,0.9142857143,0.4117647059,0.5098039216,0.0,0.01960784314,0.0,0.0,0.0,0.05882352941,0.0
1,1,0.9245283019,0.3384615385,0.4769230769,0.0,0.0,0.0,0.0,0.0,0.1846153846,0.0
1,1,0.9541284404,0.25,0.65,0.0,0.0,0.0,0.0,0.0,0.1,0.0
1,1,0.8932038835,0.4516129032,0.4193548387,0.0,0.0,0.03225806452,0.0,0.0,0.08064516129,0.01612903226
1,1,0.864,0.3333333333,0.4333333333,0.0,0.0,0.0,0.0,0.0,0.2333333333,0.0
1,1,0.9147286822,0.3676470588,0.4117647059,0.0,0.0,0.04411764706,0.0,0.0,0.1470588235,0.02941176471
1,1,0.9345794393,0.3538461538,0.4769230769,0.0,0.0,0.0,0.0,0.0,0.1692307692,0.0
1,1,0.9185185185,0.4197530864,0.3703703704,0.0,0.0,0.0,0.01234567901,0.0,0.1975308642,0.0
1,1,0.9245283019,0.3793103448,0.4137931034,0.0,0.0,0.01724137931,0.0,0.0,0.1551724138,0.03448275862
1,1,0.8721804511,0.4677419355,0.4516129032,0.0,0.0,0.0,0.0,0.06451612903,0.01612903226,0.0
1,1,0.9444444444,0.3392857143,0.5178571429,0.0,0.0,0.01785714286,0.01785714286,0.0,0.08928571429,0.01785714286
1,1,0.951048951,0.4189189189,0.472972973,0.0,0.0,0.0,0.0,0.0,0.1081081081,0.0
1,1,0.8823529412,0.4655172414,0.3965517241,0.0,0.0,0.03448275862,0.0,0.0,0.08620689655,0.01724137931
1,1,0.8932038835,0.4259259259,0.4259259259,0.0,0.0,0.01851851852,0.0,0.0,0.1296296296,0.0
1,1,0.9047619048,0.3970588235,0.3088235294,0.0,0.0,0.01470588235,0.0,0.0,0.2647058824,0.01470588235
1,1,0.9345794393,0.3846153846,0.4,0.0,0.0,0.0,0.0,0.0,0.2153846154,0.0
1,1,0.9345794393,0.3770491803,0.4918032787,0.0,0.0,0.0,0.0,0.0,0.1147540984,0.01639344262
1,1,0.9038461538,0.38,0.44,0.0,0.0,0.04,0.0,0.0,0.14,0.0
1,1,0.9142857143,0.3076923077,0.5769230769,0.0,0.0,0.0,0.0,0.0,0.1153846154,0.0
1,1,0.8932038835,0.3461538462,0.4038461538,0.0,0.0,0.01923076923,0.0,0.0,0.2307692308,0.0
1,1,0.8787878788,0.5,0.5,0.0,0.0,0.0,0.0,0.0,0.0,0.0
1,1,0.9142857143,0.3709677419,0.435483871,0.0,0.0,0.0,0.0,0.0,0.1935483871,0.0
1,1,0.9345794393,0.328125,0.515625,0.0,0.0,0.0,0.0,0.0,0.15625,0.0
1,1,0.8932038835,0.3392857143,0.4285714286,0.0,0.0,0.0,0.0,0.0,0.2321428571,0.0
1,1,0.9038461538,0.3725490196,0.4509803922,0.0,0.0,0.03921568627,0.0,0.0,0.137254902,0.0
1,1,0.9245283019,0.3157894737,0.4912280702,0.0,0.0,0.0350877193,0.0,0.0,0.1403508772,0.01754385965
1,1,0.9142857143,0.3913043478,0.4637681159,0.0,0.0,0.0,0.0,0.0,0.1449275362,0.0
1,1,0.8932038835,0.3518518519,0.6111111111,0.0,0.0,0.01851851852,0.0,0.0,0.0,0.01851851852
1,1,0.9019607843,0.375,0.4791666667,0.0,0.0,0.04166666667,0.0,0.0,0.1041666667,0.0
1,1,0.8932038835,0.4107142857,0.4464285714,0.0,0.0,0.0,0.0,0.0,0.125,0.01785714286
1,1,0.8712871287,0.3962264151,0.4905660377,0.0,0.0,0.01886792453,0.0,0.0,0.09433962264,0.0
1,1,0.8823529412,0.5205479452,0.4794520548,0.0,0.0,0.0,0.0,0.0,0.0,0.0
1,1,0.9038461538,0.4181818182,0.4363636364,0.0,0.0,0.01818181818,0.0,0.0,0.1272727273,0.0
1,1,0.8823529412,0.4576271186,0.406779661,0.0,0.0,0.03389830508,0.0,0.0,0.08474576271,0.01694915254
1,1,0.9444444444,0.3518518519,0.5185185185,0.0,0.0,0.01851851852,0.01851851852,0.0,0.07407407407,0.01851851852
1,1,0.8712871287,0.3488372093,0.511627907,0.0,0.0,0.0,0.0,0.0,0.1395348837,0.0
1,1,0.9444444444,0.3620689655,0.5,0.03448275862,0.0,0.01724137931,0.0,0.0,0.08620689655,0.0
1,1,0.9230769231,0.4153846154,0.3846153846,0.0,0.0,0.0,0.01538461538,0.0,0.1692307692,0.01538461538
1,1,0.9541284404,0.3333333333,0.4833333333,0.03333333333,0.0,0.01666666667,0.0,0.0,0.1333333333,0.0
1,1,0.88,0.4545454545,0.4,0.0,0.0,0.0,0.0,0.0,0.1454545455,0.0
1,1,0.88,0.3116883117,0.3636363636,0.0,0.0,0.1168831169,0.0,0.0,0.1428571429,0.06493506494
1,1,0.9166666667,0.4285714286,0.3968253968,0.01587301587,0.0,0.0,0.0,0.0,0.1587301587,0.0
1,1,0.9208633094,0.5217391304,0.2753623188,0.0,0.0,0.1594202899,0.0,0.0,0.04347826087,0.0
1,1,0.8712871287,0.4642857143,0.375,0.0,0.0,0.0,0.0,0.0,0.1607142857,0.0
1,1,0.8823529412,0.36,0.44,0.0,0.0,0.04,0.0,0.0,0.16,0.0
1,1,0.9312977099,0.4571428571,0.3428571429,0.0,0.0,0.0,0.0,0.0,0.2,0.0
1,1,0.9345794393,0.4262295082,0.4590163934,0.0,0.0,0.0,0.0,0.0,0.09836065574,0.01639344262
1,1,0.9636363636,0.2840909091,0.4090909091,0.0,0.02272727273,0.1590909091,0.0,0.0,0.03409090909,0.09090909091
1,1,0.9208633094,0.4444444444,0.3086419753,0.01234567901,0.0,0.0,0.0,0.0,0.2222222222,0.01234567901
1,1,0.9302325581,0.4126984127,0.4444444444,0.0,0.0,0.0,0.0,0.0,0.1428571429,0.0
1,1,0.8823529412,0.4150943396,0.4528301887,0.0,0.0,0.0,0.0,0.0,0.1320754717,0.0
1,1,0.8484848485,0.3488372093,0.4651162791,0.0,0.0,0.0,0.0,0.0,0.1860465116,0.0
1,1,0.9038461538,0.3846153846,0.4423076923,0.0,0.0,0.03846153846,0.0,0.0,0.1346153846,0.0
1,1,0.8636363636,0.5384615385,0.4153846154,0.0,0.0,0.0,0.0,0.04615384615,0.0,0.0
1,1,0.9230769231,0.4571428571,0.3285714286,0.0,0.0,0.0,0.0,0.0,0.2142857143,0.0
1,1,0.8932038835,0.3090909091,0.4181818182,0.0,0.0,0.03636363636,0.0,0.0,0.2,0.03636363636
1,1,0.8932038835,0.2837837838,0.3918918919,0.0,0.0,0.1351351351,0.0,0.0,0.1081081081,0.08108108108
1,1,0.90625,0.393442623,0.4590163934,0.0,0.0,0.0,0.01639344262,0.0,0.131147541,0.0
1,1,0.9038461538,0.3770491803,0.3606557377,0.0,0.0,0.01639344262,0.0,0.0,0.2131147541,0.03278688525
1,1,0.9245283019,0.3709677419,0.4193548387,0.0,0.0,0.0,0.0,0.0,0.2096774194,0.0
1,1,0.9375,0.3174603175,0.5714285714,0.0,0.0,0.0,0.0,0.0,0.1111111111,0.0
1,1,0.8932038835,0.3636363636,0.4363636364,0.0,0.0,0.01818181818,0.0,0.0,0.1636363636,0.01818181818
1,1,0.9230769231,0.4307692308,0.3846153846,0.0,0.0,0.03076923077,0.0,0.0,0.1384615385,0.01538461538
1,1,0.9133858268,0.3623188406,0.4057971014,0.0,0.0,0.04347826087,0.0,0.0,0.1884057971,0.0
1,1,0.8656716418,0.5915492958,0.4084507042,0.0,0.0,0.0,0.0,0.0,0.0,0.0
1,1,0.9444444444,0.3181818182,0.5,0.0,0.0,0.0,0.0,0.0,0.1818181818,0.0
1,1,0.9038461538,0.3333333333,0.4259259259,0.0,0.0,0.01851851852,0.0,0.0,0.2222222222,0.0
1,1,0.9142857143,0.3888888889,0.462962963,0.0,0.01851851852,0.0,0.0,0.0,0.1296296296,0.0
1,1,0.8932038835,0.4035087719,0.4035087719,0.0,0.0,0.0,0.0,0.0,0.1929824561,0.0
1,1,0.9019607843,0.387755102,0.4489795918,0.0,0.0,0.04081632653,0.0,0.0,0.1224489796,0.0
1,1,0.9275362319,0.5142857143,0.3857142857,0.0,0.0,0.02857142857,0.01428571429,0.0,0.05714285714,0.0
1,1,0.8932038835,0.3269230769,0.4423076923,0.0,0.0,0.01923076923,0.0,0.0,0.2115384615,0.0
1,1,0.9312977099,0.4202898551,0.3623188406,0.0,0.01449275362,0.0,0.0,0.0,0.2028985507,0.0
1,1,0.9126213592,0.3818181818,0.4545454545,0.0,0.0,0.0,0.0,0.0,0.1454545455,0.01818181818
1,1,0.9038461538,0.3571428571,0.4285714286,0.0,0.0,0.0,0.0,0.0,0.1964285714,0.01785714286
1,1,0.8870967742,0.5147058824,0.4852941176,0.0,0.0,0.0,0.0,0.0,0.0,0.0
1,1,0.9444444444,0.224137931,0.5517241379,0.0,0.0,0.05172413793,0.0,0.0,0.1206896552,0.05172413793
1,1,0.9142857143,0.2741935484,0.3870967742,0.0,0.0,0.1129032258,0.0,0.0,0.1774193548,0.04838709677
1,1,0.8932038835,0.3965517241,0.3965517241,0.0,0.0,0.0,0.0,0.0,0.2068965517,0.0
1,1,0.8932038835,0.306122449,0.4693877551,0.0,0.0,0.0,0.0,0.0,0.2244897959,0.0
1,1,0.9038461538,0.3090909091,0.4909090909,0.0,0.0,0.01818181818,0.01818181818,0.0,0.1636363636,0.0
1,1,0.8976377953,0.3709677419,0.3387096774,0.0,0.0,0.01612903226,0.0,0.0,0.2580645161,0.01612903226
1,1,0.9038461538,0.4285714286,0.4285714286,0.0,0.0,0.0,0.0,0.0,0.1428571429,0.0
1,1,0.9245283019,0.3333333333,0.5185185185,0.03703703704,0.0,0.01851851852,0.0,0.0,0.09259259259,0.0
1,1,0.9133858268,0.3650793651,0.3968253968,0.01587301587,0.0,0.0,0.01587301587,0.0,0.2063492063,0.0
1,1,0.9142857143,0.3725490196,0.4509803922,0.0,0.0,0.03921568627,0.0,0.0,0.137254902,0.0
1,1,0.9064748201,0.5657894737,0.4342105263,0.0,0.0,0.0,0.0,0.0,0.0,0.0
1,1,0.9038461538,0.3090909091,0.4545454545,0.0,0.0,0.01818181818,0.01818181818,0.0,0.2,0.0
1,1,0.8709677419,0.3870967742,0.3709677419,0.0,0.0,0.0,0.01612903226,0.0,0.2258064516,0.0
1,1,0.88,0.4385964912,0.4035087719,0.0,0.0,0.0,0.0,0.0,0.1578947368,0.0
1,1,0.8970588235,0.4666666667,0.4,0.0,0.01333333333,0.05333333333,0.0,0.0,0.05333333333,0.01333333333
1,1,0.932038835,0.3684210526,0.4561403509,0.01754385965,0.0,0.0,0.0,0.0,0.1578947368,0.0
1,1,0.9230769231,0.421875,0.359375,0.0,0.0,0.046875,0.0,0.0,0.140625,0.03125
1,1,0.9142857143,0.3653846154,0.4615384615,0.0,0.0,0.03846153846,0.0,0.0,0.1346153846,0.0
1,1,0.8932038835,0.3859649123,0.4210526316,0.0,0.0,0.0,0.0,0.0,0.1929824561,0.0
1,1,0.9142857143,0.3559322034,0.4406779661,0.01694915254,0.0,0.0,0.0,0.0,0.186440678,0.0
1,1,0.9038461538,0.2307692308,0.5961538462,0.0,0.0,0.0,0.0,0.0,0.1730769231,0.0
1,1,0.8503937008,0.4166666667,0.4166666667,0.0,0.0,0.0,0.0,0.15,0.01666666667,0.0
1,1,0.9245283019,0.2363636364,0.5636363636,0.0,0.0,0.03636363636,0.0,0.0,0.1272727273,0.03636363636
1,1,0.932038835,0.3928571429,0.4285714286,0.01785714286,0.0,0.0,0.0,0.0,0.1607142857,0.0
1,1,0.9345794393,0.3389830508,0.4576271186,0.0,0.0,0.05084745763,0.0,0.0,0.1186440678,0.03389830508
1,1,0.9142857143,0.3559322034,0.4406779661,0.0,0.0,0.01694915254,0.0,0.0,0.186440678,0.0
1,1,0.9444444444,0.3518518519,0.5185185185,0.0,0.0,0.01851851852,0.01851851852,0.0,0.07407407407,0.01851851852
1,1,0.9245283019,0.3709677419,0.4193548387,0.0,0.0,0.0,0.0,0.0,0.2096774194,0.0
1,1,0.9147286822,0.4411764706,0.3676470588,0.01470588235,0.0,0.0,0.0,0.0,0.1764705882,0.0
1,1,0.8823529412,0.387755102,0.4489795918,0.0,0.0,0.0,0.0,0.0,0.1632653061,0.0
1,1,0.9208633094,0.5,0.4210526316,0.01315789474,0.0,0.0,0.0,0.0,0.06578947368,0.0
1,1,0.9147286822,0.4310344828,0.4137931034,0.0,0.0,0.0,0.0,0.0,0.1551724138,0.0
1,1,0.9197080292,0.4337349398,0.3614457831,0.0843373494,0.0,0.1084337349,0.0,0.0,0.01204819277,0.0
1,1,0.8636363636,0.5230769231,0.4769230769,0.0,0.0,0.0,0.0,0.0,0.0,0.0
1,1,0.8188976378,0.5507246377,0.3768115942,0.0,0.0,0.0,0.0,0.0,0.07246376812,0.0
1,1,0.9038461538,0.3571428571,0.4642857143,0.0,0.0,0.01785714286,0.0,0.0,0.1607142857,0.0
1,1,0.9038461538,0.3833333333,0.4,0.0,0.0,0.0,0.0,0.0,0.2166666667,0.0
1,1,0.9345794393,0.3870967742,0.4677419355,0.0,0.0,0.0,0.0,0.0,0.1290322581,0.01612903226
1,1,0.9292929293,0.2745098039,0.5490196078,0.0,0.0,0.0,0.01960784314,0.0,0.1568627451,0.0
1,1,0.9142857143,0.253968254,0.4126984127,0.0,0.0,0.126984127,0.0,0.0,0.1587301587,0.04761904762
1,1,0.8760330579,0.4807692308,0.3461538462,0.0,0.0,0.0,0.0,0.0,0.1346153846,0.03846153846
1,1,0.9038461538,0.3103448276,0.4655172414,0.0,0.0,0.01724137931,0.01724137931,0.0,0.1896551724,0.0
1,1,0.972972973,0.2380952381,0.6349206349,0.0,0.0,0.0,0.0,0.0,0.126984127,0.0
1,1,0.9038461538,0.375,0.4285714286,0.0,0.0,0.0,0.01785714286,0.0,0.1785714286,0.0
1,1,0.868852459,0.4385964912,0.4561403509,0.0,0.0,0.0,0.0,0.08771929825,0.01754385965,0.0
1,1,0.8709677419,0.5072463768,0.3913043478,0.0,0.0,0.02898550725,0.0,0.0,0.05797101449,0.01449275362
1,1,0.9436619718,0.4512195122,0.3292682927,0.0,0.0,0.0243902439,0.0,0.0,0.1829268293,0.01219512195
1,1,0.9333333333,0.4266666667,0.4133333333,0.0,0.0,0.02666666667,0.0,0.0,0.12,0.01333333333
1,1,0.8932038835,0.3709677419,0.435483871,0.0,0.0,0.01612903226,0.0,0.0,0.1451612903,0.03225806452
1,1,0.9038461538,0.3571428571,0.4642857143,0.0,0.0,0.01785714286,0.0,0.0,0.1607142857,0.0
1,1,0.9038461538,0.3846153846,0.4230769231,0.0,0.0,0.03846153846,0.0,0.0,0.1538461538,0.0
1,1,0.9038461538,0.3529411765,0.5490196078,0.0,0.0,0.0,0.0,0.0,0.09803921569,0.0
1,1,0.9208633094,0.4444444444,0.4444444444,0.0,0.03174603175,0.01587301587,0.0,0.0,0.06349206349,0.0
1,1,0.8823529412,0.4285714286,0.4107142857,0.0,0.0,0.0,0.0,0.0,0.1607142857,0.0
1,1,0.8823529412,0.3333333333,0.4901960784,0.0,0.0,0.01960784314,0.0,0.0,0.1568627451,0.0
1,1,0.9130434783,0.5263157895,0.4736842105,0.0,0.0,0.0,0.0,0.0,0.0,0.0
1,1,0.9172932331,0.4102564103,0.3461538462,0.0,0.0,0.01282051282,0.01282051282,0.0,0.2179487179,0.0
1,1,0.8780487805,0.32,0.3733333333,0.0,0.0,0.09333333333,0.0,0.0,0.16,0.05333333333
1,1,0.8870967742,0.4838709677,0.3387096774,0.0,0.01612903226,0.0,0.0,0.0,0.1612903226,0.0
1,1,0.9345794393,0.2631578947,0.649122807,0.0,0.0,0.0,0.0,0.0,0.08771929825,0.0
1,1,0.8823529412,0.3846153846,0.5769230769,0.0,0.0,0.01923076923,0.0,0.0,0.0,0.01923076923
1,1,0.8932038835,0.3571428571,0.4464285714,0.0,0.0,0.05357142857,0.0,0.0,0.1071428571,0.03571428571
1,1,0.9019607843,0.3090909091,0.4727272727,0.0,0.0,0.05454545455,0.0,0.0,0.1272727273,0.03636363636
1,1,0.8686868687,0.36,0.46,0.0,0.0,0.0,0.0,0.0,0.18,0.0
1,1,0.9230769231,0.3518518519,0.5,0.03703703704,0.0,0.01851851852,0.0,0.0,0.09259259259,0.0
1,1,0.8852459016,0.4210526316,0.3859649123,0.0,0.0,0.0,0.0,0.0,0.1929824561,0.0
1,1,0.8656716418,0.4571428571,0.4,0.0,0.0,0.0,0.0,0.1428571429,0.0,0.0
1,1,0.9147286822,0.4925373134,0.3731343284,0.01492537313,0.0,0.0,0.0,0.0,0.1194029851,0.0
1,1,0.8976377953,0.3333333333,0.3827160494,0.0,0.0,0.07407407407,0.0,0.0,0.1604938272,0.04938271605
1,1,0.8823529412,0.3773584906,0.4339622642,0.0,0.0,0.01886792453,0.01886792453,0.0,0.1509433962,0.0
1,1,0.9245283019,0.35,0.4666666667,0.0,0.0,0.01666666667,0.0,0.0,0.1666666667,0.0
1,1,0.9514563107,0.3709677419,0.4032258065,0.0,0.0,0.0,0.0,0.0,0.2258064516,0.0
1,1,0.9108910891,0.375,0.4791666667,0.0,0.0,0.04166666667,0.0,0.0,0.1041666667,0.0
1,1,0.88,0.4655172414,0.4310344828,0.0,0.0,0.03448275862,0.0,0.0,0.05172413793,0.01724137931
1,1,0.9142857143,0.3770491803,0.4098360656,0.0,0.0,0.0,0.0,0.0,0.2131147541,0.0
1,1,0.8870967742,0.3166666667,0.5166666667,0.0,0.0,0.0,0.0,0.0,0.1666666667,0.0
1,1,0.9444444444,0.3846153846,0.3846153846,0.0,0.0,0.0,0.0,0.0,0.2307692308,0.0
1,1,0.8760330579,0.5076923077,0.4923076923,0.0,0.0,0.0,0.0,0.0,0.0,0.0
1,1,0.9038461538,0.3064516129,0.3709677419,0.0,0.0,0.1129032258,0.0,0.0,0.1451612903,0.06451612903
1,1,0.9245283019,0.3833333333,0.4666666667,0.0,0.0,0.0,0.0,0.0,0.1333333333,0.01666666667
1,1,0.8976377953,0.3389830508,0.4576271186,0.0,0.0,0.0,0.01694915254,0.0,0.186440678,0.0
1,1,0.9245283019,0.2972972973,0.3108108108,0.0,0.0,0.1756756757,0.0,0.0,0.09459459459,0.1216216216
1,1,0.9245283019,0.3559322034,0.4745762712,0.0,0.0,0.0,0.0,0.0,0.1694915254,0.0
1,1,0.8659793814,0.4150943396,0.4150943396,0.0,0.0,0.0,0.0,0.0,0.1698113208,0.0
1,1,0.8721804511,0.4603174603,0.4126984127,0.07936507937,0.0,0.03174603175,0.0,0.0,0.01587301587,0.0
1,1,0.8712871287,0.262295082,0.4918032787,0.0,0.0,0.1803278689,0.0,0.0,0.06557377049,0.0
1,1,0.8823529412,0.3333333333,0.462962963,0.0,0.0,0.01851851852,0.0,0.0,0.1851851852,0.0
1,1,0.8333333333,0.406779661,0.3389830508,0.0,0.0,0.0,0.0,0.0,0.2542372881,0.0
1,1,0.8571428571,0.5,0.4264705882,0.0,0.0,0.0,0.0,0.07352941176,0.0,0.0
1,1,0.9142857143,0.375,0.4821428571,0.0,0.0,0.01785714286,0.0,0.0,0.125,0.0
1,1,0.9047619048,0.4920634921,0.3333333333,0.0,0.03174603175,0.0,0.0,0.0,0.1428571429,0.0
1,1,0.9245283019,0.3384615385,0.4,0.0,0.0,0.1076923077,0.0,0.0,0.1076923077,0.04615384615
1,1,0.9038461538,0.2941176471,0.6078431373,0.0,0.0,0.0,0.0,0.0,0.09803921569,0.0
1,1,0.9038461538,0.3333333333,0.4074074074,0.0,0.0,0.01851851852,0.0,0.0,0.2407407407,0.0
1,1,0.9038461538,0.4035087719,0.4385964912,0.0,0.0,0.0,0.0,0.0,0.1403508772,0.01754385965
1,1,0.8910891089,0.3461538462,0.6346153846,0.0,0.0,0.01923076923,0.0,0.0,0.0,0.0
1,1,0.8823529412,0.3571428571,0.3928571429,0.0,0.0,0.01785714286,0.0,0.0,0.1964285714,0.03571428571
1,1,0.9312977099,0.4179104478,0.4029850746,0.0,0.0,0.0447761194,0.0,0.0,0.1343283582,0.0
1,1,0.9444444444,0.3529411765,0.4705882353,0.0,0.0,0.0,0.0,0.0,0.1764705882,0.0
1,1,0.8985507246,0.5675675676,0.4324324324,0.0,0.0,0.0,0.0,0.0,0.0,0.0
1,1,0.9215686275,0.3818181818,0.4,0.01818181818,0.0,0.0,0.0,0.0,0.2,0.0
1,1,0.9038461538,0.2909090909,0.4363636364,0.0,0.0,0.03636363636,0.0,0.0,0.2,0.03636363636
1,1,0.9142857143,0.4,0.4545454545,0.0,0.0,0.0,0.0,0.0,0.1272727273,0.01818181818
1,1,0.9038461538,0.3272727273,0.4181818182,0.0,0.0,0.03636363636,0.0,0.0,0.2,0.01818181818
1,1,0.9444444444,0.390625,0.421875,0.0,0.0,0.03125,0.015625,0.0,0.125,0.015625
1,1,0.90625,0.4776119403,0.3582089552,0.0,0.0,0.0,0.0,0.0,0.1641791045,0.0
1,1,0.8712871287,0.3265306122,0.4489795918,0.0,0.0,0.0,0.0,0.0,0.2244897959,0.0
1,1,0.8932038835,0.3620689655,0.4137931034,0.0,0.0,0.08620689655,0.0,0.0,0.1206896552,0.01724137931
1,1,0.9019607843,0.4561403509,0.3684210526,0.0,0.0,0.05263157895,0.0,0.0,0.08771929825,0.0350877193
1,1,0.9126213592,0.2830188679,0.5849056604,0.0,0.0,0.0,0.0,0.0,0.1132075472,0.01886792453
1,1,0.8905109489,0.5342465753,0.4657534247,0.0,0.0,0.0,0.0,0.0,0.0,0.0
1,1,0.9433962264,0.2586206897,0.6551724138,0.0,0.0,0.0,0.0,0.0,0.08620689655,0.0
1,1,0.90625,0.4347826087,0.3768115942,0.01449275362,0.0,0.0,0.0,0.0,0.1739130435,0.0
1,1,0.8823529412,0.4210526316,0.4210526316,0.0,0.0,0.0,0.0,0.0,0.1578947368,0.0
1,1,0.9352517986,0.5138888889,0.3333333333,0.0,0.0,0.0,0.0,0.0,0.1388888889,0.01388888889
1,1,0.9245283019,0.4363636364,0.4727272727,0.0,0.0,0.0,0.0,0.0,0.09090909091,0.0
1,1,0.9142857143,0.34,0.52,0.0,0.0,0.0,0.0,0.0,0.14,0.0
1,1,0.8823529412,0.4107142857,0.4107142857,0.0,0.0,0.0,0.0,0.0,0.1785714286,0.0
1,1,0.9444444444,0.350877193,0.4736842105,0.0,0.0,0.0350877193,0.01754385965,0.0,0.08771929825,0.0350877193
1,1,0.9345794393,0.3333333333,0.5185185185,0.0,0.0,0.01851851852,0.01851851852,0.0,0.09259259259,0.01851851852
1,1,0.9142857143,0.2909090909,0.5636363636,0.0,0.0,0.0,0.01818181818,0.0,0.1090909091,0.01818181818
1,1,0.8721804511,0.4857142857,0.5142857143,0.0,0.0,0.0,0.0,0.0,0.0,0.0
1,1,0.9242424242,0.3733333333,0.3466666667,0.0,0.0,0.09333333333,0.0,0.0,0.1466666667,0.04
1,1,0.8932038835,0.4181818182,0.4545454545,0.0,0.0,0.0,0.0,0.0,0.1272727273,0.0
1,1,0.8932038835,0.4117647059,0.4509803922,0.0,0.0,0.0,0.0,0.0,0.137254902,0.0
1,1,0.9245283019,0.1964285714,0.6071428571,0.0,0.0,0.03571428571,0.01785714286,0.0,0.1071428571,0.03571428571
1,1,0.9038461538,0.3818181818,0.4727272727,0.0,0.0,0.01818181818,0.0,0.0,0.1272727273,0.0
1,1,0.9444444444,0.2784810127,0.4810126582,0.0,0.0,0.1139240506,0.0,0.0,0.07594936709,0.05063291139
1,1,0.8686868687,0.358490566,0.3773584906,0.0,0.0,0.01886792453,0.0,0.0,0.2075471698,0.03773584906
1,1,0.9215686275,0.3333333333,0.462962963,0.01851851852,0.0,0.0,0.0,0.0,0.1851851852,0.0
1,1,0.9245283019,0.4032258065,0.435483871,0.0,0.0,0.0,0.0,0.0,0.1612903226,0.0
1,1,0.8636363636,0.4054054054,0.3783783784,0.0,0.0,0.01351351351,0.0,0.0,0.1756756757,0.02702702703
1,1,0.8666666667,0.4464285714,0.4285714286,0.0,0.0,0.0,0.0,0.08928571429,0.03571428571,0.0
1,1,0.9245283019,0.3559322034,0.4745762712,0.0,0.0,0.01694915254,0.0,0.0,0.1525423729,0.0
1,1,0.9312977099,0.4179104478,0.4029850746,0.0,0.0,0.0447761194,0.0,0.0,0.1343283582,0.0
1,1,0.9142857143,0.3725490196,0.4509803922,0.0,0.0,0.03921568627,0.0,0.0,0.137254902,0.0
1,1,0.8712871287,0.38,0.4,0.0,0.0,0.02,0.02,0.0,0.18,0.0
1,1,0.9130434783,0.4712643678,0.3793103448,0.0,0.02298850575,0.05747126437,0.01149425287,0.0,0.05747126437,0.0
1,1,0.9064748201,0.4125,0.3375,0.0,0.0,0.025,0.0,0.0,0.2125,0.0125
1,1,0.9142857143,0.4262295082,0.4098360656,0.0,0.0,0.0,0.0,0.0,0.1639344262,0.0
1,1,0.8403361345,0.3725490196,0.4117647059,0.0,0.0,0.0,0.0,0.0,0.2156862745,0.0
1,1,0.9285714286,0.4444444444,0.4074074074,0.0,0.0,0.06172839506,0.0,0.0,0.07407407407,0.01234567901
1,1,0.9541284404,0.3389830508,0.5254237288,0.0,0.0,0.01694915254,0.0,0.0,0.1186440678,0.0
1,1,0.9219858156,0.2580645161,0.4623655914,0.1182795699,0.01075268817,0.0,0.0,0.0,0.05376344086,0.09677419355
1,1,0.8872180451,0.5070422535,0.4929577465,0.0,0.0,0.0,0.0,0.0,0.0,0.0
1,1,0.9345794393,0.3015873016,0.4285714286,0.0,0.0,0.1111111111,0.0,0.0,0.09523809524,0.06349206349
1,1,0.8932038835,0.2739726027,0.397260274,0.0,0.0,0.1369863014,0.0,0.0,0.1095890411,0.08219178082
1,1,0.9618320611,0.3939393939,0.4393939394,0.0,0.0,0.04545454545,0.01515151515,0.0,0.06060606061,0.04545454545
1,1,0.9433962264,0.3846153846,0.5076923077,0.0,0.0,0.0,0.0,0.0,0.09230769231,0.01538461538
1,1,0.8932038835,0.45,0.4166666667,0.0,0.0,0.03333333333,0.0,0.0,0.08333333333,0.01666666667
1,1,0.8976377953,0.4,0.3666666667,0.0,0.0,0.03333333333,0.0,0.0,0.1833333333,0.01666666667
1,1,0.9345794393,0.3606557377,0.4590163934,0.01639344262,0.0,0.0,0.0,0.0,0.1639344262,0.0
1,1,0.9541284404,0.3428571429,0.5142857143,0.0,0.0,0.01428571429,0.0,0.0,0.1142857143,0.01428571429
1,1,0.9142857143,0.34,0.46,0.0,0.0,0.0,0.0,0.0,0.2,0.0
1,1,0.9147286822,0.4153846154,0.4,0.0,0.0,0.04615384615,0.0,0.0,0.1384615385,0.0
1,1,0.8571428571,0.4782608696,0.4057971014,0.0,0.0,0.0,0.0,0.115942029,0.0,0.0
1,1,0.9142857143,0.2407407407,0.5925925926,0.0,0.0,0.0,0.0,0.0,0.1666666667,0.0
1,1,0.8976377953,0.3174603175,0.5079365079,0.0,0.0,0.0,0.0,0.0,0.1746031746,0.0
1,1,0.9333333333,0.2678571429,0.6428571429,0.0,0.0,0.0,0.0,0.0,0.08928571429,0.0
1,1,0.9245283019,0.3220338983,0.5762711864,0.0,0.03389830508,0.0,0.0,0.0,0.05084745763,0.01694915254
1,1,0.8823529412,0.3265306122,0.4897959184,0.0,0.0,0.0,0.0,0.0,0.1836734694,0.0
1,1,0.8932038835,0.3529411765,0.431372549,0.0,0.0,0.03921568627,0.0,0.0,0.1764705882,0.0
1,1,0.8932038835,0.375,0.4285714286,0.0,0.0,0.01785714286,0.0,0.0,0.1607142857,0.01785714286
1,1,0.86,0.42,0.38,0.02,0.0,0.0,0.0,0.0,0.18,0.0
1,1,0.90625,0.3833333333,0.5166666667,0.0,0.01666666667,0.01666666667,0.0,0.0,0.06666666667,0.0
1,1,0.9245283019,0.3272727273,0.4909090909,0.0,0.0,0.03636363636,0.0,0.0,0.1454545455,0.0
1,1,0.8805970149,0.5211267606,0.2957746479,0.0,0.0,0.1126760563,0.0,0.0,0.01408450704,0.05633802817
1,1,0.9444444444,0.2280701754,0.5964912281,0.0,0.0,0.0350877193,0.0,0.0,0.1052631579,0.0350877193
1,1,0.9142857143,0.4137931034,0.4310344828,0.0,0.0,0.0,0.0,0.0,0.1551724138,0.0
1,1,0.90625,0.3714285714,0.3428571429,0.0,0.0,0.01428571429,0.0,0.0,0.2571428571,0.01428571429
1,1,0.9345794393,0.3272727273,0.4727272727,0.01818181818,0.0,0.0,0.0,0.0,0.1818181818,0.0
1,1,0.8932038835,0.3653846154,0.4807692308,0.0,0.0,0.01923076923,0.0,0.0,0.1346153846,0.0
1,1,0.88,0.4333333333,0.5333333333,0.0,0.0,0.01666666667,0.0,0.0,0.0,0.01666666667
1,1,0.9142857143,0.3148148148,0.537037037,0.0,0.0,0.07407407407,0.0,0.0,0.07407407407,0.0
1,1,0.9345794393,0.3666666667,0.4166666667,0.01666666667,0.0,0.0,0.0,0.0,0.2,0.0
1,1,0.8870967742,0.4677419355,0.3225806452,0.0,0.01612903226,0.0,0.0,0.0,0.1935483871,0.0
1,1,0.9245283019,0.320754717,0.4716981132,0.0,0.0,0.0,0.0,0.0,0.2075471698,0.0
1,1,0.8666666667,0.3965517241,0.4137931034,0.0,0.0,0.0,0.0,0.1724137931,0.01724137931,0.0
1,1,0.9142857143,0.3333333333,0.4210526316,0.0,0.0,0.01754385965,0.01754385965,0.0,0.2105263158,0.0
1,1,0.9130434783,0.4457831325,0.3734939759,0.0,0.0,0.07228915663,0.0,0.0,0.06024096386,0.04819277108
1,1,0.9090909091,0.4210526316,0.3421052632,0.0,0.0,0.0,0.01315789474,0.0,0.2236842105,0.0
1,1,0.9038461538,0.3518518519,0.462962963,0.0,0.0,0.0,0.0,0.0,0.1851851852,0.0
1,1,0.8983050847,0.4210526316,0.4912280702,0.0,0.01754385965,0.01754385965,0.0,0.0,0.05263157895,0.0
1,1,0.8712871287,0.4528301887,0.4528301887,0.0,0.0,0.0,0.0,0.0,0.09433962264,0.0
1,1,0.9345794393,0.3728813559,0.4406779661,0.0,0.0,0.05084745763,0.0,0.0,0.1186440678,0.01694915254
1,1,0.9541284404,0.3692307692,0.4461538462,0.0,0.0,0.03076923077,0.01538461538,0.0,0.1230769231,0.01538461538
1,1,0.88,0.46,0.42,0.0,0.0,0.0,0.0,0.0,0.12,0.0
1,1,0.9038461538,0.3529411765,0.4509803922,0.0,0.0,0.03921568627,0.0,0.0,0.1568627451,0.0
1,1,0.8571428571,0.5087719298,0.3859649123,0.0,0.0,0.0,0.0,0.0701754386,0.0350877193,0.0
1,1,0.8712871287,0.3829787234,0.4680851064,0.0,0.0,0.0,0.0,0.0,0.1489361702,0.0
1,1,0.9230769231,0.4307692308,0.3846153846,0.0,0.0,0.04615384615,0.0,0.0,0.1384615385,0.0
1,1,0.9126213592,0.4038461538,0.4807692308,0.0,0.01923076923,0.0,0.0,0.0,0.09615384615,0.0
1,1,0.9245283019,0.3968253968,0.4285714286,0.0,0.0,0.0,0.0,0.0,0.1746031746,0.0
1,1,0.9038461538,0.4150943396,0.4716981132,0.0,0.0,0.0,0.0,0.0,0.1132075472,0.0
1,1,0.9142857143,0.4363636364,0.4363636364,0.0,0.0,0.0,0.0,0.0,0.1272727273,0.0
1,1,0.8932038835,0.4339622642,0.4339622642,0.0,0.0,0.0,0.0,0.0,0.1132075472,0.01886792453
1,1,0.8932038835,0.2916666667,0.5625,0.0,0.0,0.02083333333,0.0,0.0,0.125,0.0
1,1,0.9038461538,0.3392857143,0.4642857143,0.0,0.0,0.01785714286,0.0,0.0,0.1785714286,0.0
1,1,0.9038461538,0.3214285714,0.4642857143,0.0,0.0,0.05357142857,0.0,0.0,0.125,0.03571428571
1,1,0.8656716418,0.4927536232,0.5072463768,0.0,0.0,0.0,0.0,0.0,0.0,0.0
1,1,0.9130434783,0.4415584416,0.3636363636,0.0,0.0,0.02597402597,0.0,0.0,0.1688311688,0.0
1,1,0.9384615385,0.3968253968,0.5079365079,0.0,0.0,0.0,0.0,0.0,0.07936507937,0.01587301587
1,1,0.9038461538,0.38,0.5,0.0,0.0,0.0,0.0,0.0,0.12,0.0
1,1,0.9142857143,0.3606557377,0.4098360656,0.0,0.0,0.04918032787,0.0,0.0,0.131147541,0.04918032787
1,1,0.8823529412,0.4528301887,0.4339622642,0.0,0.0,0.0,0.0,0.0,0.1132075472,0.0
1,1,0.9245283019,0.4,0.4909090909,0.0,0.01818181818,0.0,0.0,0.0,0.09090909091,0.0
1,1,0.9433962264,0.2456140351,0.5964912281,0.0,0.0,0.0,0.0,0.0,0.1578947368,0.0
1,1,0.9541284404,0.2280701754,0.5789473684,0.0,0.0,0.0350877193,0.01754385965,0.0,0.1052631579,0.0350877193
1,1,0.8888888889,0.3857142857,0.3714285714,0.0,0.0,0.01428571429,0.0,0.0,0.2142857143,0.01428571429
1,1,0.9245283019,0.3333333333,0.5,0.0,0.0,0.0,0.0,0.0,0.1515151515,0.01515151515
1,1,0.868852459,0.3818181818,0.3454545455,0.0,0.0,0.0,0.0,0.2545454545,0.01818181818,0.0
1,1,0.9444444444,0.328358209,0.4925373134,0.0,0.0,0.0,0.0,0.0,0.1791044776,0.0
1,1,0.8484848485,0.3125,0.4583333333,0.0,0.0,0.04166666667,0.0,0.0,0.1875,0.0
1,1,0.9038461538,0.4237288136,0.406779661,0.0,0.0,0.0,0.0,0.0,0.1694915254,0.0
1,1,0.8403361345,0.4545454545,0.5090909091,0.0,0.0,0.01818181818,0.0,0.0,0.0,0.01818181818
1,1,0.9541284404,0.2941176471,0.4264705882,0.0,0.0,0.1176470588,0.0,0.0,0.05882352941,0.1029411765
1,1,0.9230769231,0.3866666667,0.4266666667,0.0,0.0,0.0,0.0,0.0,0.1866666667,0.0
1,1,0.9142857143,0.3492063492,0.4761904762,0.0,0.0,0.0,0.0,0.0,0.1746031746,0.0
1,1,0.9038461538,0.3793103448,0.4310344828,0.0,0.0,0.01724137931,0.0,0.0,0.1551724138,0.01724137931
1,1,0.9047619048,0.4090909091,0.5454545455,0.0,0.0,0.01515151515,0.0,0.0,0.0,0.0303030303
1,1,0.9345794393,0.3384615385,0.4923076923,0.0,0.0,0.0,0.0,0.0,0.1692307692,0.0
1,1,0.8595041322,0.5,0.5,0.0,0.0,0.0,0.0,0.0,0.0,0.0
1,1,0.9038461538,0.3157894737,0.4736842105,0.0,0.0,0.01754385965,0.01754385965,0.0,0.1754385965,0.0
1,1,0.9306930693,0.3278688525,0.3606557377,0.0,0.0,0.08196721311,0.0,0.0,0.1475409836,0.08196721311
1,1,0.8932038835,0.358490566,0.4339622642,0.0,0.0,0.01886792453,0.01886792453,0.0,0.1698113208,0.0
1,1,0.8823529412,0.2903225806,0.4677419355,0.0,0.0,0.1774193548,0.0,0.0,0.06451612903,0.0
1,1,0.8888888889,0.3787878788,0.3787878788,0.01515151515,0.0,0.04545454545,0.0,0.0,0.1515151515,0.0303030303
1,1,0.9444444444,0.2678571429,0.6071428571,0.0,0.0,0.0,0.0,0.0,0.1071428571,0.01785714286
1,1,0.9541284404,0.3188405797,0.4057971014,0.0,0.0,0.115942029,0.0,0.0,0.05797101449,0.1014492754
1,1,0.8823529412,0.3818181818,0.3818181818,0.0,0.0,0.0,0.0,0.0,0.2363636364,0.0
1,1,0.9541284404,0.2542372881,0.6610169492,0.0,0.0,0.0,0.0,0.0,0.08474576271,0.0
1,1,0.9245283019,0.3859649123,0.4385964912,0.01754385965,0.0,0.0,0.0,0.0,0.1578947368,0.0
1,1,0.8805970149,0.5142857143,0.4,0.0,0.0,0.0,0.0,0.07142857143,0.01428571429,0.0
1,1,0.9345794393,0.2804878049,0.3780487805,0.0,0.0,0.1341463415,0.0,0.0,0.1097560976,0.09756097561
1,1,0.8823529412,0.4423076923,0.4423076923,0.0,0.0,0.0,0.0,0.0,0.1153846154,0.0
1,1,0.8965517241,0.4310344828,0.4137931034,0.01724137931,0.0,0.0,0.0,0.0,0.1379310345,0.0
1,1,0.9245283019,0.3709677419,0.4193548387,0.0,0.0,0.0,0.0,0.0,0.2096774194,0.0
1,1,0.9345794393,0.3230769231,0.4923076923,0.0,0.0,0.0,0.0,0.0,0.1846153846,0.0
1,1,0.9345794393,0.3333333333,0.45,0.01666666667,0.0,0.0,0.0,0.0,0.2,0.0
1,1,0.9208633094,0.472972973,0.3648648649,0.0,0.0,0.0,0.0,0.0,0.1621621622,0.0
1,1,0.9126213592,0.3965517241,0.4482758621,0.0,0.0,0.0,0.0,0.0,0.1551724138,0.0
1,1,0.9345794393,0.2909090909,0.5818181818,0.0,0.0,0.0,0.0,0.0,0.1272727273,0.0
1,1,0.8712871287,0.34,0.42,0.0,0.0,0.04,0.0,0.0,0.2,0.0
1,1,0.8905109489,0.5138888889,0.4861111111,0.0,0.0,0.0,0.0,0.0,0.0,0.0
1,1,0.9361702128,0.4305555556,0.4583333333,0.0,0.0,0.0,0.0,0.0,0.1111111111,0.0
1,1,0.8823529412,0.3191489362,0.4893617021,0.0,0.0,0.0,0.0,0.0,0.1914893617,0.0
1,1,0.8712871287,0.4,0.4888888889,0.0,0.0,0.0,0.0,0.0,0.1111111111,0.0
1,1,0.9245283019,0.2972972973,0.3378378378,0.0,0.0,0.1621621622,0.0,0.0,0.08108108108,0.1216216216
1,1,0.9133858268,0.3939393939,0.3636363636,0.01515151515,0.0,0.04545454545,0.0,0.0,0.1515151515,0.0303030303
1,1,0.9245283019,0.3333333333,0.5087719298,0.0,0.0,0.01754385965,0.01754385965,0.0,0.1228070175,0.0
1,1,0.9333333333,0.2037037037,0.5925925926,0.0,0.0,0.03703703704,0.0,0.0,0.1296296296,0.03703703704
1,1,0.9038461538,0.4035087719,0.4561403509,0.0,0.0,0.0,0.0,0.0,0.1228070175,0.01754385965
1,1,0.86,0.3541666667,0.4583333333,0.0,0.0,0.0,0.0,0.0,0.1875,0.0
1,1,0.9142857143,0.3770491803,0.4098360656,0.0,0.0,0.0,0.0,0.0,0.2131147541,0.0
1,1,0.9090909091,0.1975308642,0.5185185185,0.03703703704,0.01234567901,0.0,0.0,0.0,0.1851851852,0.04938271605
1,1,0.8461538462,0.4426229508,0.5573770492,0.0,0.0,0.0,0.0,0.0,0.0,0.0
1,1,0.9142857143,0.3770491803,0.4262295082,0.0,0.0,0.0,0.0,0.0,0.1967213115,0.0
1,1,0.8712871287,0.36,0.42,0.0,0.0,0.02,0.0,0.0,0.2,0.0
1,1,0.9185185185,0.4545454545,0.3246753247,0.0,0.0,0.06493506494,0.0,0.0,0.09090909091,0.06493506494
1,1,0.9038461538,0.3518518519,0.4444444444,0.01851851852,0.0,0.0,0.0,0.0,0.1851851852,0.0
1,1,0.8823529412,0.3,0.5,0.0,0.0,0.0,0.0,0.0,0.18,0.02
1,1,0.9245283019,0.3275862069,0.4482758621,0.0,0.0,0.01724137931,0.01724137931,0.0,0.1896551724,0.0
1,1,0.9038461538,0.3833333333,0.3666666667,0.0,0.0,0.01666666667,0.0,0.0,0.2,0.03333333333
1,1,0.8709677419,0.3870967742,0.3709677419,0.0,0.0,0.04838709677,0.0,0.0,0.1774193548,0.01612903226
1,1,0.9142857143,0.3653846154,0.4615384615,0.0,0.0,0.03846153846,0.0,0.0,0.1346153846,0.0
1,1,0.8852459016,0.4426229508,0.5081967213,0.0,0.0,0.01639344262,0.0,0.0,0.0,0.03278688525
1,1,0.8484848485,0.4852941176,0.3529411765,0.0,0.0,0.01470588235,0.0,0.1470588235,0.0,0.0
1,1,0.9245283019,0.358490566,0.4716981132,0.0,0.0,0.03773584906,0.0,0.0,0.1320754717,0.0
1,1,0.9541284404,0.2542372881,0.6610169492,0.0,0.0,0.0,0.0,0.0,0.08474576271,0.0
1,1,0.9142857143,0.2363636364,0.5818181818,0.0,0.0,0.0,0.0,0.0,0.1818181818,0.0
1,1,0.9142857143,0.3272727273,0.4909090909,0.0,0.0,0.03636363636,0.0,0.0,0.1272727273,0.01818181818
1,1,0.88,0.3888888889,0.3888888889,0.0,0.0,0.0,0.0,0.0,0.2222222222,0.0
1,1,0.8823529412,0.3703703704,0.5925925926,0.0,0.0,0.01851851852,0.0,0.0,0.0,0.01851851852
1,1,0.8932038835,0.4333333333,0.4166666667,0.0,0.0,0.03333333333,0.0,0.0,0.1,0.01666666667
1,1,0.9142857143,0.34375,0.453125,0.0,0.0,0.015625,0.0,0.0,0.15625,0.03125
1,1,0.9333333333,0.3220338983,0.4915254237,0.0,0.0,0.01694915254,0.0,0.0,0.1694915254,0.0
1,1,0.8823529412,0.2830188679,0.4716981132,0.0,0.0,0.05660377358,0.0,0.0,0.1509433962,0.03773584906
1,1,0.8888888889,0.4393939394,0.5606060606,0.0,0.0,0.0,0.0,0.0,0.0,0.0
1,1,0.9038461538,0.3636363636,0.4545454545,0.0,0.0,0.0,0.0,0.0,0.1636363636,0.01818181818
1,1,0.9142857143,0.4098360656,0.4262295082,0.0,0.0,0.0,0.0,0.0,0.1639344262,0.0
1,1,0.86,0.3541666667,0.4375,0.0,0.0,0.0,0.0,0.0,0.2083333333,0.0
1,1,0.9444444444,0.3333333333,0.5263157895,0.0350877193,0.0,0.01754385965,0.0,0.0,0.08771929825,0.0
1,1,0.9147286822,0.4285714286,0.3492063492,0.0,0.0,0.03174603175,0.0,0.0,0.1746031746,0.01587301587
1,1,0.9208633094,0.4625,0.3375,0.05,0.0375,0.025,0.0,0.0,0.0875,0.0
1,1,0.9142857143,0.3018867925,0.4339622642,0.0,0.0,0.03773584906,0.0,0.0,0.2075471698,0.01886792453
1,1,0.8932038835,0.2777777778,0.4027777778,0.0,0.0,0.125,0.0,0.0,0.1111111111,0.08333333333
1,1,0.9345794393,0.3968253968,0.4126984127,0.0,0.0,0.03174603175,0.01587301587,0.0,0.126984127,0.01587301587
1,1,0.9038461538,0.3571428571,0.6071428571,0.0,0.0,0.01785714286,0.0,0.0,0.0,0.01785714286
1,1,0.8721804511,0.4769230769,0.5230769231,0.0,0.0,0.0,0.0,0.0,0.0,0.0
1,1,0.9038461538,0.3518518519,0.4814814815,0.0,0.0,0.0,0.0,0.0,0.1481481481,0.01851851852
1,1,0.9038461538,0.2307692308,0.5961538462,0.0,0.0,0.0,0.0,0.0,0.1730769231,0.0
1,1,0.9444444444,0.2586206897,0.6551724138,0.0,0.0,0.0,0.0,0.0,0.08620689655,0.0
1,1,0.9108910891,0.375,0.4642857143,0.0,0.0,0.0,0.0,0.0,0.1607142857,0.0
1,1,0.868852459,0.4347826087,0.4057971014,0.0,0.0,0.02898550725,0.0,0.0,0.1304347826,0.0
1,1,0.9019607843,0.3461538462,0.4230769231,0.0,0.0,0.01923076923,0.0,0.0,0.2115384615,0.0
1,1,0.8823529412,0.4107142857,0.375,0.0,0.0,0.0,0.0,0.0,0.2142857143,0.0
1,1,0.9352517986,0.4571428571,0.3571428571,0.0,0.0,0.0,0.0,0.0,0.1857142857,0.0
1,1,0.8712871287,0.387755102,0.4489795918,0.0,0.0,0.0,0.0,0.0,0.1632653061,0.0
1,1,0.9345794393,0.2631578947,0.649122807,0.0,0.0,0.0,0.0,0.0,0.08771929825,0.0
1,1,0.8760330579,0.4833333333,0.4166666667,0.0,0.0,0.0,0.0,0.08333333333,0.01666666667,0.0
1,1,0.9345794393,0.3333333333,0.5,0.0,0.0,0.0,0.0,0.0,0.1666666667,0.0
1,1,0.9038461538,0.3174603175,0.380952381,0.0,0.0,0.09523809524,0.0,0.0,0.1587301587,0.04761904762
1,1,0.8888888889,0.3888888889,0.4444444444,0.0,0.0,0.0,0.0,0.0,0.1666666667,0.0
1,1,0.8932038835,0.2884615385,0.5769230769,0.0,0.0,0.0,0.0,0.0,0.1153846154,0.01923076923
1,1,0.8932038835,0.3333333333,0.4814814815,0.0,0.0,0.01851851852,0.0,0.0,0.1666666667,0.0
1,1,0.9230769231,0.4626865672,0.3582089552,0.0,0.0,0.02985074627,0.0,0.0,0.1343283582,0.01492537313
1,1,0.8712871287,0.3043478261,0.5,0.0,0.0,0.0,0.0,0.0,0.1739130435,0.02173913043
1,1,0.9230769231,0.375,0.5,0.0,0.0,0.015625,0.0,0.0,0.09375,0.015625
1,1,0.8932038835,0.3529411765,0.4509803922,0.0,0.0,0.03921568627,0.0,0.0,0.1568627451,0.0
1,1,0.9142857143,0.3333333333,0.4561403509,0.0,0.0,0.05263157895,0.0,0.0,0.1228070175,0.0350877193
1,1,0.9064748201,0.5540540541,0.4459459459,0.0,0.0,0.0,0.0,0.0,0.0,0.0
1,1,0.8932038835,0.3962264151,0.4905660377,0.0,0.0,0.0,0.0,0.0,0.1132075472,0.0
1,1,0.9245283019,0.4035087719,0.4561403509,0.0,0.0,0.0,0.0,0.0,0.1403508772,0.0
1,1,0.9142857143,0.3442622951,0.4918032787,0.0,0.0,0.01639344262,0.0,0.0,0.1475409836,0.0
1,1,0.9481481481,0.3538461538,0.5538461538,0.0,0.0,0.0,0.0,0.0,0.09230769231,0.0
1,1,0.9147286822,0.4444444444,0.380952381,0.0,0.0,0.04761904762,0.0,0.0,0.126984127,0.0
1,1,0.9197080292,0.5540540541,0.3513513514,0.0,0.0,0.02702702703,0.0,0.0,0.06756756757,0.0
1,1,0.873015873,0.3636363636,0.3636363636,0.0,0.0,0.0303030303,0.0,0.0,0.2424242424,0.0
1,1,0.9038461538,0.3703703704,0.4814814815,0.0,0.0,0.01851851852,0.0,0.0,0.1296296296,0.0
1,1,0.9444444444,0.3650793651,0.4444444444,0.0,0.0,0.03174603175,0.01587301587,0.0,0.126984127,0.01587301587
1,1,0.9245283019,0.3653846154,0.4615384615,0.0,0.0,0.03846153846,0.0,0.0,0.1346153846,0.0
1,1,0.8805970149,0.484375,0.4375,0.0,0.0,0.0,0.0,0.0625,0.015625,0.0
1,1,0.9126213592,0.34375,0.359375,0.0,0.0,0.109375,0.0,0.0,0.125,0.0625
1,1,0.88,0.34,0.42,0.0,0.0,0.02,0.0,0.0,0.18,0.04
1,1,0.9245283019,0.3703703704,0.5,0.0,0.01851851852,0.0,0.0,0.0,0.1111111111,0.0
1,1,0.921875,0.3220338983,0.5593220339,0.0,0.0,0.0,0.01694915254,0.0,0.08474576271,0.01694915254
1,1,0.8976377953,0.4426229508,0.3606557377,0.0,0.0,0.01639344262,0.0,0.0,0.1639344262,0.01639344262
1,1,0.9333333333,0.3684210526,0.4736842105,0.0,0.0,0.0,0.01754385965,0.0,0.1403508772,0.0
1,1,0.8932038835,0.2962962963,0.462962963,0.0,0.0,0.05555555556,0.0,0.0,0.1481481481,0.03703703704
1,1,0.972972973,0.2637362637,0.4065934066,0.0,0.02197802198,0.1648351648,0.0,0.0,0.03296703297,0.1098901099
1,1,0.9352517986,0.4615384615,0.4,0.0,0.0,0.0,0.0,0.0,0.1384615385,0.0
1,1,0.9047619048,0.435483871,0.3870967742,0.0,0.0,0.04838709677,0.0,0.0,0.1290322581,0.0
1,1,0.8769230769,0.46875,0.421875,0.0,0.0,0.0,0.0,0.09375,0.015625,0.0
1,1,0.9370629371,0.4814814815,0.3333333333,0.0,0.0,0.0,0.01234567901,0.0,0.1728395062,0.0
1,1,0.9245283019,0.3333333333,0.462962963,0.01851851852,0.0,0.0,0.0,0.0,0.1851851852,0.0
1,1,0.86,0.347826087,0.4565217391,0.0,0.0,0.0,0.0,0.0,0.1956521739,0.0
1,1,0.9133858268,0.3709677419,0.4032258065,0.01612903226,0.0,0.0,0.01612903226,0.0,0.1935483871,0.0
1,1,0.8976377953,0.338028169,0.4647887324,0.0,0.0,0.0,0.0,0.0,0.1971830986,0.0
1,1,0.8888888889,0.4166666667,0.35,0.0,0.0,0.03333333333,0.0,0.0,0.1833333333,0.01666666667
1,1,0.8932038835,0.4,0.5,0.0,0.0,0.0,0.0,0.0,0.1,0.0
1,1,0.8823529412,0.3396226415,0.4716981132,0.0,0.0,0.01886792453,0.0,0.0,0.1698113208,0.0
1,1,0.8712871287,0.3773584906,0.4150943396,0.0,0.0,0.0,0.0,0.0,0.2075471698,0.0
1,1,0.8932038835,0.3898305085,0.3559322034,0.0,0.0,0.01694915254,0.0,0.0,0.2033898305,0.03389830508
1,1,0.84375,0.4590163934,0.5409836066,0.0,0.0,0.0,0.0,0.0,0.0,0.0
1,1,0.8709677419,0.5,0.3939393939,0.0,0.01515151515,0.0303030303,0.0,0.0,0.04545454545,0.01515151515
1,1,0.9142857143,0.3157894737,0.4385964912,0.0,0.0,0.05263157895,0.0,0.0,0.1578947368,0.0350877193
1,1,0.9172932331,0.4571428571,0.3142857143,0.0,0.0,0.01428571429,0.0,0.0,0.2142857143,0.0
1,1,0.9038461538,0.3035714286,0.4642857143,0.0,0.0,0.05357142857,0.0,0.0,0.1428571429,0.03571428571
1,1,0.86,0.3725490196,0.4509803922,0.0,0.0,0.01960784314,0.0,0.0,0.1568627451,0.0
1,1,0.9444444444,0.3382352941,0.4852941176,0.0,0.0,0.0,0.0,0.0,0.1764705882,0.0
1,1,0.9245283019,0.358490566,0.4716981132,0.0,0.0,0.03773584906,0.0,0.0,0.1320754717,0.0
1,1,0.9142857143,0.3166666667,0.4333333333,0.0,0.0,0.08333333333,0.0,0.0,0.1166666667,0.05
1,1,0.9,0.4230769231,0.4423076923,0.0,0.0,0.01923076923,0.0,0.0,0.1153846154,0.0
1,1,0.8932038835,0.4035087719,0.4210526316,0.0,0.0,0.0,0.0,0.0,0.1754385965,0.0
1,1,0.8805970149,0.4558823529,0.3970588235,0.0,0.0,0.0,0.0,0.1323529412,0.01470588235,0.0
1,1,0.9019607843,0.3269230769,0.4615384615,0.0,0.0,0.01923076923,0.0,0.0,0.1923076923,0.0
1,1,0.9514563107,0.3442622951,0.4426229508,0.0,0.0,0.0,0.0,0.0,0.2131147541,0.0
1,1,0.9245283019,0.3333333333,0.462962963,0.01851851852,0.0,0.0,0.0,0.0,0.1851851852,0.0
1,1,0.9245283019,0.2784810127,0.3924050633,0.0,0.0,0.1392405063,0.0,0.0,0.1012658228,0.08860759494
1,1,0.9361702128,0.5070422535,0.3098591549,0.0,0.01408450704,0.0,0.0,0.0,0.1690140845,0.0
1,1,0.88,0.5142857143,0.3857142857,0.0,0.0,0.02857142857,0.0,0.0,0.05714285714,0.01428571429
1,1,0.8910891089,0.3888888889,0.462962963,0.0,0.0,0.0,0.0,0.0,0.1481481481,0.0
1,1,0.9541284404,0.3134328358,0.5223880597,0.0,0.0,0.0,0.0,0.0,0.1641791045,0.0
1,1,0.9133858268,0.4264705882,0.3529411765,0.0,0.0,0.01470588235,0.0,0.0,0.1911764706,0.01470588235
1,1,0.8976377953,0.3209876543,0.3580246914,0.0,0.0,0.1234567901,0.0,0.0,0.1358024691,0.06172839506
1,1,0.7903225806,0.4237288136,0.3898305085,0.03389830508,0.03389830508,0.05084745763,0.0,0.0,0.05084745763,0.01694915254
1,1,0.85,0.4838709677,0.5161290323,0.0,0.0,0.0,0.0,0.0,0.0,0.0
1,1,0.9038461538,0.3392857143,0.4285714286,0.0,0.0,0.05357142857,0.0,0.0,0.1428571429,0.03571428571
1,1,0.9147286822,0.3833333333,0.4833333333,0.0,0.0,0.0,0.0,0.0,0.1333333333,0.0
1,1,0.896,0.4927536232,0.4057971014,0.0,0.0,0.02898550725,0.0,0.0,0.05797101449,0.01449275362
1,1,0.8617886179,0.4838709677,0.3870967742,0.0,0.01612903226,0.03225806452,0.0,0.0,0.06451612903,0.01612903226
1,1,0.9038461538,0.3818181818,0.4727272727,0.0,0.0,0.0,0.0,0.0,0.1454545455,0.0
1,1,0.9245283019,0.3448275862,0.4482758621,0.0,0.0,0.05172413793,0.0,0.0,0.1206896552,0.03448275862
1,1,0.86,0.3111111111,0.4666666667,0.0,0.0,0.02222222222,0.0,0.0,0.2,0.0
1,1,0.932038835,0.3088235294,0.3529411765,0.0,0.0,0.1764705882,0.0,0.0,0.05882352941,0.1029411765
1,1,0.9333333333,0.350877193,0.4561403509,0.0,0.0,0.0,0.0,0.0,0.1929824561,0.0
1,1,0.9302325581,0.3943661972,0.3802816901,0.0,0.0,0.04225352113,0.0,0.0,0.1549295775,0.02816901408
1,1,0.8943089431,0.4615384615,0.5384615385,0.0,0.0,0.0,0.0,0.0,0.0,0.0
1,1,0.9230769231,0.3728813559,0.4576271186,0.0,0.0,0.0,0.0,0.0,0.1694915254,0.0
1,1,0.9444444444,0.3396226415,0.5283018868,0.0,0.0,0.01886792453,0.01886792453,0.0,0.07547169811,0.01886792453
1,1,0.8869565217,0.3428571429,0.4142857143,0.0,0.0,0.08571428571,0.0,0.0,0.1142857143,0.04285714286
1,1,0.8429752066,0.3620689655,0.3965517241,0.0,0.0,0.0,0.0,0.0,0.2413793103,0.0
1,1,0.9444444444,0.3157894737,0.5614035088,0.0,0.0,0.0,0.0,0.0,0.1228070175,0.0
1,1,0.8571428571,0.3529411765,0.4117647059,0.0,0.0,0.0,0.0,0.0,0.2352941176,0.0
1,1,0.9245283019,0.3333333333,0.4561403509,0.0,0.0,0.0,0.01754385965,0.0,0.1929824561,0.0
1,1,0.9245283019,0.3035714286,0.5535714286,0.0,0.0,0.0,0.01785714286,0.0,0.1071428571,0.01785714286
1,1,0.9230769231,0.3472222222,0.4722222222,0.0,0.0,0.0,0.0,0.0,0.1805555556,0.0
1,1,0.9345794393,0.3606557377,0.4426229508,0.01639344262,0.0,0.0,0.0,0.0,0.1803278689,0.0
1,1,0.8780487805,0.4237288136,0.4406779661,0.0,0.0,0.0,0.0,0.1186440678,0.01694915254,0.0
1,1,0.9142857143,0.4444444444,0.4259259259,0.0,0.01851851852,0.0,0.0,0.0,0.1111111111,0.0
1,1,0.9811320755,0.2272727273,0.4090909091,0.0,0.02272727273,0.1818181818,0.0,0.0,0.03409090909,0.125
1,1,0.9444444444,0.2586206897,0.6551724138,0.0,0.0,0.0,0.0,0.0,0.08620689655,0.0
1,1,0.9285714286,0.5352112676,0.2676056338,0.0,0.02816901408,0.0,0.0,0.0,0.1690140845,0.0
1,1,0.9345794393,0.4137931034,0.4655172414,0.0,0.01724137931,0.0,0.0,0.0,0.1034482759,0.0
1,1,0.9147286822,0.4461538462,0.3538461538,0.0,0.0,0.0,0.0,0.0,0.2,0.0
1,1,0.9142857143,0.3333333333,0.4561403509,0.0,0.0,0.05263157895,0.0,0.0,0.1228070175,0.0350877193
1,1,0.8932038835,0.3529411765,0.4509803922,0.0,0.0,0.03921568627,0.0,0.0,0.1568627451,0.0
1,1,0.9245283019,0.3833333333,0.4833333333,0.0,0.0,0.0,0.0,0.0,0.1166666667,0.01666666667
1,1,0.8595041322,0.5151515152,0.3787878788,0.0,0.0,0.0303030303,0.0,0.0,0.06060606061,0.01515151515
1,1,0.8805970149,0.5352112676,0.4647887324,0.0,0.0,0.0,0.0,0.0,0.0,0.0
1,1,0.9142857143,0.3773584906,0.4905660377,0.0,0.01886792453,0.0,0.0,0.0,0.1132075472,0.0
1,1,0.9345794393,0.3333333333,0.5185185185,0.0,0.0,0.01851851852,0.01851851852,0.0,0.09259259259,0.01851851852
1,1,0.8686868687,0.2580645161,0.4677419355,0.0,0.0,0.1935483871,0.0,0.0,0.08064516129,0.0
1,1,0.9345794393,0.35,0.4833333333,0.0,0.0,0.0,0.0,0.0,0.1666666667,0.0
1,1,0.90625,0.4736842105,0.350877193,0.0,0.0,0.0,0.0,0.0,0.1754385965,0.0
1,1,0.8823529412,0.3396226415,0.4716981132,0.0,0.0,0.01886792453,0.0,0.0,0.1698113208,0.0
1,1,0.9345794393,0.4285714286,0.4444444444,0.0,0.0,0.0,0.0,0.0,0.1111111111,0.01587301587
1,1,0.9142857143,0.3703703704,0.5,0.0,0.0,0.0,0.0,0.0,0.1296296296,0.0
1,1,0.9245283019,0.3709677419,0.435483871,0.0,0.0,0.0,0.0,0.0,0.1935483871,0.0
1,1,0.9245283019,0.4,0.4,0.0,0.0,0.03636363636,0.0,0.0,0.1454545455,0.01818181818
1,1,0.8396946565,0.5396825397,0.4603174603,0.0,0.0,0.0,0.0,0.0,0.0,0.0
1,1,0.9636363636,0.2666666667,0.4,0.0,0.02222222222,0.1666666667,0.0,0.0,0.03333333333,0.1111111111
1,1,0.9333333333,0.3272727273,0.5636363636,0.0,0.0,0.0,0.0,0.0,0.1090909091,0.0
1,1,0.9333333333,0.3968253968,0.4285714286,0.0,0.0,0.0,0.0,0.0,0.1746031746,0.0
1,1,0.8932038835,0.3269230769,0.4423076923,0.0,0.0,0.01923076923,0.0,0.0,0.2115384615,0.0
1,1,0.9038461538,0.3396226415,0.4339622642,0.0,0.0,0.01886792453,0.0,0.0,0.2075471698,0.0
1,1,0.9038461538,0.3018867925,0.4150943396,0.0,0.0,0.03773584906,0.0,0.0,0.2075471698,0.03773584906
1,1,0.953271028,0.3382352941,0.5,0.0,0.0,0.0,0.0,0.0,0.1617647059,0.0
1,1,0.9245283019,0.4193548387,0.4193548387,0.0,0.0,0.0,0.0,0.0,0.1612903226,0.0
1,1,0.8952380952,0.3793103448,0.3620689655,0.01724137931,0.0,0.0,0.0,0.0,0.224137931,0.01724137931
1,1,0.8888888889,0.48,0.4133333333,0.05333333333,0.01333333333,0.01333333333,0.0,0.0,0.02666666667,0.0
1,1,0.9343065693,0.5147058824,0.2647058824,0.0,0.0,0.1764705882,0.0,0.0,0.04411764706,0.0
1,1,0.9345794393,0.3387096774,0.5483870968,0.0,0.0,0.01612903226,0.0,0.0,0.08064516129,0.01612903226
1,1,0.9285714286,0.5263157895,0.3157894737,0.02631578947,0.0,0.01315789474,0.0,0.0,0.1184210526,0.0
1,1,0.90625,0.447761194,0.328358209,0.0,0.01492537313,0.0,0.0,0.0,0.2089552239,0.0
1,1,0.8910891089,0.2641509434,0.4905660377,0.0,0.0,0.05660377358,0.0,0.0,0.1509433962,0.03773584906
1,1,0.9038461538,0.3148148148,0.462962963,0.0,0.0,0.01851851852,0.01851851852,0.0,0.1851851852,0.0
1,1,0.88,0.5,0.3653846154,0.0,0.0,0.0,0.0,0.0,0.1153846154,0.01923076923
1,1,0.9245283019,0.3709677419,0.435483871,0.0,0.0,0.0,0.0,0.0,0.1935483871,0.0
1,1,0.9345794393,0.2909090909,0.5818181818,0.0,0.0,0.0,0.0,0.0,0.1272727273,0.0
1,1,0.9245283019,0.3137254902,0.5490196078,0.0,0.0,0.0,0.0,0.0,0.137254902,0.0
1,1,0.8910891089,0.387755102,0.4489795918,0.0,0.0,0.0,0.0,0.0,0.1428571429,0.02040816327
1,1,0.828125,0.453125,0.546875,0.0,0.0,0.0,0.0,0.0,0.0,0.0
1,1,0.8823529412,0.3384615385,0.4153846154,0.0,0.0,0.06153846154,0.0,0.0,0.1538461538,0.03076923077
1,1,0.9245283019,0.3653846154,0.4615384615,0.0,0.0,0.03846153846,0.0,0.0,0.1346153846,0.0
1,1,0.9142857143,0.3392857143,0.4821428571,0.0,0.0,0.01785714286,0.0,0.0,0.1607142857,0.0
1,1,0.9038461538,0.3770491803,0.3606557377,0.0,0.0,0.01639344262,0.0,0.0,0.2131147541,0.03278688525
1,1,0.9019607843,0.3191489362,0.4680851064,0.0,0.0,0.0,0.0,0.0,0.2127659574,0.0
1,1,0.9724770642,0.2727272727,0.4090909091,0.0,0.02272727273,0.1590909091,0.0,0.0,0.03409090909,0.1022727273
1,1,0.92,0.3684210526,0.4561403509,0.0,0.0,0.0,0.0,0.0,0.1754385965,0.0
1,1,0.9206349206,0.4545454545,0.3636363636,0.0,0.0,0.0,0.0,0.0,0.1818181818,0.0
1,1,0.9714285714,0.380952381,0.4444444444,0.0,0.0,0.0,0.0,0.0,0.1587301587,0.01587301587
1,1,0.90625,0.3623188406,0.4347826087,0.0,0.0,0.0,0.0,0.0,0.2028985507,0.0
1,1,0.9064748201,0.527027027,0.472972973,0.0,0.0,0.0,0.0,0.0,0.0,0.0
1,1,0.9230769231,0.3272727273,0.4181818182,0.0,0.0,0.03636363636,0.0,0.0,0.2,0.01818181818
1,1,0.8932038835,0.3529411765,0.4901960784,0.0,0.0,0.0,0.0,0.0,0.1568627451,0.0
1,1,0.8524590164,0.3389830508,0.3898305085,0.0,0.0,0.0,0.0,0.0,0.2711864407,0.0
1,1,0.9444444444,0.2542372881,0.6440677966,0.0,0.0,0.0,0.0,0.0,0.1016949153,0.0
1,1,0.8721804511,0.46875,0.421875,0.0625,0.0,0.03125,0.0,0.0,0.015625,0.0
1,1,0.8739495798,0.4032258065,0.3870967742,0.0,0.0,0.0,0.01612903226,0.0,0.1935483871,0.0
1,1,0.8823529412,0.3194444444,0.3888888889,0.0,0.0,0.1111111111,0.0,0.0,0.1111111111,0.06944444444
1,1,0.8617886179,0.5142857143,0.3857142857,0.0,0.0,0.02857142857,0.0,0.0,0.05714285714,0.01428571429
1,1,0.9038461538,0.3898305085,0.4237288136,0.0,0.0,0.0,0.0,0.0,0.186440678,0.0
1,1,0.9142857143,0.3035714286,0.4464285714,0.0,0.0,0.01785714286,0.01785714286,0.0,0.2142857143,0.0
1,1,0.8636363636,0.4848484848,0.5151515152,0.0,0.0,0.0,0.0,0.0,0.0,0.0
1,1,0.9541284404,0.406779661,0.4915254237,0.0,0.0,0.01694915254,0.0,0.0,0.08474576271,0.0
1,1,0.88,0.5,0.3225806452,0.0,0.0,0.0,0.0,0.0,0.1774193548,0.0
1,1,0.8910891089,0.4603174603,0.4126984127,0.0,0.0,0.03174603175,0.0,0.0,0.07936507937,0.01587301587
1,1,0.796460177,0.3695652174,0.4130434783,0.0,0.0,0.0,0.0,0.0,0.2173913043,0.0
1,1,0.9142857143,0.3770491803,0.4262295082,0.0,0.0,0.0,0.0,0.0,0.1967213115,0.0
1,1,0.8932038835,0.3333333333,0.4705882353,0.0,0.0,0.01960784314,0.0,0.0,0.1764705882,0.0
1,1,0.9076923077,0.3333333333,0.4927536232,0.0,0.0,0.0,0.0,0.0,0.1739130435,0.0
1,1,0.86,0.3673469388,0.4285714286,0.0,0.0,0.02040816327,0.0,0.0,0.1632653061,0.02040816327
1,1,0.8932038835,0.3492063492,0.4444444444,0.0,0.0,0.01587301587,0.0,0.0,0.1587301587,0.03174603175
1,1,0.8932038835,0.3333333333,0.5490196078,0.0,0.0,0.0,0.0,0.0,0.09803921569,0.01960784314
1,1,0.8702290076,0.4603174603,0.4444444444,0.0,0.0,0.0,0.0,0.07936507937,0.01587301587,0.0
1,1,0.8823529412,0.3454545455,0.4181818182,0.0,0.0,0.0,0.0,0.0,0.2363636364,0.0
1,1,0.9038461538,0.3389830508,0.4237288136,0.0,0.0,0.08474576271,0.0,0.0,0.1355932203,0.01694915254
1,1,0.9147286822,0.4838709677,0.3387096774,0.0,0.01612903226,0.0,0.0,0.0,0.1612903226,0.0
1,1,0.9444444444,0.2280701754,0.5789473684,0.0,0.0,0.0350877193,0.0,0.0,0.1228070175,0.0350877193
1,1,0.9523809524,0.2586206897,0.6551724138,0.0,0.0,0.0,0.0,0.0,0.08620689655,0.0
1,1,0.9245283019,0.2909090909,0.5818181818,0.0,0.0,0.0,0.01818181818,0.0,0.09090909091,0.01818181818
1,1,0.9285714286,0.5507246377,0.2753623188,0.0,0.01449275362,0.0,0.0,0.0,0.1594202899,0.0
1,1,0.9147286822,0.3076923077,0.5230769231,0.0,0.0,0.0,0.0,0.0,0.1692307692,0.0
1,1,0.88,0.3939393939,0.3787878788,0.0,0.0,0.0,0.0,0.0,0.2272727273,0.0
1,1,0.9230769231,0.4242424242,0.3939393939,0.0,0.0,0.04545454545,0.0,0.0,0.1363636364,0.0
1,1,0.8923076923,0.3648648649,0.3918918919,0.2297297297,0.0,0.0,0.0,0.0,0.01351351351,0.0
1,1,0.9275362319,0.5147058824,0.2647058824,0.0,0.0,0.1764705882,0.0,0.0,0.04411764706,0.0
1,1,0.9245283019,0.3333333333,0.537037037,0.0,0.0,0.01851851852,0.0,0.0,0.1111111111,0.0
1,1,0.8976377953,0.4375,0.359375,0.0,0.0,0.0,0.0,0.0,0.203125,0.0
1,1,0.9230769231,0.3728813559,0.406779661,0.01694915254,0.0,0.0,0.0,0.0,0.2033898305,0.0
1,1,0.9142857143,0.3275862069,0.4827586207,0.0,0.0,0.01724137931,0.0,0.0,0.1724137931,0.0
1,1,0.9142857143,0.3653846154,0.4615384615,0.0,0.0,0.03846153846,0.0,0.0,0.1346153846,0.0
1,1,0.9433962264,0.1964285714,0.6071428571,0.0,0.0,0.03571428571,0.0,0.0,0.125,0.03571428571
1,1,0.9444444444,0.2903225806,0.435483871,0.0,0.0,0.03225806452,0.0,0.0,0.1935483871,0.04838709677
1,1,0.9345794393,0.3770491803,0.4754098361,0.0,0.0,0.0,0.0,0.0,0.1475409836,0.0
1,1,0.8976377953,0.3731343284,0.3880597015,0.0,0.0,0.0447761194,0.0,0.0,0.1940298507,0.0
1,1,0.9147286822,0.4333333333,0.4166666667,0.0,0.01666666667,0.0,0.0,0.0,0.1333333333,0.0
1,1,0.8721804511,0.4558823529,0.5441176471,0.0,0.0,0.0,0.0,0.0,0.0,0.0
1,1,0.9230769231,0.3518518519,0.462962963,0.0,0.0,0.01851851852,0.0,0.0,0.1296296296,0.03703703704
1,1,0.9142857143,0.4117647059,0.5098039216,0.0,0.01960784314,0.0,0.0,0.0,0.05882352941,0.0
1,1,0.9245283019,0.358490566,0.4716981132,0.0,0.0,0.03773584906,0.0,0.0,0.1320754717,0.0
1,1,0.953271028,0.3181818182,0.5,0.0,0.0,0.0,0.0,0.0,0.1818181818,0.0
1,1,0.8907563025,0.3793103448,0.4137931034,0.0,0.0,0.0,0.01724137931,0.0,0.1896551724,0.0
1,1,0.9444444444,0.3272727273,0.5272727273,0.0,0.0,0.01818181818,0.0,0.0,0.09090909091,0.03636363636
1,1,0.9541284404,0.3188405797,0.4202898551,0.0,0.0,0.115942029,0.0,0.0,0.04347826087,0.1014492754
1,1,0.9038461538,0.4181818182,0.3818181818,0.01818181818,0.0,0.0,0.0,0.0,0.1818181818,0.0
1,1,0.9345794393,0.3050847458,0.4576271186,0.0,0.0,0.01694915254,0.0,0.0,0.2033898305,0.01694915254
1,1,0.8823529412,0.3829787234,0.5319148936,0.0,0.0,0.0,0.0,0.0,0.08510638298,0.0
1,1,0.8740740741,0.5142857143,0.4857142857,0.0,0.0,0.0,0.0,0.0,0.0,0.0
1,1,0.8932038835,0.3265306122,0.5510204082,0.0,0.0,0.0,0.0,0.0,0.1224489796,0.0
1,1,0.9444444444,0.328358209,0.4179104478,0.0,0.0,0.1044776119,0.0,0.0,0.05970149254,0.08955223881
1,1,0.9130434783,0.4352941176,0.3294117647,0.0,0.0,0.01176470588,0.0,0.0,0.2117647059,0.01176470588
1,1,0.8823529412,0.3846153846,0.4423076923,0.0,0.0,0.01923076923,0.0,0.0,0.1346153846,0.01923076923
1,1,0.9038461538,0.3333333333,0.4814814815,0.0,0.0,0.01851851852,0.0,0.0,0.1481481481,0.01851851852
1,1,0.9147286822,0.4,0.4153846154,0.0,0.0,0.04615384615,0.0,0.0,0.1384615385,0.0
1,1,0.9444444444,0.3214285714,0.5357142857,0.0,0.0,0.01785714286,0.0,0.0,0.1071428571,0.01785714286
1,1,0.8932038835,0.358490566,0.4150943396,0.0,0.0,0.01886792453,0.0,0.0,0.2075471698,0.0
1,1,0.8985507246,0.4805194805,0.3246753247,0.0,0.01298701299,0.0,0.0,0.0,0.1818181818,0.0
1,1,0.8823529412,0.4081632653,0.4489795918,0.0,0.0,0.0,0.0,0.0,0.1428571429,0.0
1,1,0.9064748201,0.5540540541,0.4459459459,0.0,0.0,0.0,0.0,0.0,0.0,0.0
1,1,0.9142857143,0.3928571429,0.4464285714,0.0,0.0,0.0,0.0,0.0,0.1607142857,0.0
1,1,0.9719626168,0.3272727273,0.5272727273,0.0,0.0,0.01818181818,0.01818181818,0.0,0.09090909091,0.01818181818
1,1,0.9142857143,0.35,0.4166666667,0.0,0.0,0.0,0.0,0.0,0.2333333333,0.0
1,1,0.9038461538,0.453125,0.421875,0.0,0.0,0.03125,0.0,0.0,0.078125,0.015625
1,1,0.9019607843,0.4423076923,0.4230769231,0.0,0.01923076923,0.0,0.0,0.0,0.1153846154,0.0
1,1,0.9285714286,0.3552631579,0.4736842105,0.0,0.0,0.0,0.01315789474,0.0,0.03947368421,0.1184210526
1,1,0.9245283019,0.3272727273,0.4181818182,0.0,0.0,0.03636363636,0.0,0.0,0.2,0.01818181818
1,1,0.896,0.3432835821,0.4179104478,0.0,0.0,0.0,0.01492537313,0.0,0.223880597,0.0
1,1,0.9147286822,0.3170731707,0.3902439024,0.0,0.0,0.1097560976,0.0,0.0,0.1341463415,0.0487804878
1,1,0.8712871287,0.3888888889,0.3888888889,0.0,0.0,0.0,0.0,0.0,0.2222222222,0.0
1,1,0.9208633094,0.5696202532,0.4303797468,0.0,0.0,0.0,0.0,0.0,0.0,0.0
1,1,0.9230769231,0.1886792453,0.6226415094,0.0,0.0,0.01886792453,0.0,0.0,0.1320754717,0.03773584906
1,1,0.9245283019,0.3333333333,0.4912280702,0.0,0.0,0.01754385965,0.0,0.0,0.1578947368,0.0
1,1,0.9038461538,0.3518518519,0.3703703704,0.0,0.0,0.01851851852,0.0,0.0,0.2222222222,0.03703703704
1,1,0.8888888889,0.3857142857,0.3857142857,0.0,0.0,0.01428571429,0.0,0.0,0.2,0.01428571429
1,1,0.896,0.4385964912,0.4385964912,0.0,0.0,0.0,0.0,0.0,0.1228070175,0.0
1,1,0.9636363636,0.2459016393,0.6557377049,0.0,0.0,0.0,0.0,0.0,0.09836065574,0.0
1,1,0.90625,0.4285714286,0.4285714286,0.0,0.0,0.0,0.01587301587,0.0,0.126984127,0.0
1,1,0.9142857143,0.3392857143,0.4821428571,0.0,0.0,0.01785714286,0.01785714286,0.0,0.1428571429,0.0
1,1,0.921875,0.4,0.5166666667,0.0,0.0,0.0,0.0,0.0,0.08333333333,0.0
1,1,0.9108910891,0.2884615385,0.5,0.0,0.0,0.05769230769,0.0,0.0,0.1153846154,0.03846153846
1,1,0.9130434783,0.5526315789,0.4473684211,0.0,0.0,0.0,0.0,0.0,0.0,0.0
1,1,0.8571428571,0.4339622642,0.4150943396,0.0,0.0,0.0,0.0,0.0,0.1509433962,0.0
1,1,0.9038461538,0.3454545455,0.5454545455,0.0,0.03636363636,0.0,0.0,0.0,0.05454545455,0.01818181818
1,1,0.8888888889,0.5172413793,0.3448275862,0.0,0.01149425287,0.02298850575,0.0,0.0,0.0,0.1034482759
1,1,0.9142857143,0.4098360656,0.4098360656,0.0,0.0,0.0,0.0,0.0,0.1803278689,0.0
1,1,0.9126213592,0.4,0.4727272727,0.0,0.0,0.0,0.0,0.0,0.1272727273,0.0
1,1,0.8976377953,0.4307692308,0.3538461538,0.0,0.0,0.0,0.0,0.0,0.2153846154,0.0
1,1,0.8549618321,0.48,0.2933333333,0.0,0.0,0.04,0.0,0.0,0.1733333333,0.01333333333
1,1,0.9345794393,0.3692307692,0.4615384615,0.0,0.0,0.0,0.0,0.0,0.1692307692,0.0
1,1,0.9636363636,0.2459016393,0.6393442623,0.0,0.0,0.0,0.0,0.0,0.1147540984,0.0
1,1,0.9147286822,0.390625,0.328125,0.0,0.0,0.015625,0.0,0.0,0.25,0.015625
1,1,0.8595041322,0.4482758621,0.3620689655,0.0,0.0,0.0,0.0,0.1724137931,0.01724137931,0.0
1,1,0.953271028,0.2542372881,0.6440677966,0.0,0.0,0.0,0.0,0.0,0.1016949153,0.0
1,1,0.9345794393,0.3666666667,0.4333333333,0.0,0.0,0.0,0.0,0.0,0.1833333333,0.01666666667
1,1,0.9433962264,0.3035714286,0.5714285714,0.0,0.0,0.0,0.0,0.0,0.1071428571,0.01785714286
1,1,0.9345794393,0.2280701754,0.6666666667,0.0,0.0,0.0,0.0,0.0,0.1052631579,0.0
1,1,0.9142857143,0.3454545455,0.4545454545,0.0,0.0,0.0,0.0,0.0,0.2,0.0
1,1,0.8910891089,0.3636363636,0.4181818182,0.0,0.0,0.0,0.0,0.0,0.2181818182,0.0
1,1,0.9541284404,0.3134328358,0.5074626866,0.0,0.0,0.0,0.0,0.0,0.1791044776,0.0
1,1,0.9393939394,0.3055555556,0.4444444444,0.0,0.0,0.06944444444,0.0,0.0,0.125,0.05555555556
1,1,0.90625,0.447761194,0.3432835821,0.0,0.01492537313,0.0,0.0,0.0,0.1940298507,0.0
1,1,0.9147286822,0.3835616438,0.3698630137,0.01369863014,0.0,0.0,0.0,0.0,0.2328767123,0.0
1,1,0.8721804511,0.4545454545,0.5454545455,0.0,0.0,0.0,0.0,0.0,0.0,0.0
1,1,0.9541284404,0.3235294118,0.5,0.0,0.0,0.0,0.0,0.0,0.1764705882,0.0
1,1,0.9444444444,0.3571428571,0.5,0.0,0.0,0.01785714286,0.01785714286,0.0,0.08928571429,0.01785714286
1,1,0.88,0.3469387755,0.5102040816,0.0,0.0,0.0,0.0,0.0,0.1428571429,0.0
1,1,0.9032258065,0.3538461538,0.4769230769,0.0,0.0,0.0,0.0,0.0,0.1692307692,0.0
1,1,0.9208633094,0.52,0.4,0.0,0.0,0.0,0.0,0.0,0.06666666667,0.01333333333
1,1,0.9230769231,0.3513513514,0.4594594595,0.0,0.0,0.0,0.0,0.0,0.1891891892,0.0
1,1,0.8617886179,0.3606557377,0.393442623,0.0,0.0,0.0,0.0,0.0,0.2459016393,0.0
1,1,0.8976377953,0.393442623,0.3606557377,0.0,0.0,0.03278688525,0.0,0.0,0.1967213115,0.01639344262
1,1,0.9076923077,0.453125,0.359375,0.0,0.0,0.0,0.0,0.0,0.1875,0.0
1,1,0.8910891089,0.3461538462,0.4615384615,0.0,0.0,0.01923076923,0.0,0.0,0.1730769231,0.0
1,1,0.9130434783,0.5584415584,0.4415584416,0.0,0.0,0.0,0.0,0.0,0.0,0.0
1,1,0.8686868687,0.3272727273,0.4545454545,0.0,0.03636363636,0.03636363636,0.0,0.0,0.1272727273,0.01818181818
1,1,0.8910891089,0.3818181818,0.3818181818,0.0,0.0,0.0,0.0,0.0,0.2363636364,0.0
1,1,0.84375,0.4769230769,0.3230769231,0.01538461538,0.0,0.04615384615,0.0,0.0,0.1384615385,0.0
1,1,0.8888888889,0.3833333333,0.3833333333,0.0,0.0,0.03333333333,0.0,0.0,0.1833333333,0.01666666667
1,1,0.8823529412,0.4107142857,0.4285714286,0.0,0.0,0.0,0.0,0.0,0.1607142857,0.0
1,1,0.9245283019,0.3174603175,0.4920634921,0.0,0.0,0.01587301587,0.0,0.0,0.1428571429,0.03174603175
1,1,0.9444444444,0.224137931,0.6724137931,0.0,0.0,0.0,0.0,0.0,0.1034482759,0.0
1,1,0.9038461538,0.4,0.45,0.0,0.0,0.0,0.0,0.0,0.15,0.0
1,1,0.9444444444,0.359375,0.421875,0.015625,0.0,0.0,0.0,0.0,0.203125,0.0
1,1,0.8888888889,0.3870967742,0.5,0.0,0.04838709677,0.0,0.0,0.0,0.06451612903,0.0
1,1,0.8823529412,0.5,0.5,0.0,0.0,0.0,0.0,0.0,0.0,0.0
1,1,0.9126213592,0.306122449,0.4897959184,0.0,0.0,0.0,0.0,0.0,0.2040816327,0.0
1,1,0.9208633094,0.4769230769,0.4307692308,0.0,0.0,0.0,0.0,0.0,0.09230769231,0.0
1,1,0.9142857143,0.3166666667,0.45,0.0,0.0,0.08333333333,0.0,0.0,0.1,0.05
1,1,0.9245283019,0.3035714286,0.5178571429,0.0,0.0,0.01785714286,0.0,0.0,0.1607142857,0.0
1,1,0.8910891089,0.2692307692,0.6346153846,0.0,0.0,0.0,0.0,0.0,0.09615384615,0.0
1,1,0.8823529412,0.320754717,0.4528301887,0.03773584906,0.0,0.0,0.0,0.0,0.1698113208,0.01886792453
1,1,0.86,0.3962264151,0.3773584906,0.0,0.0,0.0,0.0,0.0,0.2264150943,0.0
1,1,0.9142857143,0.38,0.5,0.0,0.0,0.02,0.0,0.0,0.08,0.02
1,1,0.9230769231,0.4307692308,0.4,0.0,0.0,0.0,0.0,0.0,0.1538461538,0.01538461538
1,1,0.8367346939,0.4509803922,0.4705882353,0.0,0.03921568627,0.0,0.0,0.0,0.03921568627,0.0
1,1,0.9565217391,0.375,0.1,0.05,0.45,0.0,0.0,0.0,0.025,0.0
1,1,0.8484848485,0.4923076923,0.4307692308,0.0,0.0,0.0,0.0,0.07692307692,0.0,0.0
1,1,0.9361702128,0.4507042254,0.4507042254,0.0,0.0,0.0,0.0,0.0,0.08450704225,0.01408450704
1,1,0.9142857143,0.4137931034,0.4655172414,0.0,0.0,0.0,0.0,0.0,0.1034482759,0.01724137931
1,1,0.9541284404,0.2881355932,0.5762711864,0.0,0.0,0.0,0.01694915254,0.0,0.1016949153,0.01694915254
1,1,0.8712871287,0.4230769231,0.4038461538,0.0,0.0,0.01923076923,0.0,0.0,0.1346153846,0.01923076923
1,1,0.88,0.4,0.3846153846,0.0,0.0,0.0,0.01538461538,0.0,0.2,0.0
1,1,0.9038461538,0.3770491803,0.3442622951,0.0,0.0,0.01639344262,0.0,0.0,0.2295081967,0.03278688525
1,1,0.8823529412,0.3454545455,0.4545454545,0.0,0.0,0.01818181818,0.01818181818,0.0,0.1636363636,0.0
1,1,0.9375,0.3939393939,0.4242424242,0.0,0.0,0.0303030303,0.01515151515,0.0,0.07575757576,0.06060606061
1,1,0.8823529412,0.3846153846,0.3846153846,0.0,0.0,0.01923076923,0.0,0.0,0.1730769231,0.03846153846
1,1,0.9208633094,0.4375,0.3375,0.0125,0.0,0.0,0.0,0.0,0.2125,0.0
1,1,0.8125,0.5,0.5,0.0,0.0,0.0,0.0,0.0,0.0,0.0
1,1,0.9038461538,0.3333333333,0.4814814815,0.0,0.0,0.01851851852,0.01851851852,0.0,0.1481481481,0.0
1,1,0.9038461538,0.3818181818,0.5818181818,0.0,0.0,0.01818181818,0.0,0.0,0.0,0.01818181818
1,1,0.86,0.3653846154,0.4038461538,0.0,0.0,0.0,0.0,0.0,0.2307692308,0.0
1,1,0.9038461538,0.3454545455,0.4181818182,0.0,0.0,0.01818181818,0.0,0.0,0.1818181818,0.03636363636
1,1,0.9444444444,0.328358209,0.4925373134,0.0,0.0,0.0,0.0,0.0,0.1791044776,0.0
1,1,0.9433962264,0.3684210526,0.4561403509,0.01754385965,0.0,0.0,0.0,0.0,0.1578947368,0.0
1,1,0.8932038835,0.3148148148,0.4259259259,0.0,0.0,0.03703703704,0.0,0.0,0.2037037037,0.01851851852
1,1,0.9345794393,0.3582089552,0.4626865672,0.0,0.0,0.0,0.0,0.0,0.1791044776,0.0
1,1,0.8932038835,0.3965517241,0.3965517241,0.0,0.0,0.0,0.0,0.0,0.2068965517,0.0
1,1,0.9130434783,0.5,0.3235294118,0.0,0.01470588235,0.0,0.0,0.0,0.1617647059,0.0
1,1,0.8484848485,0.4179104478,0.4328358209,0.0,0.0,0.0,0.0,0.1492537313,0.0,0.0
1,1,0.8888888889,0.3880597015,0.3134328358,0.0,0.0,0.01492537313,0.0,0.0,0.2686567164,0.01492537313
1,1,0.8932038835,0.4262295082,0.4426229508,0.0,0.0,0.03278688525,0.0,0.0,0.08196721311,0.01639344262
1,1,0.9197080292,0.5285714286,0.3285714286,0.04285714286,0.0,0.01428571429,0.0,0.0,0.08571428571,0.0
1,1,0.9051094891,0.4246575342,0.3835616438,0.0,0.0,0.02739726027,0.0,0.0,0.1643835616,0.0
1,1,0.8976377953,0.3731343284,0.4029850746,0.0,0.0,0.01492537313,0.0,0.0,0.2089552239,0.0
1,1,0.8823529412,0.38,0.46,0.0,0.0,0.0,0.0,0.0,0.16,0.0
1,1,0.9245283019,0.3389830508,0.4406779661,0.0,0.0,0.0,0.01694915254,0.0,0.2033898305,0.0
1,1,0.9076923077,0.4054054054,0.3648648649,0.0,0.0,0.04054054054,0.0,0.0,0.1621621622,0.02702702703
1,1,0.8932038835,0.4363636364,0.4363636364,0.0,0.0,0.0,0.0,0.0,0.1272727273,0.0
1,1,0.9038461538,0.4035087719,0.4561403509,0.0,0.0,0.0,0.0,0.0,0.1228070175,0.01754385965
1,1,0.8780487805,0.4745762712,0.3898305085,0.0,0.0,0.0,0.0,0.1186440678,0.01694915254,0.0
1,1,0.9038461538,0.38,0.5,0.0,0.0,0.0,0.0,0.0,0.12,0.0
1,1,0.9541284404,0.275862069,0.4137931034,0.0,0.02298850575,0.1609195402,0.0,0.0,0.03448275862,0.09195402299
1,1,0.9142857143,0.3148148148,0.5555555556,0.0,0.0,0.0,0.0,0.0,0.1111111111,0.01851851852
1,1,0.8932038835,0.3818181818,0.4545454545,0.0,0.0,0.05454545455,0.0,0.0,0.09090909091,0.01818181818
1,1,0.9142857143,0.3653846154,0.4615384615,0.0,0.0,0.03846153846,0.0,0.0,0.1346153846,0.0
1,1,0.9047619048,0.4307692308,0.3692307692,0.0,0.0,0.0,0.0,0.0,0.2,0.0
1,1,0.8712871287,0.4181818182,0.4363636364,0.0,0.0,0.03636363636,0.0,0.0,0.09090909091,0.01818181818
1,1,0.8617886179,0.4,0.3666666667,0.0,0.0,0.0,0.01666666667,0.0,0.2166666667,0.0
1,1,0.8910891089,0.4038461538,0.4807692308,0.0,0.0,0.0,0.0,0.0,0.1153846154,0.0
1,1,0.932038835,0.4035087719,0.4210526316,0.01754385965,0.0,0.0,0.0,0.0,0.1578947368,0.0
1,1,0.9051094891,0.5479452055,0.4520547945,0.0,0.0,0.0,0.0,0.0,0.0,0.0
1,1,0.8709677419,0.3968253968,0.3650793651,0.0,0.0,0.04761904762,0.0,0.0,0.1746031746,0.01587301587
1,1,0.8823529412,0.358490566,0.4150943396,0.0,0.0,0.0,0.0,0.0,0.2264150943,0.0
1,1,0.9038461538,0.3965517241,0.4482758621,0.0,0.0,0.0,0.0,0.0,0.1551724138,0.0
1,1,0.9245283019,0.3709677419,0.435483871,0.0,0.0,0.0,0.0,0.0,0.1935483871,0.0
1,1,0.9345794393,0.390625,0.421875,0.0,0.0,0.0,0.0,0.0,0.1875,0.0
1,1,0.9142857143,0.4098360656,0.4098360656,0.0,0.0,0.0,0.0,0.0,0.1803278689,0.0
1,1,0.88,0.3469387755,0.4081632653,0.0,0.0,0.02040816327,0.0,0.0,0.1836734694,0.04081632653
1,1,0.8823529412,0.3888888889,0.4444444444,0.0,0.0,0.0,0.0,0.0,0.1666666667,0.0
1,1,0.9142857143,0.3684210526,0.4561403509,0.0,0.0,0.0,0.0,0.0,0.1578947368,0.01754385965
1,1,0.9411764706,0.3333333333,0.462962963,0.01851851852,0.0,0.0,0.0,0.0,0.1851851852,0.0
1,1,0.8595041322,0.4821428571,0.4107142857,0.0,0.0,0.0,0.0,0.07142857143,0.03571428571,0.0
1,1,0.8453608247,0.375,0.4166666667,0.0,0.0,0.0,0.0,0.0,0.2083333333,0.0
1,1,0.9038461538,0.3793103448,0.4655172414,0.0,0.0,0.01724137931,0.0,0.0,0.1379310345,0.0
1,1,0.9038461538,0.3333333333,0.537037037,0.0,0.0,0.05555555556,0.0,0.0,0.07407407407,0.0
1,1,0.9147286822,0.4179104478,0.3880597015,0.0,0.0,0.0,0.0,0.0,0.1940298507,0.0
1,1,0.9142857143,0.375,0.4642857143,0.0,0.0,0.01785714286,0.01785714286,0.0,0.125,0.0
1,1,0.8823529412,0.3125,0.4791666667,0.0,0.0,0.0,0.0,0.0,0.1875,0.02083333333
1,1,0.8888888889,0.3787878788,0.3484848485,0.0,0.0,0.0,0.0,0.0,0.2727272727,0.0
1,1,0.8823529412,0.3333333333,0.462962963,0.0,0.0,0.01851851852,0.0,0.0,0.1851851852,0.0
1,1,0.8823529412,0.3333333333,0.4901960784,0.0,0.0,0.01960784314,0.01960784314,0.0,0.137254902,0.0
1,1,0.9345794393,0.2631578947,0.649122807,0.0,0.0,0.0,0.0,0.0,0.08771929825,0.0
1,1,0.8636363636,0.4927536232,0.5072463768,0.0,0.0,0.0,0.0,0.0,0.0,0.0
1,1,0.9142857143,0.298245614,0.4736842105,0.0,0.0,0.05263157895,0.0,0.0,0.1403508772,0.0350877193
1,1,0.9375,0.4428571429,0.3857142857,0.0,0.0,0.01428571429,0.0,0.0,0.1428571429,0.01428571429
1,1,0.8932038835,0.4509803922,0.431372549,0.0,0.0,0.0,0.0,0.0,0.1176470588,0.0
1,1,0.8636363636,0.52,0.32,0.06666666667,0.0,0.01333333333,0.0,0.0,0.06666666667,0.01333333333
1,1,0.9126213592,0.4035087719,0.4736842105,0.0,0.0,0.0,0.0,0.0,0.1228070175,0.0
1,1,0.8910891089,0.3653846154,0.4807692308,0.0,0.0,0.0,0.0,0.0,0.1346153846,0.01923076923
1,1,0.90625,0.3768115942,0.4637681159,0.0,0.0,0.01449275362,0.0,0.0,0.1304347826,0.01449275362
1,1,0.9333333333,0.2321428571,0.6607142857,0.0,0.0,0.0,0.0,0.0,0.1071428571,0.0
1,1,0.8823529412,0.4285714286,0.4107142857,0.0,0.0,0.0,0.0,0.0,0.1607142857,0.0
1,1,0.9245283019,0.3898305085,0.4915254237,0.0,0.0,0.0,0.0,0.0,0.1016949153,0.01694915254
1,1,0.8503937008,0.435483871,0.564516129,0.0,0.0,0.0,0.0,0.0,0.0,0.0
1,1,0.8823529412,0.387755102,0.4693877551,0.0,0.0,0.0,0.0,0.0,0.1428571429,0.0
1,1,0.9142857143,0.3653846154,0.4615384615,0.0,0.0,0.03846153846,0.0,0.0,0.1346153846,0.0
1,1,0.9038461538,0.3448275862,0.5,0.01724137931,0.0,0.03448275862,0.01724137931,0.0,0.06896551724,0.01724137931
1,1,0.9142857143,0.3571428571,0.4821428571,0.0,0.0,0.01785714286,0.01785714286,0.0,0.125,0.0
1,1,0.8712871287,0.4230769231,0.4038461538,0.0,0.0,0.01923076923,0.0,0.0,0.1346153846,0.01923076923
1,1,0.9142857143,0.3333333333,0.4901960784,0.0,0.0,0.03921568627,0.0,0.0,0.137254902,0.0
1,1,0.9245283019,0.375,0.4464285714,0.0,0.0,0.01785714286,0.0,0.0,0.125,0.03571428571
1,1,0.9038461538,0.3725490196,0.4509803922,0.0,0.0,0.03921568627,0.0,0.0,0.137254902,0.0
1,1,0.9142857143,0.4074074074,0.462962963,0.0,0.01851851852,0.0,0.0,0.0,0.1111111111,0.0
1,1,0.9208633094,0.4927536232,0.3623188406,0.0,0.0,0.0,0.0,0.0,0.1304347826,0.01449275362
1,1,0.8656716418,0.4328358209,0.3134328358,0.0,0.0,0.0,0.0,0.2388059701,0.01492537313,0.0
1,1,0.86,0.3653846154,0.5192307692,0.0,0.03846153846,0.0,0.0,0.0,0.07692307692,0.0
1,1,0.8932038835,0.3529411765,0.4509803922,0.0,0.0,0.03921568627,0.0,0.0,0.1568627451,0.0
1,1,0.8037383178,0.4166666667,0.3541666667,0.0,0.02083333333,0.02083333333,0.0,0.0,0.1666666667,0.02083333333
1,1,0.9428571429,0.4615384615,0.3205128205,0.0,0.0,0.0,0.01282051282,0.0,0.2051282051,0.0
1,1,0.9038461538,0.3833333333,0.4166666667,0.0,0.0,0.0,0.0,0.0,0.2,0.0
1,1,0.8823529412,0.3272727273,0.4545454545,0.0,0.0,0.01818181818,0.0,0.0,0.2,0.0
1,1,0.8865979381,0.3703703704,0.537037037,0.0,0.01851851852,0.0,0.0,0.0,0.07407407407,0.0
1,1,0.9245283019,0.393442623,0.4590163934,0.0,0.0,0.0,0.0,0.0,0.131147541,0.01639344262
1,1,0.8823529412,0.3571428571,0.4107142857,0.0,0.0,0.07142857143,0.0,0.0,0.1428571429,0.01785714286
1,1,0.8823529412,0.3148148148,0.4444444444,0.0,0.0,0.05555555556,0.0,0.0,0.1481481481,0.03703703704
1,1,0.868852459,0.3965517241,0.4137931034,0.0,0.0,0.0,0.0,0.1724137931,0.01724137931,0.0
1,1,0.8823529412,0.2857142857,0.4,0.0,0.0,0.1285714286,0.0,0.0,0.1142857143,0.07142857143
1,1,0.9343065693,0.4637681159,0.3623188406,0.0,0.0,0.0,0.0,0.0,0.1739130435,0.0
1,1,0.8617886179,0.53125,0.359375,0.0,0.015625,0.03125,0.0,0.0,0.046875,0.015625
1,1,0.9126213592,0.3076923077,0.5576923077,0.0,0.0,0.01923076923,0.0,0.0,0.1153846154,0.0
1,1,0.9245283019,0.350877193,0.4736842105,0.0,0.0,0.01754385965,0.0,0.0,0.1578947368,0.0
1,1,0.8823529412,0.3333333333,0.537037037,0.0,0.03703703704,0.0,0.0,0.0,0.09259259259,0.0
1,1,0.8955223881,0.5714285714,0.3968253968,0.01587301587,0.0,0.0,0.01587301587,0.0,0.0,0.0
1,1,0.9038461538,0.2972972973,0.3918918919,0.0,0.0,0.1351351351,0.0,0.0,0.1081081081,0.06756756757
1,1,0.9,0.26,0.54,0.0,0.0,0.0,0.0,0.0,0.2,0.0
1,1,0.9038461538,0.3833333333,0.4166666667,0.0,0.0,0.0,0.0,0.0,0.2,0.0
1,1,0.9022556391,0.487804878,0.3658536585,0.01219512195,0.0243902439,0.0,0.0,0.0,0.09756097561,0.01219512195
1,1,0.9333333333,0.1785714286,0.5,0.1547619048,0.0119047619,0.0,0.0,0.0,0.04761904762,0.1071428571
1,1,0.8656716418,0.5285714286,0.4714285714,0.0,0.0,0.0,0.0,0.0,0.0,0.0
1,1,0.9142857143,0.4137931034,0.4655172414,0.0,0.0,0.0,0.0,0.0,0.1206896552,0.0
1,1,0.9433962264,0.328358209,0.4925373134,0.0,0.0,0.0,0.0,0.0,0.1791044776,0.0
1,1,0.9142857143,0.3269230769,0.5192307692,0.0,0.0,0.01923076923,0.01923076923,0.0,0.1153846154,0.0
1,1,0.9345794393,0.3703703704,0.5,0.0,0.0,0.01851851852,0.0,0.0,0.09259259259,0.01851851852
1,1,0.9345794393,0.2631578947,0.649122807,0.0,0.0,0.0,0.0,0.0,0.08771929825,0.0
1,1,0.8712871287,0.3818181818,0.4,0.0,0.0,0.07272727273,0.0,0.0,0.1272727273,0.01818181818
1,1,0.8823529412,0.3125,0.4791666667,0.0,0.0,0.0,0.0,0.0,0.2083333333,0.0
1,1,0.8823529412,0.4150943396,0.4528301887,0.0,0.0,0.0,0.0,0.0,0.1320754717,0.0
1,1,0.8712871287,0.3404255319,0.4255319149,0.0,0.0,0.04255319149,0.0,0.0,0.1914893617,0.0
1,1,0.9142857143,0.3137254902,0.5294117647,0.0,0.0,0.0,0.0,0.0,0.1568627451,0.0
1,1,0.9130434783,0.5641025641,0.4358974359,0.0,0.0,0.0,0.0,0.0,0.0,0.0
1,1,0.8823529412,0.4107142857,0.4107142857,0.0,0.0,0.0,0.0,0.0,0.1785714286,0.0
1,1,0.8932038835,0.3793103448,0.3965517241,0.0,0.0,0.0,0.0,0.0,0.224137931,0.0
1,1,0.8932038835,0.4117647059,0.4705882353,0.0,0.0,0.0,0.0,0.0,0.1176470588,0.0
1,1,0.9038461538,0.2407407407,0.6481481481,0.0,0.0,0.0,0.0,0.0,0.1111111111,0.0
1,1,0.9009009009,0.4666666667,0.3833333333,0.0,0.0,0.03333333333,0.0,0.0,0.1,0.01666666667
1,1,0.8932038835,0.3958333333,0.5,0.0,0.02083333333,0.0,0.0,0.0,0.08333333333,0.0
1,1,0.9142857143,0.3606557377,0.4590163934,0.0,0.0,0.0,0.0,0.0,0.1803278689,0.0
1,1,0.9038461538,0.3846153846,0.4423076923,0.0,0.0,0.03846153846,0.0,0.0,0.1346153846,0.0
1,1,0.9038461538,0.3142857143,0.3285714286,0.0,0.0,0.1571428571,0.0,0.0,0.1,0.1
1,1,0.868852459,0.4210526316,0.5438596491,0.0,0.0,0.01754385965,0.0,0.0,0.0,0.01754385965
1,1,0.9117647059,0.5,0.5,0.0,0.0,0.0,0.0,0.0,0.0,0.0
1,1,0.9230769231,0.3521126761,0.4084507042,0.0,0.0,0.04225352113,0.0,0.0,0.1971830986,0.0
1,1,0.9345794393,0.3636363636,0.5090909091,0.0,0.0,0.01818181818,0.0,0.0,0.09090909091,0.01818181818
1,1,0.9306930693,0.3,0.3666666667,0.0,0.01666666667,0.08333333333,0.0,0.0,0.15,0.08333333333
1,1,0.8823529412,0.2857142857,0.4,0.0,0.0,0.1285714286,0.0,0.0,0.1142857143,0.07142857143
1,1,0.9147286822,0.3287671233,0.4794520548,0.0,0.0,0.0,0.0,0.0,0.1917808219,0.0
1,1,0.90625,0.3676470588,0.4117647059,0.0,0.0,0.01470588235,0.0,0.0,0.2058823529,0.0
1,1,0.9019607843,0.3928571429,0.4642857143,0.0,0.0,0.0,0.0,0.0,0.1428571429,0.0
1,1,0.9126213592,0.3454545455,0.4545454545,0.0,0.0,0.0,0.0,0.0,0.1818181818,0.01818181818
1,1,0.90625,0.3709677419,0.3870967742,0.0,0.0,0.03225806452,0.0,0.0,0.1935483871,0.01612903226
1,1,0.9038461538,0.3725490196,0.4509803922,0.0,0.0,0.03921568627,0.0,0.0,0.137254902,0.0
1,1,0.88,0.4310344828,0.4655172414,0.0,0.0,0.0,0.0,0.06896551724,0.03448275862,0.0
1,1,0.9345794393,0.4126984127,0.4761904762,0.0,0.0,0.0,0.0,0.0,0.1111111111,0.0
1,1,0.9245283019,0.3709677419,0.4193548387,0.0,0.0,0.0,0.0,0.0,0.2096774194,0.0
1,1,0.8910891089,0.3333333333,0.4814814815,0.0,0.0,0.01851851852,0.01851851852,0.0,0.1481481481,0.0
1,1,0.8598130841,0.3454545455,0.4,0.0,0.0,0.0,0.0,0.0,0.2545454545,0.0
1,1,0.9345794393,0.3636363636,0.4909090909,0.0,0.0,0.01818181818,0.01818181818,0.0,0.09090909091,0.01818181818
1,1,0.9428571429,0.5,0.3888888889,0.0,0.02777777778,0.0,0.0,0.0,0.05555555556,0.02777777778
1,1,0.8976377953,0.3939393939,0.3636363636,0.01515151515,0.0,0.04545454545,0.0,0.0,0.1515151515,0.0303030303
1,1,0.9245283019,0.3692307692,0.4615384615,0.0,0.0,0.0,0.0,0.0,0.1692307692,0.0
1,1,0.9142857143,0.3770491803,0.4262295082,0.0,0.0,0.0,0.0,0.0,0.1967213115,0.0
1,1,0.8932038835,0.3728813559,0.406779661,0.0,0.0,0.0,0.0,0.0,0.2203389831,0.0
1,1,0.9285714286,0.5217391304,0.2608695652,0.0,0.0,0.1739130435,0.0,0.0,0.04347826087,0.0
1,1,0.868852459,0.3965517241,0.4310344828,0.0,0.0,0.05172413793,0.0,0.0,0.1206896552,0.0
1,1,0.9051094891,0.3625,0.4125,0.15,0.0,0.0125,0.0,0.0,0.0375,0.025
1,1,0.9147286822,0.4444444444,0.380952381,0.0,0.0,0.04761904762,0.0,0.0,0.126984127,0.0
1,1,0.9038461538,0.4137931034,0.3965517241,0.0,0.0,0.0,0.0,0.0,0.1896551724,0.0
1,1,0.9345794393,0.3928571429,0.5,0.0,0.0,0.0,0.0,0.0,0.1071428571,0.0
1,1,0.9126213592,0.3333333333,0.4814814815,0.0,0.0,0.01851851852,0.01851851852,0.0,0.1481481481,0.0
1,1,0.8932038835,0.3965517241,0.4137931034,0.0,0.0,0.0,0.0,0.0,0.1896551724,0.0
1,1,0.8910891089,0.4,0.4363636364,0.0,0.0,0.0,0.0,0.0,0.1636363636,0.0
1,1,0.921875,0.4285714286,0.380952381,0.0,0.01587301587,0.0,0.0,0.0,0.1746031746,0.0
1,1,0.9038461538,0.32,0.48,0.0,0.0,0.02,0.0,0.0,0.18,0.0
1,1,0.8721804511,0.46875,0.453125,0.0,0.0,0.0,0.0,0.0625,0.015625,0.0
1,1,0.8617886179,0.320754717,0.4716981132,0.0,0.0,0.0,0.0,0.0,0.2075471698,0.0
1,1,0.8910891089,0.387755102,0.4693877551,0.0,0.0,0.0,0.0,0.0,0.1428571429,0.0
1,1,0.9019607843,0.3529411765,0.4901960784,0.0,0.0,0.01960784314,0.01960784314,0.0,0.1176470588,0.0
1,1,0.9038461538,0.2264150943,0.5849056604,0.0,0.0,0.0,0.0,0.0,0.1886792453,0.0
1,1,0.9038461538,0.3620689655,0.5172413793,0.0,0.0,0.0,0.0,0.0,0.1206896552,0.0
1,1,0.9541284404,0.3448275862,0.5172413793,0.0,0.0,0.01724137931,0.0,0.0,0.1206896552,0.0
1,1,0.9411764706,0.3770491803,0.393442623,0.0,0.0,0.0,0.0,0.0,0.2295081967,0.0
1,1,0.9245283019,0.3333333333,0.5555555556,0.0,0.0,0.0,0.0,0.0,0.1111111111,0.0
1,1,0.9444444444,0.3529411765,0.4705882353,0.0,0.0,0.0,0.0,0.0,0.1764705882,0.0
1,1,0.88,0.2884615385,0.4615384615,0.0,0.0,0.05769230769,0.0,0.0,0.1538461538,0.03846153846
1,1,0.9037037037,0.5205479452,0.4794520548,0.0,0.0,0.0,0.0,0.0,0.0,0.0
1,1,0.9457364341,0.3472222222,0.4027777778,0.0,0.0,0.06944444444,0.0,0.0,0.125,0.05555555556
1,1,0.873015873,0.4084507042,0.323943662,0.0,0.0,0.0,0.0,0.0,0.2676056338,0.0
1,1,0.8686868687,0.32,0.46,0.0,0.0,0.06,0.0,0.0,0.12,0.04
1,1,0.8888888889,0.4444444444,0.3650793651,0.0,0.0,0.0,0.0,0.0,0.1904761905,0.0
1,1,0.8484848485,0.3695652174,0.4565217391,0.0,0.0,0.0,0.0,0.0,0.1739130435,0.0
1,1,0.9245283019,0.3787878788,0.4545454545,0.0,0.0,0.0,0.0,0.0,0.1666666667,0.0
1,1,0.8617886179,0.5074626866,0.3880597015,0.0,0.0,0.02985074627,0.0,0.0,0.05970149254,0.01492537313
1,1,0.9264705882,0.5,0.3055555556,0.0,0.0,0.0,0.0,0.0,0.1944444444,0.0
1,1,0.9197080292,0.4125,0.35,0.0,0.0,0.0125,0.0,0.0,0.2125,0.0125
1,1,0.9038461538,0.3333333333,0.4814814815,0.0,0.0,0.01851851852,0.01851851852,0.0,0.1481481481,0.0
1,1,0.8805970149,0.4558823529,0.3970588235,0.0,0.0,0.0,0.0,0.1323529412,0.01470588235,0.0
1,1,0.9541284404,0.25,0.65,0.0,0.0,0.0,0.0,0.0,0.1,0.0
1,1,0.9038461538,0.38,0.44,0.0,0.0,0.04,0.0,0.0,0.14,0.0
1,1,0.9130434783,0.4588235294,0.3294117647,0.0,0.0,0.01176470588,0.0,0.0,0.1882352941,0.01176470588
1,1,0.9208633094,0.5072463768,0.3188405797,0.0,0.0,0.0,0.0,0.0,0.1594202899,0.01449275362
1,1,0.8932038835,0.3214285714,0.4464285714,0.0,0.0,0.01785714286,0.01785714286,0.0,0.1964285714,0.0
1,1,0.9636363636,0.2777777778,0.4,0.0,0.02222222222,0.1666666667,0.0,0.0,0.03333333333,0.1
1,1,0.9142857143,0.3333333333,0.5185185185,0.0,0.0,0.01851851852,0.0,0.0,0.1296296296,0.0
1,1,0.9444444444,0.2586206897,0.6551724138,0.0,0.0,0.0,0.0,0.0,0.08620689655,0.0
1,1,0.9142857143,0.4237288136,0.4406779661,0.0,0.0,0.0,0.0,0.0,0.1186440678,0.01694915254
1,1,0.8823529412,0.3559322034,0.3559322034,0.0,0.0,0.01694915254,0.0,0.0,0.2372881356,0.03389830508
1,1,0.8872180451,0.5072463768,0.3623188406,0.0,0.0,0.0,0.0,0.115942029,0.01449275362,0.0
1,1,0.932038835,0.4107142857,0.4107142857,0.01785714286,0.0,0.0,0.0,0.0,0.1607142857,0.0
1,1,0.9142857143,0.3833333333,0.45,0.0,0.0,0.0,0.0,0.0,0.1666666667,0.0
1,1,0.9230769231,0.3684210526,0.4736842105,0.0,0.0,0.0,0.0,0.0,0.1578947368,0.0
1,1,0.9345794393,0.3636363636,0.4696969697,0.0,0.0,0.0,0.0,0.0,0.1666666667,0.0
1,1,0.8976377953,0.3898305085,0.4237288136,0.0,0.0,0.0,0.0,0.0,0.186440678,0.0
1,1,0.8932038835,0.3469387755,0.4693877551,0.0,0.0,0.04081632653,0.0,0.0,0.1428571429,0.0
1,1,0.9142857143,0.375,0.4642857143,0.0,0.0,0.0,0.0,0.0,0.1607142857,0.0
1,1,0.9142857143,0.397260274,0.4383561644,0.09589041096,0.0,0.0,0.0,0.0,0.06849315068,0.0
1,1,0.8976377953,0.375,0.390625,0.0,0.0,0.046875,0.0,0.0,0.15625,0.03125
1,1,0.8888888889,0.5373134328,0.3432835821,0.0,0.0,0.0,0.0,0.0,0.1044776119,0.01492537313
1,1,0.8571428571,0.5245901639,0.4754098361,0.0,0.0,0.0,0.0,0.0,0.0,0.0
1,1,0.88,0.3888888889,0.5,0.0,0.0,0.0,0.0,0.0,0.1111111111,0.0
1,1,0.90625,0.3714285714,0.4,0.0,0.0,0.04285714286,0.0,0.0,0.1571428571,0.02857142857
1,1,0.8932038835,0.3703703704,0.462962963,0.0,0.0,0.01851851852,0.0,0.0,0.1481481481,0.0
1,1,0.8976377953,0.4166666667,0.35,0.0,0.0,0.03333333333,0.0,0.0,0.1833333333,0.01666666667
1,1,0.8823529412,0.4107142857,0.4107142857,0.0,0.0,0.0,0.0,0.0,0.1785714286,0.0
1,1,0.88,0.3424657534,0.4246575342,0.0,0.0,0.02739726027,0.0,0.0,0.1506849315,0.05479452055
1,1,0.9142857143,0.35,0.4,0.0,0.0,0.01666666667,0.0,0.0,0.2,0.03333333333
1,1,0.9142857143,0.375,0.5,0.0,0.0,0.0,0.0,0.0,0.125,0.0
1,1,0.8932038835,0.4117647059,0.4705882353,0.0,0.01960784314,0.0,0.0,0.0,0.09803921569,0.0
1,1,0.9541284404,0.34375,0.421875,0.0,0.0,0.078125,0.0,0.0,0.109375,0.046875
1,1,0.8412698413,0.4923076923,0.4153846154,0.09230769231,0.0,0.0,0.0,0.0,0.0,0.0
1,1,0.8636363636,0.45,0.4833333333,0.0,0.0,0.0,0.0,0.05,0.01666666667,0.0
1,1,0.9038461538,0.3454545455,0.4727272727,0.0,0.0,0.01818181818,0.01818181818,0.0,0.1454545455,0.0
1,1,0.8712871287,0.3829787234,0.5106382979,0.0,0.0,0.0,0.0,0.0,0.1063829787,0.0
1,1,0.8932038835,0.3965517241,0.4310344828,0.0,0.0,0.0,0.0,0.0,0.1724137931,0.0
1,1,0.9411764706,0.3448275862,0.4137931034,0.0,0.01724137931,0.05172413793,0.0,0.0,0.1379310345,0.03448275862
1,1,0.9245283019,0.3090909091,0.5636363636,0.0,0.0,0.0,0.01818181818,0.0,0.09090909091,0.01818181818
1,1,0.9444444444,0.3448275862,0.5172413793,0.03448275862,0.0,0.01724137931,0.0,0.0,0.08620689655,0.0
1,1,0.8823529412,0.3529411765,0.4901960784,0.0,0.0,0.01960784314,0.0,0.0,0.137254902,0.0
1,1,0.9208633094,0.4705882353,0.4117647059,0.0,0.0,0.0,0.0,0.0,0.1176470588,0.0
1,1,0.905982906,0.3521126761,0.3802816901,0.01408450704,0.04225352113,0.0985915493,0.0,0.0,0.07042253521,0.04225352113
1,1,0.8932038835,0.328358209,0.4328358209,0.0,0.0,0.07462686567,0.0,0.0,0.1343283582,0.02985074627
1,1,0.8721804511,0.5,0.5,0.0,0.0,0.0,0.0,0.0,0.0,0.0
1,1,0.8932038835,0.4038461538,0.4423076923,0.0,0.0,0.0,0.0,0.0,0.1538461538,0.0
1,1,0.9361702128,0.4861111111,0.3333333333,0.0,0.0,0.0,0.0,0.0,0.1805555556,0.0
1,1,0.8976377953,0.3770491803,0.4754098361,0.0,0.0,0.0,0.01639344262,0.0,0.131147541,0.0
1,1,0.8712871287,0.262295082,0.4754098361,0.0,0.0,0.1803278689,0.0,0.0,0.08196721311,0.0
1,1,0.9245283019,0.3333333333,0.5555555556,0.0,0.0,0.0,0.0,0.0,0.1111111111,0.0
1,1,0.9230769231,0.4393939394,0.3939393939,0.0,0.0,0.0,0.0,0.0,0.1666666667,0.0
1,1,0.9142857143,0.3272727273,0.4181818182,0.0,0.0,0.03636363636,0.0,0.0,0.2,0.01818181818
1,1,0.9275362319,0.4133333333,0.4266666667,0.0,0.0,0.0,0.0,0.0,0.16,0.0
1,1,0.8932038835,0.3265306122,0.5510204082,0.0,0.0,0.0,0.0,0.0,0.1224489796,0.0
1,1,0.896,0.462962963,0.3333333333,0.0,0.0,0.0,0.0,0.0,0.2037037037,0.0
1,1,0.8721804511,0.4761904762,0.4603174603,0.0,0.0,0.0,0.0,0.04761904762,0.01587301587,0.0
1,1,0.86,0.3333333333,0.4666666667,0.0,0.0,0.0,0.0,0.0,0.2,0.0
1,1,0.90625,0.4153846154,0.4,0.01538461538,0.0,0.0,0.0,0.0,0.1692307692,0.0
1,1,0.9142857143,0.3148148148,0.537037037,0.0,0.0,0.01851851852,0.0,0.0,0.1296296296,0.0
1,1,0.8932038835,0.3269230769,0.4807692308,0.0,0.0,0.01923076923,0.01923076923,0.0,0.1538461538,0.0
1,1,0.88,0.3164556962,0.3544303797,0.0,0.0,0.1265822785,0.0,0.0,0.1265822785,0.07594936709
1,1,0.9230769231,0.3728813559,0.4576271186,0.0,0.0,0.0,0.0,0.0,0.1694915254,0.0
1,1,0.9038461538,0.3396226415,0.6226415094,0.0,0.0,0.01886792453,0.0,0.0,0.0,0.01886792453
1,1,0.9038461538,0.3275862069,0.4310344828,0.0,0.0,0.0,0.01724137931,0.0,0.2068965517,0.01724137931
1,1,0.921875,0.421875,0.421875,0.0,0.0,0.0,0.0,0.0,0.15625,0.0
1,1,0.9245283019,0.2321428571,0.6607142857,0.0,0.0,0.0,0.0,0.0,0.1071428571,0.0
1,1,0.8461538462,0.4411764706,0.5588235294,0.0,0.0,0.0,0.0,0.0,0.0,0.0
1,1,0.9345794393,0.375,0.5357142857,0.0,0.0,0.01785714286,0.0,0.0,0.07142857143,0.0
1,1,0.9230769231,0.4098360656,0.4262295082,0.0,0.0,0.0,0.0,0.0,0.1639344262,0.0
1,1,0.90625,0.4545454545,0.3333333333,0.0,0.0,0.0,0.0,0.0,0.2121212121,0.0
1,1,0.8932038835,0.3898305085,0.406779661,0.0,0.0,0.0,0.0,0.0,0.2033898305,0.0
1,1,0.8823529412,0.3703703704,0.5,0.0,0.0,0.05555555556,0.0,0.0,0.07407407407,0.0
1,1,0.8932038835,0.3454545455,0.5454545455,0.0,0.03636363636,0.0,0.0,0.0,0.05454545455,0.01818181818
1,1,0.9423076923,0.3636363636,0.4363636364,0.01818181818,0.0,0.0,0.0,0.0,0.1818181818,0.0
1,1,0.6753246753,0.5,0.3846153846,0.0,0.0,0.0,0.0,0.0,0.1153846154,0.0
1,1,0.9344262295,0.4032258065,0.3709677419,0.0,0.0,0.01612903226,0.0,0.0,0.2096774194,0.0
1,1,0.9038461538,0.3461538462,0.5576923077,0.0,0.0,0.0,0.0,0.0,0.09615384615,0.0
1,1,0.8888888889,0.5205479452,0.4794520548,0.0,0.0,0.0,0.0,0.0,0.0,0.0
1,1,0.9230769231,0.4615384615,0.3692307692,0.0,0.0,0.0,0.0,0.0,0.1692307692,0.0
1,1,0.8932038835,0.3965517241,0.4137931034,0.0,0.0,0.0,0.0,0.0,0.1896551724,0.0
1,1,0.9133858268,0.435483871,0.3870967742,0.0,0.0,0.04838709677,0.0,0.0,0.1290322581,0.0
1,1,0.8976377953,0.453125,0.34375,0.0,0.0,0.0,0.0,0.0,0.203125,0.0
1,1,0.9038461538,0.3188405797,0.3043478261,0.0,0.0,0.1594202899,0.0,0.0,0.1014492754,0.115942029
1,1,0.9142857143,0.3888888889,0.4814814815,0.0,0.01851851852,0.0,0.0,0.0,0.1111111111,0.0
1,1,0.86,0.4259259259,0.4259259259,0.0,0.0,0.03703703704,0.0,0.0,0.09259259259,0.01851851852
1,1,0.8932038835,0.3529411765,0.4509803922,0.0,0.0,0.03921568627,0.0,0.0,0.1568627451,0.0
1,1,0.9047619048,0.406779661,0.4576271186,0.0,0.0,0.0,0.0,0.0,0.1355932203,0.0
1,1,0.9038461538,0.3962264151,0.4339622642,0.0,0.0,0.03773584906,0.0,0.0,0.1320754717,0.0
1,1,0.8905109489,0.4861111111,0.5138888889,0.0,0.0,0.0,0.0,0.0,0.0,0.0
1,1,0.9172932331,0.453125,0.40625,0.0,0.0,0.015625,0.0,0.0,0.09375,0.03125
1,1,0.9230769231,0.3472222222,0.4166666667,0.0,0.0,0.04166666667,0.0,0.0,0.1944444444,0.0
1,1,0.8760330579,0.4126984127,0.5079365079,0.0,0.03174603175,0.01587301587,0.01587301587,0.0,0.0,0.01587301587
1,1,0.9047619048,0.4642857143,0.4285714286,0.0,0.0,0.0,0.0,0.0,0.1071428571,0.0
1,1,0.9038461538,0.4237288136,0.3898305085,0.0,0.0,0.0,0.0,0.0,0.186440678,0.0
1,1,0.9147286822,0.4375,0.40625,0.0,0.0,0.0,0.0,0.0,0.140625,0.015625
1,1,0.9215686275,0.3888888889,0.4074074074,0.01851851852,0.0,0.0,0.0,0.0,0.1851851852,0.0
1,1,0.9142857143,0.3684210526,0.4561403509,0.0,0.0,0.0,0.0,0.0,0.1578947368,0.01754385965
1,1,0.9230769231,0.3466666667,0.4666666667,0.0,0.0,0.0,0.0,0.0,0.1866666667,0.0
1,1,0.8870967742,0.4363636364,0.4363636364,0.0,0.0,0.0,0.0,0.0,0.1272727273,0.0
1,1,0.8760330579,0.406779661,0.406779661,0.0,0.0,0.0,0.0,0.1694915254,0.01694915254,0.0
1,1,0.9545454545,0.3055555556,0.4583333333,0.0,0.0,0.05555555556,0.0,0.0,0.1388888889,0.04166666667
1,1,0.9038461538,0.375,0.4821428571,0.0,0.0,0.0,0.0,0.0,0.1428571429,0.0
1,1,0.9208633094,0.525,0.3125,0.0125,0.0125,0.0,0.0,0.0,0.1375,0.0
1,1,0.8985507246,0.4,0.3263157895,0.0,0.01052631579,0.09473684211,0.0,0.0,0.09473684211,0.07368421053
1,1,0.9126213592,0.3461538462,0.5,0.0,0.0,0.0,0.0,0.0,0.1346153846,0.01923076923
1,1,0.9038461538,0.4406779661,0.406779661,0.0,0.0,0.0,0.0,0.0,0.1525423729,0.0
1,1,0.8709677419,0.4745762712,0.3728813559,0.0,0.01694915254,0.0,0.0,0.0,0.1186440678,0.01694915254
1,1,0.9038461538,0.350877193,0.4035087719,0.0,0.0,0.01754385965,0.01754385965,0.0,0.2105263158,0.0
1,1,0.8932038835,0.306122449,0.4897959184,0.0,0.0,0.0,0.0,0.0,0.2040816327,0.0
1,1,0.8932038835,0.1960784314,0.4705882353,0.0,0.0,0.1764705882,0.0,0.0,0.1568627451,0.0
1,1,0.8805970149,0.5277777778,0.4722222222,0.0,0.0,0.0,0.0,0.0,0.0,0.0
1,1,0.9142857143,0.3684210526,0.4736842105,0.0,0.0,0.0,0.0,0.0,0.1578947368,0.0
1,1,0.8484848485,0.4255319149,0.3829787234,0.0,0.0,0.02127659574,0.0,0.0,0.1489361702,0.02127659574
1,1,0.8932038835,0.3846153846,0.4423076923,0.0,0.0,0.03846153846,0.0,0.0,0.1346153846,0.0
1,1,0.8976377953,0.4098360656,0.3442622951,0.0,0.0,0.03278688525,0.0,0.0,0.1967213115,0.01639344262
1,1,0.88,0.3333333333,0.5555555556,0.0,0.0,0.0,0.0,0.0,0.1111111111,0.0
1,1,0.9051094891,0.4520547945,0.3424657534,0.0,0.0,0.0,0.0,0.0,0.2054794521,0.0
1,1,0.8932038835,0.4310344828,0.3965517241,0.0,0.0,0.0,0.0,0.0,0.1724137931,0.0
1,1,0.9230769231,0.323943662,0.4788732394,0.0,0.0,0.0,0.0,0.0,0.1971830986,0.0
1,1,0.9142857143,0.3571428571,0.4642857143,0.0,0.0,0.03571428571,0.0,0.0,0.125,0.01785714286
1,1,0.8712871287,0.3541666667,0.4375,0.0,0.0,0.02083333333,0.0,0.0,0.1875,0.0
1,1,0.8702290076,0.4285714286,0.5714285714,0.0,0.0,0.0,0.0,0.0,0.0,0.0
1,1,0.9147286822,0.347826087,0.4637681159,0.0,0.0,0.0,0.0,0.0,0.1884057971,0.0
1,1,0.932038835,0.375,0.4107142857,0.01785714286,0.0,0.0,0.0,0.0,0.1964285714,0.0
1,1,0.9147286822,0.4393939394,0.3787878788,0.0,0.01515151515,0.0,0.0,0.0,0.1666666667,0.0
1,1,0.8910891089,0.2957746479,0.3943661972,0.0,0.0,0.1267605634,0.0,0.0,0.1126760563,0.07042253521
1,1,0.9333333333,0.3833333333,0.4666666667,0.0,0.0,0.0,0.0,0.0,0.1333333333,0.01666666667
1,1,0.9245283019,0.3272727273,0.5272727273,0.0,0.0,0.01818181818,0.0,0.0,0.1272727273,0.0
1,1,0.9019607843,0.3333333333,0.4074074074,0.0,0.0,0.03703703704,0.0,0.0,0.2037037037,0.01851851852
1,1,0.8932038835,0.4035087719,0.4035087719,0.0,0.0,0.0,0.0,0.0,0.1929824561,0.0
1,1,0.8910891089,0.3333333333,0.5098039216,0.0,0.0,0.01960784314,0.0,0.0,0.137254902,0.0
1,1,0.8739495798,0.3684210526,0.4561403509,0.0,0.0,0.0,0.0,0.0,0.1754385965,0.0
1,1,0.8615384615,0.4769230769,0.5230769231,0.0,0.0,0.0,0.0,0.0,0.0,0.0
1,1,0.9345794393,0.3384615385,0.4923076923,0.0,0.0,0.0,0.0,0.0,0.1692307692,0.0
1,1,0.896,0.3636363636,0.3787878788,0.0,0.0,0.04545454545,0.0,0.0,0.1666666667,0.04545454545
1,1,0.9230769231,0.4153846154,0.4,0.0,0.0,0.04615384615,0.0,0.0,0.1384615385,0.0
1,1,0.8932038835,0.3150684932,0.3835616438,0.0,0.0,0.1232876712,0.0,0.0,0.1095890411,0.06849315068
1,1,0.7142857143,0.3125,0.5,0.0,0.0,0.0,0.0,0.0,0.15625,0.03125
1,1,0.8888888889,0.4166666667,0.4666666667,0.0,0.0,0.01666666667,0.0,0.0,0.08333333333,0.01666666667
1,1,0.9245283019,0.4,0.4909090909,0.0,0.0,0.0,0.0,0.0,0.1090909091,0.0
1,1,0.8932038835,0.3888888889,0.4444444444,0.0,0.0,0.0,0.0,0.0,0.1666666667,0.0
1,1,0.9444444444,0.328358209,0.4925373134,0.0,0.0,0.0,0.0,0.0,0.1791044776,0.0
1,1,0.9038461538,0.3833333333,0.4,0.0,0.0,0.0,0.0,0.0,0.2166666667,0.0
1,1,0.9090909091,0.4714285714,0.4,0.05714285714,0.02857142857,0.01428571429,0.0,0.0,0.02857142857,0.0
1,1,0.8461538462,0.5079365079,0.4920634921,0.0,0.0,0.0,0.0,0.0,0.0,0.0
1,1,0.8686868687,0.3265306122,0.4489795918,0.0,0.0,0.02040816327,0.02040816327,0.0,0.1836734694,0.0
1,1,0.9038461538,0.3709677419,0.4516129032,0.0,0.0,0.0,0.0,0.0,0.1612903226,0.01612903226
1,1,0.9636363636,0.2777777778,0.4,0.0,0.02222222222,0.1666666667,0.0,0.0,0.03333333333,0.1
1,1,0.8932038835,0.3898305085,0.406779661,0.0,0.0,0.0,0.0,0.0,0.2033898305,0.0
1,1,0.8932038835,0.3818181818,0.4545454545,0.0,0.0,0.01818181818,0.0,0.0,0.1272727273,0.01818181818
1,1,0.8823529412,0.4107142857,0.4107142857,0.0,0.0,0.0,0.0,0.0,0.1785714286,0.0
1,1,0.9142857143,0.4074074074,0.462962963,0.0,0.01851851852,0.0,0.0,0.0,0.1111111111,0.0
1,1,0.9481481481,0.3484848485,0.5454545455,0.0,0.0,0.0,0.0,0.0,0.1060606061,0.0
1,1,0.9038461538,0.3137254902,0.5490196078,0.0,0.0,0.01960784314,0.0,0.0,0.1176470588,0.0
1,1,0.8932038835,0.4181818182,0.4,0.0,0.0,0.01818181818,0.01818181818,0.0,0.1454545455,0.0
1,1,0.8787878788,0.4761904762,0.4603174603,0.0,0.0,0.0,0.0,0.04761904762,0.01587301587,0.0
1,1,0.8910891089,0.347826087,0.5,0.0,0.0,0.04347826087,0.0,0.0,0.1086956522,0.0
1,1,0.8712871287,0.3928571429,0.375,0.0,0.0,0.0,0.0,0.0,0.2321428571,0.0
1,1,0.9345794393,0.2909090909,0.5818181818,0.0,0.0,0.0,0.0,0.0,0.1272727273,0.0
1,1,0.9142857143,0.3055555556,0.3194444444,0.0,0.0,0.1527777778,0.0,0.0,0.1111111111,0.1111111111
1,1,0.9038461538,0.3725490196,0.4509803922,0.0,0.0,0.03921568627,0.0,0.0,0.137254902,0.0
1,1,0.9038461538,0.38,0.44,0.0,0.0,0.04,0.0,0.0,0.14,0.0
1,1,0.86,0.4259259259,0.4074074074,0.0,0.0,0.0,0.0,0.0,0.1666666667,0.0
1,1,0.9245283019,0.3962264151,0.4339622642,0.0,0.0,0.03773584906,0.0,0.0,0.1320754717,0.0
1,1,0.8932038835,0.3773584906,0.5849056604,0.0,0.0,0.01886792453,0.0,0.0,0.0,0.01886792453
1,1,0.8712871287,0.3409090909,0.5454545455,0.0,0.0,0.0,0.0,0.0,0.1136363636,0.0
1,1,0.8805970149,0.4117647059,0.4117647059,0.0,0.0,0.0,0.0,0.1617647059,0.01470588235,0.0
1,1,0.8932038835,0.3833333333,0.35,0.0,0.0,0.01666666667,0.0,0.0,0.2166666667,0.03333333333
1,1,0.9444444444,0.3518518519,0.5185185185,0.0,0.0,0.01851851852,0.01851851852,0.0,0.07407407407,0.01851851852
1,1,0.9444444444,0.3518518519,0.5185185185,0.0,0.0,0.01851851852,0.01851851852,0.0,0.07407407407,0.01851851852
1,1,0.8712871287,0.358490566,0.5283018868,0.0,0.03773584906,0.0,0.0,0.0,0.05660377358,0.01886792453
1,1,0.9038461538,0.2666666667,0.4133333333,0.0,0.0,0.1466666667,0.0,0.0,0.09333333333,0.08
1,1,0.8484848485,0.3617021277,0.4255319149,0.0,0.0,0.0,0.0,0.0,0.2127659574,0.0
1,1,0.9019607843,0.3150684932,0.3835616438,0.0,0.0,0.1232876712,0.0,0.0,0.1095890411,0.06849315068
1,1,0.9038461538,0.3214285714,0.4464285714,0.0,0.0,0.05357142857,0.0,0.0,0.1428571429,0.03571428571
1,1,0.9142857143,0.3055555556,0.3333333333,0.0,0.0,0.1666666667,0.0,0.0,0.08333333333,0.1111111111
1,1,0.86,0.36,0.46,0.0,0.0,0.02,0.0,0.0,0.16,0.0
1,1,0.8721804511,0.4852941176,0.5147058824,0.0,0.0,0.0,0.0,0.0,0.0,0.0
1,1,0.9142857143,0.3965517241,0.4482758621,0.0,0.0,0.0,0.0,0.0,0.1551724138,0.0
1,1,0.9142857143,0.3833333333,0.4166666667,0.0,0.0,0.0,0.0,0.0,0.2,0.0
1,1,0.8823529412,0.3018867925,0.4528301887,0.0,0.0,0.05660377358,0.0,0.0,0.1509433962,0.03773584906
1,1,0.9345794393,0.1964285714,0.5714285714,0.0,0.0,0.05357142857,0.0,0.0,0.125,0.05357142857
1,1,0.954954955,0.3666666667,0.4833333333,0.01666666667,0.0,0.0,0.0,0.0,0.1333333333,0.0
1,1,0.8712871287,0.4590163934,0.4098360656,0.0,0.0,0.03278688525,0.0,0.0,0.08196721311,0.01639344262
1,1,0.8823529412,0.4107142857,0.5535714286,0.0,0.0,0.01785714286,0.0,0.0,0.0,0.01785714286
1,1,0.8955223881,0.3666666667,0.3888888889,0.0,0.0,0.1222222222,0.0,0.0,0.04444444444,0.07777777778
1,1,0.9312977099,0.4307692308,0.3384615385,0.0,0.0,0.03076923077,0.01538461538,0.0,0.1538461538,0.03076923077
1,1,0.9038461538,0.375,0.4642857143,0.0,0.0,0.05357142857,0.0,0.0,0.08928571429,0.01785714286
1,1,0.9037037037,0.4929577465,0.5070422535,0.0,0.0,0.0,0.0,0.0,0.0,0.0
1,1,0.9481481481,0.2816901408,0.4507042254,0.0,0.0,0.08450704225,0.0,0.0,0.1126760563,0.07042253521
1,1,0.8932038835,0.3269230769,0.4423076923,0.0,0.0,0.0,0.0,0.0,0.2307692308,0.0
1,1,0.9038461538,0.4035087719,0.4385964912,0.0,0.0,0.0,0.0,0.0,0.1578947368,0.0
1,1,0.8932038835,0.3728813559,0.5423728814,0.0,0.0,0.0,0.0,0.0,0.08474576271,0.0
1,1,0.9444444444,0.3181818182,0.5,0.0,0.0,0.0,0.0,0.0,0.1818181818,0.0
1,1,0.9411764706,0.3,0.4,0.0,0.0,0.1,0.0,0.0,0.1333333333,0.06666666667
1,1,0.9423076923,0.3770491803,0.4262295082,0.0,0.0,0.0,0.0,0.0,0.1967213115,0.0
1,1,0.9312977099,0.4,0.4666666667,0.0,0.0,0.0,0.0,0.0,0.1333333333,0.0
1,1,0.9514563107,0.3770491803,0.4426229508,0.0,0.0,0.0,0.0,0.0,0.1803278689,0.0
1,1,0.9126213592,0.3725490196,0.4509803922,0.0,0.0,0.03921568627,0.0,0.0,0.137254902,0.0
1,1,0.8852459016,0.3928571429,0.2857142857,0.0,0.0,0.01785714286,0.0,0.2678571429,0.03571428571,0.0
1,1,0.9215686275,0.2745098039,0.431372549,0.0,0.0,0.0,0.0,0.0,0.2745098039,0.01960784314
1,1,0.8712871287,0.3529411765,0.4705882353,0.0,0.0,0.01960784314,0.0,0.0,0.1568627451,0.0
1,1,0.9245283019,0.3571428571,0.4,0.0,0.0,0.08571428571,0.0,0.0,0.07142857143,0.08571428571
1,1,0.9503546099,0.5,0.375,0.0,0.0,0.01388888889,0.0,0.0,0.1111111111,0.0
1,1,0.9523809524,0.3333333333,0.45,0.0,0.0,0.0,0.0,0.0,0.2166666667,0.0
1,1,0.8823529412,0.3684210526,0.350877193,0.0,0.0,0.01754385965,0.0,0.0,0.2280701754,0.0350877193
1,1,0.932038835,0.358490566,0.4339622642,0.0,0.0,0.0,0.0,0.0,0.2075471698,0.0
1,1,0.9622641509,0.3275862069,0.4655172414,0.0,0.01724137931,0.0,0.0,0.0,0.1896551724,0.0
1,1,0.9423076923,0.3387096774,0.4193548387,0.0,0.0,0.0,0.0,0.0,0.2419354839,0.0
1,1,0.9245283019,0.3653846154,0.5,0.0,0.0,0.01923076923,0.01923076923,0.0,0.07692307692,0.01923076923
1,1,0.8888888889,0.5285714286,0.4714285714,0.0,0.0,0.0,0.0,0.0,0.0,0.0
1,1,0.9433962264,0.3666666667,0.4333333333,0.0,0.0,0.0,0.01666666667,0.0,0.1833333333,0.0
1,1,0.9344262295,0.4411764706,0.3382352941,0.0,0.0,0.0,0.0,0.0,0.2205882353,0.0
1,1,0.8712871287,0.3921568627,0.4509803922,0.0,0.0,0.03921568627,0.0,0.0,0.09803921569,0.01960784314
1,1,0.9245283019,0.3384615385,0.4769230769,0.0,0.0,0.0,0.0,0.0,0.1846153846,0.0
1,1,0.9423076923,0.375,0.4642857143,0.0,0.01785714286,0.0,0.0,0.0,0.1428571429,0.0
1,1,0.9345794393,0.3432835821,0.4776119403,0.0,0.0,0.0,0.0,0.0,0.1791044776,0.0
1,1,0.9811320755,0.2333333333,0.6333333333,0.0,0.0,0.0,0.0,0.0,0.1333333333,0.0
1,1,0.9622641509,0.3389830508,0.4915254237,0.0,0.01694915254,0.0,0.0,0.0,0.1525423729,0.0
1,1,0.9423076923,0.3387096774,0.4193548387,0.0,0.0,0.0,0.0,0.0,0.2419354839,0.0
1,1,0.8932038835,0.3265306122,0.4489795918,0.0,0.0,0.04081632653,0.0,0.0,0.1836734694,0.0
1,1,0.8721804511,0.4393939394,0.4242424242,0.0,0.0,0.0,0.0,0.1212121212,0.01515151515,0.0
1,1,0.9038461538,0.3538461538,0.4461538462,0.0,0.0,0.01538461538,0.0,0.0,0.1538461538,0.03076923077
1,1,0.8823529412,0.3018867925,0.4528301887,0.0,0.0,0.05660377358,0.0,0.0,0.1509433962,0.03773584906
1,1,0.9142857143,0.3275862069,0.4482758621,0.0,0.0,0.05172413793,0.0,0.0,0.1379310345,0.03448275862
1,1,0.8932038835,0.2962962963,0.462962963,0.0,0.0,0.05555555556,0.0,0.0,0.1481481481,0.03703703704
1,1,0.9333333333,0.4,0.4181818182,0.01818181818,0.0,0.0,0.0,0.0,0.1636363636,0.0
1,1,0.932038835,0.4098360656,0.3770491803,0.0,0.0,0.0,0.0,0.0,0.2131147541,0.0
1,1,0.9245283019,0.3448275862,0.4655172414,0.0,0.0,0.0,0.01724137931,0.0,0.1724137931,0.0
1,1,0.9423076923,0.3214285714,0.5178571429,0.0,0.0,0.0,0.0,0.0,0.1607142857,0.0
1,1,0.9345794393,0.2948717949,0.4102564103,0.0,0.0,0.1025641026,0.0,0.0,0.1153846154,0.07692307692
1,1,0.9523809524,0.359375,0.40625,0.0,0.0,0.0,0.0,0.0,0.234375,0.0
1,1,0.8870967742,0.421875,0.578125,0.0,0.0,0.0,0.0,0.0,0.0,0.0
1,1,0.9423076923,0.3709677419,0.3870967742,0.0,0.0,0.0,0.0,0.0,0.2419354839,0.0
1,1,0.9444444444,0.3484848485,0.3787878788,0.0,0.0,0.1363636364,0.0,0.01515151515,0.1060606061,0.01515151515
1,1,0.9245283019,0.3220338983,0.406779661,0.01694915254,0.0,0.06779661017,0.0,0.01694915254,0.1355932203,0.03389830508
1,1,0.8631578947,0.3269230769,0.3076923077,0.01923076923,0.0,0.1730769231,0.0,0.03846153846,0.1153846154,0.01923076923
1,1,0.9411764706,0.1830985915,0.4929577465,0.01408450704,0.0,0.04225352113,0.0,0.0,0.1267605634,0.1408450704
1,1,0.8823529412,0.358490566,0.4150943396,0.01886792453,0.0,0.03773584906,0.0,0.01886792453,0.1132075472,0.03773584906
1,1,0.9514563107,0.2881355932,0.3728813559,0.01694915254,0.0,0.05084745763,0.0,0.03389830508,0.2203389831,0.01694915254
1,1,0.9514563107,0.2857142857,0.4642857143,0.03571428571,0.0,0.05357142857,0.0,0.01785714286,0.1428571429,0.0
1,1,0.9411764706,0.3770491803,0.3770491803,0.0,0.0,0.04918032787,0.0,0.01639344262,0.08196721311,0.09836065574
1,1,0.9345794393,0.3114754098,0.3442622951,0.01639344262,0.0,0.04918032787,0.0,0.03278688525,0.2295081967,0.01639344262
1,1,0.9361702128,0.5342465753,0.2739726027,0.0,0.0,0.1506849315,0.0,0.0,0.04109589041,0.0
1,1,0.8823529412,0.3050847458,0.4406779661,0.01694915254,0.0,0.05084745763,0.0,0.0,0.1694915254,0.01694915254
1,1,0.9038461538,0.275862069,0.3620689655,0.01724137931,0.0,0.05172413793,0.0,0.05172413793,0.224137931,0.01724137931
1,1,0.9444444444,0.3384615385,0.3846153846,0.0,0.0,0.1230769231,0.0,0.01538461538,0.1230769231,0.01538461538
1,1,0.9444444444,0.3529411765,0.3529411765,0.0,0.0,0.07352941176,0.0,0.01470588235,0.05882352941,0.1470588235
1,1,0.8932038835,0.4193548387,0.3064516129,0.0,0.0,0.03225806452,0.0,0.03225806452,0.08064516129,0.1290322581
1,1,0.9433962264,0.3582089552,0.3432835821,0.0,0.0,0.08955223881,0.0,0.01492537313,0.08955223881,0.1044776119
1,1,0.8712871287,0.4375,0.390625,0.0,0.015625,0.03125,0.0,0.015625,0.109375,0.0
1,1,0.86,0.3148148148,0.4444444444,0.0,0.0,0.03703703704,0.0,0.01851851852,0.1296296296,0.05555555556
1,1,0.9038461538,0.435483871,0.2903225806,0.0,0.0,0.04838709677,0.0,0.03225806452,0.08064516129,0.1129032258
1,1,0.86,0.3396226415,0.3773584906,0.01886792453,0.0,0.03773584906,0.0,0.0,0.1886792453,0.03773584906
1,1,0.9022556391,0.4657534247,0.4246575342,0.02739726027,0.01369863014,0.01369863014,0.0,0.0,0.05479452055,0.0
1,1,0.8549618321,0.5074626866,0.4925373134,0.0,0.0,0.0,0.0,0.0,0.0,0.0
1,1,0.8970588235,0.4230769231,0.2564102564,0.0,0.02564102564,0.1282051282,0.0,0.01282051282,0.03846153846,0.1153846154
1,1,0.86,0.35,0.4833333333,0.0,0.0,0.01666666667,0.0,0.01666666667,0.1166666667,0.01666666667
1,1,0.9245283019,0.3428571429,0.3571428571,0.0,0.0,0.1,0.0,0.01428571429,0.08571428571,0.1
1,1,0.9345794393,0.1403508772,0.4210526316,0.01754385965,0.0,0.2280701754,0.0,0.01754385965,0.1754385965,0.0
1,1,0.932038835,0.2909090909,0.3636363636,0.0,0.0,0.1454545455,0.0,0.01818181818,0.1636363636,0.01818181818
1,1,0.8712871287,0.3492063492,0.4603174603,0.0,0.01587301587,0.01587301587,0.0,0.01587301587,0.126984127,0.01587301587
1,1,0.932038835,0.3571428571,0.25,0.0,0.0,0.2678571429,0.0,0.0,0.125,0.0
1,1,0.8367346939,0.3673469388,0.4285714286,0.0,0.0,0.0612244898,0.0,0.0,0.1428571429,0.0
1,1,0.9142857143,0.3064516129,0.5161290323,0.01612903226,0.0,0.03225806452,0.0,0.01612903226,0.09677419355,0.01612903226
1,1,0.9245283019,0.3188405797,0.4782608696,0.01449275362,0.0,0.04347826087,0.0,0.01449275362,0.115942029,0.01449275362
1,1,0.7457627119,0.4897959184,0.5102040816,0.0,0.0,0.0,0.0,0.0,0.0,0.0
1,1,0.8453608247,0.3921568627,0.3137254902,0.01960784314,0.0,0.03921568627,0.0,0.03921568627,0.07843137255,0.1176470588
1,1,0.8823529412,0.3703703704,0.2222222222,0.0,0.0,0.2407407407,0.0,0.03703703704,0.09259259259,0.03703703704
1,1,0.8932038835,0.3859649123,0.3157894737,0.01754385965,0.0,0.1052631579,0.0,0.05263157895,0.1052631579,0.01754385965
1,1,0.8367346939,0.4107142857,0.4107142857,0.0,0.01785714286,0.03571428571,0.0,0.01785714286,0.1071428571,0.0
1,1,0.9245283019,0.3333333333,0.35,0.01666666667,0.0,0.05,0.0,0.03333333333,0.2,0.01666666667
1,1,0.8932038835,0.3050847458,0.4745762712,0.01694915254,0.0,0.03389830508,0.0,0.0,0.1525423729,0.01694915254
1,1,0.9345794393,0.196969697,0.4242424242,0.01515151515,0.0,0.1212121212,0.0,0.01515151515,0.1060606061,0.1212121212
1,1,0.8932038835,0.3333333333,0.4259259259,0.01851851852,0.0,0.07407407407,0.0,0.0,0.1481481481,0.0
1,1,0.8823529412,0.393442623,0.3114754098,0.01639344262,0.0,0.03278688525,0.0,0.03278688525,0.08196721311,0.131147541
1,1,0.8453608247,0.3953488372,0.2325581395,0.0,0.0,0.2325581395,0.0,0.02325581395,0.06976744186,0.04651162791
1,1,0.868852459,0.5303030303,0.4696969697,0.0,0.0,0.0,0.0,0.0,0.0,0.0
1,1,0.8932038835,0.2962962963,0.3518518519,0.01851851852,0.0,0.05555555556,0.0,0.05555555556,0.2037037037,0.01851851852
1,1,0.9019607843,0.3396226415,0.3773584906,0.01886792453,0.0,0.1132075472,0.0,0.01886792453,0.09433962264,0.03773584906
1,1,0.824742268,0.387755102,0.2448979592,0.0,0.0,0.2244897959,0.0,0.02040816327,0.1020408163,0.02040816327
1,1,0.9038461538,0.350877193,0.2631578947,0.0,0.0,0.2105263158,0.0,0.05263157895,0.1052631579,0.01754385965
1,1,0.8932038835,0.3673469388,0.2653061224,0.0,0.0,0.2244897959,0.0,0.04081632653,0.08163265306,0.02040816327
1,1,0.8932038835,0.4642857143,0.2857142857,0.0,0.0,0.1071428571,0.0,0.03571428571,0.08928571429,0.01785714286
1,1,0.8823529412,0.3962264151,0.3773584906,0.0,0.0,0.05660377358,0.0,0.0,0.1320754717,0.03773584906
1,1,0.9245283019,0.1428571429,0.4107142857,0.01785714286,0.0,0.2321428571,0.0,0.01785714286,0.1785714286,0.0
1,1,0.8712871287,0.3962264151,0.2452830189,0.0,0.0,0.2075471698,0.0,0.0,0.1509433962,0.0
1,1,0.8823529412,0.32,0.52,0.02,0.0,0.0,0.0,0.04,0.08,0.02
1,1,0.9051094891,0.5135135135,0.4864864865,0.0,0.0,0.0,0.0,0.0,0.0,0.0
1,1,0.8932038835,0.2909090909,0.4363636364,0.05454545455,0.0,0.05454545455,0.0,0.0,0.1454545455,0.01818181818
1,1,0.9245283019,0.3333333333,0.2280701754,0.0,0.0,0.2807017544,0.0,0.05263157895,0.08771929825,0.01754385965
1,1,0.8823529412,0.3833333333,0.3166666667,0.01666666667,0.0,0.05,0.0,0.03333333333,0.08333333333,0.1166666667
1,1,0.9142857143,0.3272727273,0.4181818182,0.01818181818,0.0,0.05454545455,0.0,0.01818181818,0.1454545455,0.01818181818
1,1,0.8484848485,0.3921568627,0.431372549,0.0,0.0,0.03921568627,0.0,0.03921568627,0.07843137255,0.01960784314
1,1,0.8367346939,0.3541666667,0.4375,0.0,0.0,0.0625,0.0,0.0,0.1458333333,0.0
1,1,0.8712871287,0.2916666667,0.4583333333,0.02083333333,0.0,0.0625,0.0,0.02083333333,0.125,0.02083333333
1,1,0.8484848485,0.3529411765,0.4117647059,0.0,0.0,0.05882352941,0.0,0.01960784314,0.137254902,0.01960784314
1,1,0.8823529412,0.3269230769,0.3846153846,0.0,0.0,0.09615384615,0.0,0.01923076923,0.1346153846,0.03846153846
1,1,0.86,0.3571428571,0.4107142857,0.01785714286,0.0,0.05357142857,0.0,0.0,0.1607142857,0.0
1,1,0.8636363636,0.4925373134,0.3731343284,0.0,0.0,0.0,0.0,0.1194029851,0.01492537313,0.0
1,1,0.88,0.3333333333,0.4814814815,0.03703703704,0.0,0.03703703704,0.0,0.0,0.1111111111,0.0
1,1,0.86,0.3518518519,0.4074074074,0.0,0.0,0.05555555556,0.0,0.0,0.1666666667,0.01851851852
1,1,0.8888888889,0.5,0.369047619,0.0,0.0119047619,0.02380952381,0.0,0.0,0.08333333333,0.0119047619
1,1,0.8823529412,0.3396226415,0.320754717,0.01886792453,0.0,0.05660377358,0.0,0.03773584906,0.2075471698,0.01886792453
1,1,0.8712871287,0.2307692308,0.4615384615,0.01538461538,0.0,0.04615384615,0.0,0.0,0.09230769231,0.1538461538
1,1,0.8709677419,0.3382352941,0.4705882353,0.04411764706,0.0,0.01470588235,0.0,0.01470588235,0.1029411765,0.01470588235
1,1,0.9345794393,0.3620689655,0.275862069,0.0,0.0,0.2068965517,0.0,0.01724137931,0.1379310345,0.0
1,1,0.8932038835,0.3333333333,0.3888888889,0.01851851852,0.0,0.05555555556,0.0,0.01851851852,0.1666666667,0.01851851852
1,1,0.9142857143,0.4262295082,0.262295082,0.0,0.0,0.1475409836,0.0,0.03278688525,0.1147540984,0.01639344262
1,1,0.8712871287,0.350877193,0.3684210526,0.0,0.0,0.05263157895,0.0,0.01754385965,0.1052631579,0.1052631579
1,1,0.8666666667,0.4035087719,0.5964912281,0.0,0.0,0.0,0.0,0.0,0.0,0.0
1,1,0.9038461538,0.298245614,0.4561403509,0.05263157895,0.0,0.0350877193,0.0,0.0,0.1403508772,0.01754385965
1,1,0.8367346939,0.4,0.34,0.02,0.0,0.04,0.0,0.04,0.08,0.08
1,1,0.9019607843,0.3928571429,0.2678571429,0.0,0.0,0.1964285714,0.0,0.0,0.1428571429,0.0
1,1,0.8970588235,0.4342105263,0.3552631579,0.0,0.0,0.02631578947,0.0,0.01315789474,0.1447368421,0.02631578947
1,1,0.8367346939,0.3269230769,0.3846153846,0.0,0.01923076923,0.07692307692,0.0,0.01923076923,0.1730769231,0.0
1,1,0.8823529412,0.3442622951,0.3606557377,0.0,0.0,0.08196721311,0.0,0.03278688525,0.09836065574,0.08196721311
1,1,0.8712871287,0.4339622642,0.3018867925,0.0,0.0,0.1132075472,0.0,0.05660377358,0.07547169811,0.01886792453
1,1,0.9197080292,0.4927536232,0.3768115942,0.0,0.0,0.05797101449,0.0,0.0,0.05797101449,0.01449275362
1,1,0.8367346939,0.3863636364,0.4772727273,0.0,0.0,0.0,0.0,0.04545454545,0.06818181818,0.02272727273
1,1,0.8823529412,0.48,0.2933333333,0.0,0.0,0.1066666667,0.0,0.0,0.12,0.0
1,1,0.8970588235,0.5362318841,0.4637681159,0.0,0.0,0.0,0.0,0.0,0.0,0.0
1,1,0.8823529412,0.3518518519,0.4259259259,0.01851851852,0.0,0.07407407407,0.0,0.0,0.1296296296,0.0
1,1,0.8712871287,0.3684210526,0.3333333333,0.01754385965,0.0,0.05263157895,0.0,0.0350877193,0.08771929825,0.1052631579
1,1,0.8932038835,0.3833333333,0.2833333333,0.01666666667,0.0,0.1333333333,0.0,0.05,0.1166666667,0.01666666667
1,1,0.8712871287,0.4117647059,0.3725490196,0.0,0.0,0.05882352941,0.0,0.01960784314,0.07843137255,0.05882352941
1,1,0.9142857143,0.1607142857,0.4107142857,0.01785714286,0.0,0.2142857143,0.0,0.01785714286,0.1785714286,0.0
1,1,0.8932038835,0.35,0.3666666667,0.0,0.0,0.05,0.0,0.01666666667,0.1166666667,0.1
1,1,0.86,0.3454545455,0.3090909091,0.01818181818,0.01818181818,0.1454545455,0.0,0.01818181818,0.05454545455,0.09090909091
1,1,0.8712871287,0.3333333333,0.462962963,0.03703703704,0.0,0.03703703704,0.0,0.0,0.1111111111,0.01851851852
1,1,0.86,0.3846153846,0.2884615385,0.01923076923,0.0,0.1346153846,0.0,0.05769230769,0.09615384615,0.01923076923
1,1,0.9038461538,0.1911764706,0.5,0.01470588235,0.0,0.04411764706,0.0,0.0,0.1029411765,0.1470588235
1,1,0.8372093023,0.4545454545,0.5454545455,0.0,0.0,0.0,0.0,0.0,0.0,0.0
1,1,0.8712871287,0.3653846154,0.2692307692,0.0,0.0,0.1538461538,0.0,0.03846153846,0.1538461538,0.01923076923
1,1,0.8955223881,0.3888888889,0.3888888889,0.01388888889,0.0,0.04166666667,0.0,0.0,0.1527777778,0.01388888889
1,1,0.8823529412,0.3454545455,0.4727272727,0.03636363636,0.0,0.03636363636,0.0,0.0,0.1090909091,0.0
1,1,0.8712871287,0.3725490196,0.3137254902,0.0,0.0,0.1960784314,0.0,0.0,0.1176470588,0.0
1,1,0.8823529412,0.3888888889,0.3888888889,0.01851851852,0.0,0.07407407407,0.0,0.0,0.1296296296,0.0
1,1,0.9142857143,0.1896551724,0.3965517241,0.01724137931,0.0,0.2068965517,0.0,0.01724137931,0.1724137931,0.0
1,1,0.8712871287,0.3333333333,0.350877193,0.0,0.0,0.05263157895,0.0,0.05263157895,0.1052631579,0.1052631579
1,1,0.8932038835,0.3454545455,0.3636363636,0.01818181818,0.0,0.09090909091,0.0,0.01818181818,0.1272727273,0.03636363636
1,1,0.8461538462,0.5633802817,0.3098591549,0.0,0.01408450704,0.0,0.0,0.02816901408,0.07042253521,0.01408450704
1,1,0.9541284404,0.2,0.4153846154,0.01538461538,0.0,0.1384615385,0.0,0.01538461538,0.09230769231,0.1230769231
1,1,0.9285714286,0.4857142857,0.2857142857,0.0,0.0,0.1857142857,0.0,0.0,0.04285714286,0.0
1,1,0.824742268,0.3541666667,0.4375,0.0,0.0,0.08333333333,0.0,0.0,0.125,0.0
1,1,0.8823529412,0.3076923077,0.3653846154,0.01923076923,0.0,0.05769230769,0.0,0.05769230769,0.1923076923,0.0
1,1,0.824742268,0.4081632653,0.2244897959,0.0,0.0,0.2244897959,0.0,0.02040816327,0.1020408163,0.02040816327
1,1,0.8484848485,0.3888888889,0.3888888889,0.01851851852,0.0,0.05555555556,0.0,0.0,0.1481481481,0.0
1,1,0.8823529412,0.4210526316,0.3333333333,0.0,0.0,0.1403508772,0.0,0.01754385965,0.0701754386,0.01754385965
1,1,0.8932038835,0.3157894737,0.4736842105,0.0350877193,0.0,0.0350877193,0.0,0.0,0.1403508772,0.0
1,1,0.8932038835,0.253968254,0.3333333333,0.0,0.01587301587,0.1904761905,0.0,0.01587301587,0.06349206349,0.126984127
1,1,0.8484848485,0.4237288136,0.2711864407,0.0,0.0,0.1186440678,0.0,0.0,0.1016949153,0.08474576271
1,1,0.9333333333,0.2028985507,0.5217391304,0.01449275362,0.0,0.04347826087,0.0,0.0,0.07246376812,0.1449275362
1,1,0.824742268,0.4186046512,0.4418604651,0.0,0.0,0.0,0.0,0.04651162791,0.06976744186,0.02325581395
1,1,0.9051094891,0.5342465753,0.4657534247,0.0,0.0,0.0,0.0,0.0,0.0,0.0
1,1,0.8712871287,0.3469387755,0.2448979592,0.0,0.0,0.2857142857,0.0,0.0,0.1224489796,0.0
1,1,0.88,0.1904761905,0.4920634921,0.01587301587,0.0,0.04761904762,0.0,0.0,0.1111111111,0.1428571429
1,1,0.86,0.375,0.3214285714,0.01785714286,0.0,0.05357142857,0.0,0.03571428571,0.08928571429,0.1071428571
1,1,0.8888888889,0.4328358209,0.3582089552,0.0,0.0,0.08955223881,0.0,0.01492537313,0.07462686567,0.02985074627
1,1,0.8571428571,0.3620689655,0.3275862069,0.0,0.0,0.1206896552,0.0,0.0,0.1206896552,0.06896551724
1,1,0.8932038835,0.3965517241,0.3103448276,0.01724137931,0.0,0.1206896552,0.0,0.03448275862,0.1034482759,0.01724137931
1,1,0.9142857143,0.1403508772,0.3684210526,0.01754385965,0.0,0.2807017544,0.0,0.01754385965,0.1754385965,0.0
1,1,0.8367346939,0.3793103448,0.4310344828,0.0,0.01724137931,0.03448275862,0.0,0.01724137931,0.1034482759,0.01724137931
1,1,0.9038461538,0.3157894737,0.4035087719,0.0,0.0,0.1403508772,0.0,0.01754385965,0.1052631579,0.01754385965
1,1,0.9126213592,0.3571428571,0.375,0.03571428571,0.0,0.07142857143,0.0,0.01785714286,0.125,0.01785714286
1,1,0.9172932331,0.2359550562,0.4831460674,0.1123595506,0.01123595506,0.0,0.0,0.0,0.05617977528,0.1011235955
1,1,0.8461538462,0.4603174603,0.5396825397,0.0,0.0,0.0,0.0,0.0,0.0,0.0
1,1,0.8712871287,0.3606557377,0.4426229508,0.0,0.01639344262,0.04918032787,0.0,0.01639344262,0.1147540984,0.0
1,1,0.9038461538,0.350877193,0.3684210526,0.01754385965,0.0,0.05263157895,0.0,0.01754385965,0.1754385965,0.01754385965
1,1,0.8823529412,0.3396226415,0.3396226415,0.01886792453,0.0,0.05660377358,0.0,0.03773584906,0.1886792453,0.01886792453
1,1,0.8823529412,0.4032258065,0.2903225806,0.0,0.0,0.1129032258,0.0,0.03225806452,0.1129032258,0.04838709677
1,1,0.8367346939,0.4909090909,0.2727272727,0.0,0.0,0.07272727273,0.0,0.0,0.1090909091,0.05454545455
1,1,0.8932038835,0.3333333333,0.3518518519,0.01851851852,0.0,0.05555555556,0.0,0.03703703704,0.1851851852,0.01851851852
1,1,0.9038461538,0.359375,0.34375,0.0,0.0,0.078125,0.0,0.015625,0.078125,0.125
1,1,0.9038461538,0.3090909091,0.4181818182,0.01818181818,0.0,0.05454545455,0.0,0.01818181818,0.1272727273,0.05454545455
1,1,0.9541284404,0.15,0.45,0.03333333333,0.0,0.2,0.0,0.01666666667,0.15,0.0
1,1,0.8932038835,0.3770491803,0.3442622951,0.0,0.0,0.08196721311,0.0,0.01639344262,0.06557377049,0.1147540984
1,1,0.8372093023,0.46875,0.53125,0.0,0.0,0.0,0.0,0.0,0.0,0.0
1,1,0.8943089431,0.3714285714,0.4142857143,0.02857142857,0.0,0.02857142857,0.0,0.01428571429,0.1142857143,0.02857142857
1,1,0.8712871287,0.3888888889,0.4074074074,0.01851851852,0.0,0.03703703704,0.0,0.01851851852,0.09259259259,0.03703703704
1,1,0.8484848485,0.3846153846,0.4423076923,0.0,0.0,0.03846153846,0.0,0.0,0.1346153846,0.0
1,1,0.8823529412,0.3492063492,0.380952381,0.0,0.0,0.09523809524,0.0,0.0,0.09523809524,0.07936507937
1,1,0.8484848485,0.3921568627,0.4117647059,0.0,0.0,0.07843137255,0.0,0.0,0.1176470588,0.0
1,1,0.9142857143,0.3392857143,0.3928571429,0.01785714286,0.0,0.05357142857,0.0,0.01785714286,0.1607142857,0.01785714286
1,1,0.8932038835,0.3492063492,0.3333333333,0.0,0.0,0.07936507937,0.0,0.01587301587,0.07936507937,0.1428571429
1,1,0.9142857143,0.1785714286,0.3928571429,0.01785714286,0.0,0.2142857143,0.0,0.01785714286,0.1785714286,0.0
1,1,0.86,0.3617021277,0.2340425532,0.0,0.0,0.1914893617,0.0,0.06382978723,0.1063829787,0.04255319149
1,1,0.9126213592,0.3103448276,0.5172413793,0.03448275862,0.0,0.0,0.0,0.01724137931,0.1034482759,0.01724137931
1,1,0.8787878788,0.5441176471,0.4558823529,0.0,0.0,0.0,0.0,0.0,0.0,0.0
1,1,0.8712871287,0.3518518519,0.4814814815,0.03703703704,0.0,0.03703703704,0.0,0.0,0.09259259259,0.0
1,1,0.8484848485,0.3529411765,0.3529411765,0.01960784314,0.0,0.07843137255,0.0,0.01960784314,0.1568627451,0.01960784314
1,1,0.9051094891,0.4125,0.3375,0.05,0.0,0.025,0.0,0.0125,0.1375,0.025
1,1,0.86,0.3559322034,0.3389830508,0.0,0.0,0.1016949153,0.0,0.0,0.1355932203,0.06779661017
1,1,0.8367346939,0.3859649123,0.4210526316,0.0,0.01754385965,0.05263157895,0.0,0.01754385965,0.1052631579,0.0
1,1,0.8571428571,0.38,0.4,0.0,0.0,0.08,0.0,0.04,0.08,0.02
1,1,0.8571428571,0.3275862069,0.4827586207,0.0,0.01724137931,0.03448275862,0.0,0.01724137931,0.1034482759,0.01724137931
1,1,0.9019607843,0.3333333333,0.4333333333,0.01666666667,0.0,0.05,0.0,0.0,0.15,0.01666666667
1,1,0.8712871287,0.2727272727,0.4363636364,0.07272727273,0.0,0.09090909091,0.0,0.0,0.1272727273,0.0
1,1,0.8932038835,0.3518518519,0.2407407407,0.0,0.0,0.2407407407,0.0,0.05555555556,0.09259259259,0.01851851852
1,1,0.8376068376,0.5087719298,0.4912280702,0.0,0.0,0.0,0.0,0.0,0.0,0.0
1,1,0.8805970149,0.4675324675,0.3246753247,0.01298701299,0.0,0.03896103896,0.0,0.0,0.1428571429,0.01298701299
1,1,0.9345794393,0.3333333333,0.3968253968,0.0,0.0,0.1111111111,0.0,0.01587301587,0.126984127,0.01587301587
1,1,0.86,0.3442622951,0.4754098361,0.0,0.01639344262,0.01639344262,0.0,0.01639344262,0.1147540984,0.01639344262
1,1,0.8367346939,0.320754717,0.4339622642,0.01886792453,0.0,0.05660377358,0.0,0.0,0.1698113208,0.0
1,1,0.9126213592,0.2941176471,0.4509803922,0.01960784314,0.0,0.05882352941,0.0,0.0,0.1568627451,0.01960784314
1,1,0.86,0.431372549,0.3921568627,0.01960784314,0.0,0.01960784314,0.01960784314,0.03921568627,0.07843137255,0.0
1,1,0.8686868687,0.3666666667,0.45,0.0,0.01666666667,0.03333333333,0.0,0.01666666667,0.1166666667,0.0
1,1,0.8367346939,0.375,0.4285714286,0.0,0.01785714286,0.05357142857,0.0,0.01785714286,0.1071428571,0.0
1,1,0.9245283019,0.3333333333,0.35,0.01666666667,0.0,0.05,0.0,0.03333333333,0.2,0.01666666667
1,1,0.9183673469,0.3333333333,0.2962962963,0.0,0.0,0.2407407407,0.0,0.0,0.1296296296,0.0
1,1,0.8549618321,0.484375,0.515625,0.0,0.0,0.0,0.0,0.0,0.0,0.0
1,1,0.9038461538,0.3571428571,0.3392857143,0.01785714286,0.0,0.125,0.0,0.01785714286,0.1071428571,0.03571428571
1,1,0.8823529412,0.3454545455,0.3454545455,0.0,0.0,0.1090909091,0.0,0.01818181818,0.07272727273,0.1090909091
1,1,0.8712871287,0.3492063492,0.4444444444,0.0,0.0,0.04761904762,0.0,0.01587301587,0.126984127,0.01587301587
1,1,0.8712871287,0.4150943396,0.2641509434,0.01886792453,0.0,0.1320754717,0.0,0.03773584906,0.1132075472,0.01886792453
1,1,0.86,0.3035714286,0.3392857143,0.01785714286,0.01785714286,0.1428571429,0.0,0.01785714286,0.05357142857,0.1071428571
1,1,0.8932038835,0.4,0.24,0.0,0.0,0.16,0.0,0.04,0.12,0.04
1,1,0.9245283019,0.3684210526,0.1929824561,0.0,0.0,0.2807017544,0.0,0.0350877193,0.1052631579,0.01754385965
1,1,0.8823529412,0.359375,0.328125,0.0,0.0,0.125,0.0,0.0,0.09375,0.09375
1,1,0.8686868687,0.2826086957,0.3043478261,0.0,0.0,0.2391304348,0.0,0.04347826087,0.1086956522,0.02173913043
1,1,0.824742268,0.3529411765,0.4117647059,0.01960784314,0.0,0.05882352941,0.0,0.0,0.1568627451,0.0
1,1,0.8702290076,0.4153846154,0.4153846154,0.0,0.0,0.0,0.0,0.1692307692,0.0,0.0
1,1,0.9130434783,0.5333333333,0.2933333333,0.0,0.0,0.05333333333,0.0,0.02666666667,0.06666666667,0.02666666667
1,1,0.8712871287,0.34,0.44,0.02,0.0,0.04,0.0,0.02,0.12,0.02
1,1,0.86,0.320754717,0.3962264151,0.01886792453,0.0,0.03773584906,0.0,0.0,0.1886792453,0.03773584906
1,1,0.8712871287,0.3571428571,0.3214285714,0.0,0.0,0.125,0.0,0.01785714286,0.07142857143,0.1071428571
1,1,0.9038461538,0.2363636364,0.4909090909,0.07272727273,0.0,0.05454545455,0.0,0.0,0.1272727273,0.01818181818
1,1,0.8932038835,0.3220338983,0.4745762712,0.01694915254,0.0,0.03389830508,0.0,0.0,0.1525423729,0.0
1,1,0.9444444444,0.3333333333,0.380952381,0.0,0.0,0.126984127,0.0,0.01587301587,0.126984127,0.01587301587
1,1,0.8985507246,0.5063291139,0.2658227848,0.0,0.0,0.08860759494,0.0,0.0,0.08860759494,0.05063291139
1,1,0.9345794393,0.1724137931,0.4137931034,0.01724137931,0.0,0.2068965517,0.0,0.01724137931,0.1724137931,0.0
1,1,0.9038461538,0.3636363636,0.3818181818,0.01818181818,0.0,0.05454545455,0.0,0.0,0.1636363636,0.01818181818
1,1,0.8823529412,0.4782608696,0.5217391304,0.0,0.0,0.0,0.0,0.0,0.0,0.0
1,1,0.8367346939,0.3541666667,0.4166666667,0.0,0.0,0.0625,0.0,0.02083333333,0.125,0.02083333333
1,1,0.9230769231,0.347826087,0.4637681159,0.0,0.01449275362,0.04347826087,0.0,0.01449275362,0.1014492754,0.01449275362
1,1,0.8932038835,0.3636363636,0.4363636364,0.0,0.0,0.07272727273,0.0,0.03636363636,0.07272727273,0.01818181818
1,1,0.8932038835,0.3174603175,0.3015873016,0.0,0.01587301587,0.1746031746,0.0,0.01587301587,0.04761904762,0.126984127
1,1,0.8712871287,0.32,0.44,0.02,0.0,0.04,0.0,0.02,0.12,0.04
1,1,0.8712871287,0.2153846154,0.4769230769,0.01538461538,0.0,0.04615384615,0.0,0.0,0.09230769231,0.1538461538
1,1,0.8910891089,0.350877193,0.3684210526,0.01754385965,0.0,0.0350877193,0.0,0.01754385965,0.1578947368,0.05263157895
1,1,0.8932038835,0.3965517241,0.3103448276,0.01724137931,0.0,0.1034482759,0.0,0.05172413793,0.1034482759,0.01724137931
1,1,0.8453608247,0.3125,0.3958333333,0.02083333333,0.0,0.0625,0.0,0.0,0.1875,0.02083333333
1,1,0.86,0.4285714286,0.306122449,0.02040816327,0.0,0.1020408163,0.0,0.04081632653,0.08163265306,0.02040816327
1,1,0.8888888889,0.5135135135,0.4864864865,0.0,0.0,0.0,0.0,0.0,0.0,0.0
1,1,0.8932038835,0.3442622951,0.3606557377,0.0,0.0,0.08196721311,0.0,0.01639344262,0.06557377049,0.131147541
1,1,0.9345794393,0.3548387097,0.2741935484,0.0,0.0,0.1935483871,0.0,0.04838709677,0.1129032258,0.01612903226
1,1,0.8823529412,0.3018867925,0.4339622642,0.01886792453,0.0,0.07547169811,0.0,0.01886792453,0.1132075472,0.03773584906
1,1,0.8712871287,0.3548387097,0.3225806452,0.0,0.0,0.1451612903,0.0,0.0,0.1129032258,0.06451612903
1,1,0.8686868687,0.3214285714,0.4464285714,0.01785714286,0.0,0.05357142857,0.0,0.0,0.1428571429,0.01785714286
1,1,0.8932038835,0.3709677419,0.4032258065,0.0,0.01612903226,0.09677419355,0.0,0.01612903226,0.08064516129,0.01612903226
1,1,0.9142857143,0.3050847458,0.406779661,0.03389830508,0.0,0.05084745763,0.0,0.01694915254,0.1694915254,0.01694915254
1,1,0.8823529412,0.3225806452,0.3548387097,0.0,0.0,0.1290322581,0.0,0.0,0.1129032258,0.08064516129
1,1,0.9142857143,0.4126984127,0.2698412698,0.01587301587,0.0,0.1746031746,0.0,0.03174603175,0.07936507937,0.01587301587
1,1,0.9142857143,0.3538461538,0.3692307692,0.0,0.0,0.06153846154,0.0,0.01538461538,0.06153846154,0.1384615385
1,1,0.8721804511,0.4714285714,0.5285714286,0.0,0.0,0.0,0.0,0.0,0.0,0.0
1,1,0.9245283019,0.3050847458,0.406779661,0.03389830508,0.0,0.06779661017,0.0,0.01694915254,0.1525423729,0.01694915254
1,1,0.8367346939,0.3333333333,0.3725490196,0.0,0.0,0.03921568627,0.0,0.01960784314,0.09803921569,0.137254902
1,1,0.8712871287,0.1904761905,0.4920634921,0.01587301587,0.0,0.04761904762,0.0,0.0,0.09523809524,0.1587301587
1,1,0.8712871287,0.3454545455,0.4727272727,0.03636363636,0.0,0.03636363636,0.0,0.0,0.1090909091,0.0
1,1,0.9208633094,0.4390243902,0.3292682927,0.0,0.0,0.0487804878,0.0,0.0243902439,0.07317073171,0.08536585366
1,1,0.9147286822,0.347826087,0.4347826087,0.02898550725,0.0,0.04347826087,0.0,0.0,0.1014492754,0.04347826087
1,1,0.8712871287,0.3728813559,0.3559322034,0.0,0.0,0.1016949153,0.0,0.0,0.1186440678,0.05084745763
1,1,0.8823529412,0.4032258065,0.2903225806,0.0,0.0,0.1290322581,0.0,0.03225806452,0.09677419355,0.04838709677
1,1,0.9038461538,0.3090909091,0.4545454545,0.03636363636,0.0,0.05454545455,0.0,0.0,0.1272727273,0.01818181818
1,1,0.8932038835,0.3,0.45,0.01666666667,0.0,0.05,0.0,0.0,0.1666666667,0.01666666667
1,1,0.8985507246,0.4929577465,0.5070422535,0.0,0.0,0.0,0.0,0.0,0.0,0.0
1,1,0.7415730337,0.425,0.375,0.0,0.0,0.1,0.0,0.025,0.05,0.025
1,1,0.8823529412,0.2592592593,0.462962963,0.07407407407,0.0,0.05555555556,0.0,0.0,0.1296296296,0.01851851852
1,1,0.9245283019,0.2380952381,0.380952381,0.01587301587,0.0,0.1428571429,0.0,0.01587301587,0.07936507937,0.126984127
1,1,0.9245283019,0.3939393939,0.3333333333,0.0,0.0,0.09090909091,0.0,0.01515151515,0.09090909091,0.07575757576
1,1,0.8712871287,0.3050847458,0.3050847458,0.0,0.01694915254,0.186440678,0.0,0.01694915254,0.05084745763,0.1186440678
1,1,0.9038461538,0.3035714286,0.4107142857,0.03571428571,0.0,0.05357142857,0.0,0.01785714286,0.1607142857,0.01785714286
1,1,0.8571428571,0.347826087,0.4130434783,0.0,0.0,0.1304347826,0.0,0.02173913043,0.0652173913,0.02173913043
1,1,0.86,0.3653846154,0.4230769231,0.0,0.0,0.05769230769,0.0,0.0,0.1538461538,0.0
1,1,0.9142857143,0.3859649123,0.4210526316,0.01754385965,0.0,0.0350877193,0.0,0.0350877193,0.08771929825,0.01754385965
1,1,0.9038461538,0.1754385965,0.5789473684,0.01754385965,0.0,0.05263157895,0.0,0.0,0.1578947368,0.01754385965
1,1,0.9361702128,0.3495145631,0.359223301,0.08737864078,0.0,0.0,0.0,0.0,0.1941747573,0.009708737864
1,1,0.8970588235,0.5074626866,0.4925373134,0.0,0.0,0.0,0.0,0.0,0.0,0.0
1,1,0.824742268,0.350877193,0.4736842105,0.0,0.01754385965,0.01754385965,0.0,0.01754385965,0.1228070175,0.0
1,1,0.9142857143,0.4,0.3666666667,0.01666666667,0.0,0.06666666667,0.0,0.0,0.15,0.0
1,1,0.824742268,0.3958333333,0.4166666667,0.0,0.0,0.0625,0.0,0.0,0.125,0.0
1,1,0.8823529412,0.3650793651,0.4444444444,0.0,0.01587301587,0.04761904762,0.0,0.01587301587,0.1111111111,0.0
1,1,0.9142857143,0.3389830508,0.3898305085,0.01694915254,0.0,0.05084745763,0.0,0.01694915254,0.1525423729,0.03389830508
1,1,0.88,0.3148148148,0.4444444444,0.01851851852,0.0,0.07407407407,0.0,0.01851851852,0.1111111111,0.01851851852
1,1,0.8712871287,0.2692307692,0.4615384615,0.01923076923,0.0,0.05769230769,0.0,0.01923076923,0.1538461538,0.01923076923
1,1,0.9142857143,0.3103448276,0.4137931034,0.03448275862,0.0,0.05172413793,0.0,0.01724137931,0.1551724138,0.01724137931
1,1,0.9019607843,0.3666666667,0.35,0.0,0.0,0.05,0.0,0.01666666667,0.1166666667,0.1
1,1,0.9142857143,0.4310344828,0.3275862069,0.0,0.0,0.05172413793,0.0,0.01724137931,0.1206896552,0.05172413793
1,1,0.8985507246,0.5205479452,0.4794520548,0.0,0.0,0.0,0.0,0.0,0.0,0.0
1,1,0.8787878788,0.5068493151,0.2876712329,0.0,0.0,0.1095890411,0.0,0.0,0.09589041096,0.0
1,1,0.9245283019,0.3,0.4333333333,0.03333333333,0.0,0.05,0.0,0.01666666667,0.15,0.01666666667
1,1,0.8686868687,0.4339622642,0.2641509434,0.0,0.0,0.1509433962,0.0,0.03773584906,0.09433962264,0.01886792453
1,1,0.8712871287,0.3137254902,0.3921568627,0.01960784314,0.0,0.09803921569,0.0,0.01960784314,0.1176470588,0.03921568627
1,1,0.8367346939,0.387755102,0.3469387755,0.02040816327,0.0,0.04081632653,0.0,0.02040816327,0.1632653061,0.02040816327
1,1,0.8712871287,0.2931034483,0.3793103448,0.0,0.0,0.08620689655,0.0,0.03448275862,0.08620689655,0.1206896552
1,1,0.8932038835,0.2777777778,0.4259259259,0.03703703704,0.0,0.03703703704,0.0,0.01851851852,0.1481481481,0.05555555556
1,1,0.8932038835,0.359375,0.390625,0.0,0.0,0.09375,0.0,0.015625,0.0625,0.078125
1,1,0.9541284404,0.2898550725,0.4782608696,0.01449275362,0.0,0.07246376812,0.0,0.01449275362,0.115942029,0.01449275362
1,1,0.8976377953,0.375,0.4444444444,0.01388888889,0.0,0.01388888889,0.0,0.01388888889,0.125,0.01388888889
1,1,0.8970588235,0.5479452055,0.4520547945,0.0,0.0,0.0,0.0,0.0,0.0,0.0
1,1,0.9245283019,0.1935483871,0.3870967742,0.01612903226,0.0,0.1612903226,0.0,0.01612903226,0.09677419355,0.1290322581
1,1,0.8712871287,0.3653846154,0.3653846154,0.01923076923,0.0,0.07692307692,0.0,0.01923076923,0.1346153846,0.01923076923
1,1,0.8992248062,0.5138888889,0.2222222222,0.01388888889,0.0,0.125,0.0,0.02777777778,0.08333333333,0.01388888889
1,1,0.8484848485,0.4117647059,0.3921568627,0.0,0.0,0.05882352941,0.0,0.0,0.137254902,0.0
1,1,0.9,0.3333333333,0.431372549,0.0,0.0,0.03921568627,0.0,0.01960784314,0.1176470588,0.05882352941
1,1,0.9444444444,0.3064516129,0.4032258065,0.0,0.0,0.1290322581,0.0,0.01612903226,0.1290322581,0.01612903226
1,1,0.86,0.2857142857,0.4489795918,0.02040816327,0.0,0.08163265306,0.0,0.02040816327,0.1224489796,0.02040816327
1,1,0.8712871287,0.4181818182,0.3454545455,0.0,0.0,0.1090909091,0.0,0.01818181818,0.07272727273,0.03636363636
1,1,0.8484848485,0.3333333333,0.350877193,0.0,0.0,0.1228070175,0.0,0.0,0.1052631579,0.08771929825
1,1,0.8932038835,0.3333333333,0.4074074074,0.01851851852,0.0,0.07407407407,0.0,0.01851851852,0.1111111111,0.03703703704
1,1,0.8805970149,0.4929577465,0.5070422535,0.0,0.0,0.0,0.0,0.0,0.0,0.0
1,1,0.8823529412,0.3392857143,0.3928571429,0.01785714286,0.0,0.03571428571,0.0,0.01785714286,0.1428571429,0.05357142857
1,1,0.86,0.350877193,0.350877193,0.0,0.0,0.05263157895,0.0,0.0350877193,0.1052631579,0.1052631579
1,1,0.9019607843,0.298245614,0.4035087719,0.05263157895,0.0,0.05263157895,0.0,0.0,0.1754385965,0.01754385965
1,1,0.8367346939,0.4,0.4,0.0,0.0,0.06,0.0,0.0,0.14,0.0
1,1,0.86,0.3571428571,0.4107142857,0.01785714286,0.0,0.05357142857,0.0,0.0,0.1607142857,0.0
1,1,0.8823529412,0.1875,0.5,0.015625,0.0,0.046875,0.0,0.0,0.09375,0.15625
1,1,0.8367346939,0.3620689655,0.3103448276,0.0,0.0,0.1206896552,0.0,0.0,0.1206896552,0.08620689655
1,1,0.9019607843,0.4347826087,0.4565217391,0.04347826087,0.0,0.04347826087,0.0,0.0,0.02173913043,0.0
1,1,0.8367346939,0.431372549,0.3725490196,0.0,0.0,0.05882352941,0.0,0.03921568627,0.07843137255,0.01960784314
1,1,0.9245283019,0.3939393939,0.4393939394,0.04545454545,0.0,0.0,0.0,0.01515151515,0.09090909091,0.01515151515
1,1,0.8970588235,0.5070422535,0.4929577465,0.0,0.0,0.0,0.0,0.0,0.0,0.0
1,1,0.8571428571,0.3653846154,0.2692307692,0.0,0.0,0.1538461538,0.0,0.03846153846,0.1538461538,0.01923076923
1,1,0.8712871287,0.3448275862,0.4482758621,0.01724137931,0.0,0.06896551724,0.0,0.0,0.1206896552,0.0
1,1,0.9345794393,0.3620689655,0.4310344828,0.01724137931,0.0,0.03448275862,0.0,0.03448275862,0.1034482759,0.01724137931
1,1,0.9245283019,0.2807017544,0.4385964912,0.01754385965,0.0,0.05263157895,0.0,0.01754385965,0.1403508772,0.05263157895
1,1,0.9245283019,0.3220338983,0.406779661,0.03389830508,0.0,0.05084745763,0.0,0.01694915254,0.1525423729,0.01694915254
1,1,0.8712871287,0.3333333333,0.3181818182,0.0,0.0,0.1515151515,0.0,0.0,0.1060606061,0.09090909091
1,1,0.824742268,0.320754717,0.358490566,0.0,0.0,0.09433962264,0.0,0.03773584906,0.09433962264,0.09433962264
1,1,0.8712871287,0.4,0.2727272727,0.01818181818,0.0,0.1272727273,0.0,0.05454545455,0.1090909091,0.01818181818
1,1,0.88,0.3703703704,0.3888888889,0.01851851852,0.0,0.07407407407,0.0,0.0,0.1481481481,0.0
1,1,0.9245283019,0.3333333333,0.3833333333,0.03333333333,0.0,0.06666666667,0.0,0.01666666667,0.15,0.01666666667
1,1,0.8740740741,0.5352112676,0.4647887324,0.0,0.0,0.0,0.0,0.0,0.0,0.0
1,1,0.824742268,0.3958333333,0.4166666667,0.0,0.0,0.04166666667,0.0,0.04166666667,0.08333333333,0.02083333333
1,1,0.9345794393,0.4262295082,0.2295081967,0.0,0.0,0.1803278689,0.0,0.03278688525,0.09836065574,0.03278688525
1,1,0.9245283019,0.3134328358,0.4925373134,0.02985074627,0.0,0.02985074627,0.0,0.01492537313,0.1044776119,0.01492537313
1,1,0.86,0.4,0.3454545455,0.03636363636,0.0,0.03636363636,0.0,0.01818181818,0.1454545455,0.01818181818
1,1,0.824742268,0.4107142857,0.4285714286,0.0,0.01785714286,0.01785714286,0.0,0.01785714286,0.1071428571,0.0
1,1,0.8823529412,0.4230769231,0.2115384615,0.0,0.0,0.1538461538,0.0,0.03846153846,0.1346153846,0.03846153846
1,1,0.8939393939,0.4625,0.375,0.0,0.0,0.025,0.0,0.0,0.1375,0.0
1,1,0.8823529412,0.3214285714,0.4464285714,0.01785714286,0.0,0.05357142857,0.0,0.0,0.1428571429,0.01785714286
1,1,0.8823529412,0.2962962963,0.4444444444,0.01851851852,0.0,0.03703703704,0.0,0.0,0.1666666667,0.03703703704
1,1,0.8823529412,0.3035714286,0.3928571429,0.0,0.01785714286,0.07142857143,0.0,0.01785714286,0.1964285714,0.0
1,1,0.8970588235,0.5138888889,0.4861111111,0.0,0.0,0.0,0.0,0.0,0.0,0.0
1,1,0.9019607843,0.3333333333,0.3684210526,0.0350877193,0.0,0.05263157895,0.0,0.01754385965,0.1754385965,0.01754385965
1,1,0.86,0.38,0.28,0.0,0.0,0.14,0.0,0.04,0.14,0.02
1,1,0.8712871287,0.3442622951,0.4262295082,0.0,0.01639344262,0.06557377049,0.0,0.01639344262,0.1147540984,0.01639344262
1,1,0.8712871287,0.4117647059,0.3725490196,0.0,0.0,0.05882352941,0.0,0.01960784314,0.07843137255,0.05882352941
1,1,0.8932038835,0.3333333333,0.4333333333,0.01666666667,0.0,0.05,0.0,0.0,0.15,0.01666666667
1,1,0.8712871287,0.358490566,0.3962264151,0.01886792453,0.0,0.07547169811,0.0,0.0,0.1509433962,0.0
1,1,0.8823529412,0.3636363636,0.4393939394,0.0,0.01515151515,0.0303030303,0.0,0.01515151515,0.1212121212,0.01515151515
1,1,0.8955223881,0.4634146341,0.3780487805,0.0,0.0,0.01219512195,0.0,0.0,0.1341463415,0.01219512195
1,1,0.88,0.406779661,0.3050847458,0.01694915254,0.0,0.03389830508,0.0,0.03389830508,0.08474576271,0.1186440678
1,1,0.8823529412,0.3921568627,0.3921568627,0.0,0.0,0.09803921569,0.0,0.03921568627,0.05882352941,0.01960784314
1,1,0.8805970149,0.4927536232,0.5072463768,0.0,0.0,0.0,0.0,0.0,0.0,0.0
1,1,0.824742268,0.375,0.4285714286,0.0,0.01785714286,0.03571428571,0.0,0.01785714286,0.1071428571,0.01785714286
1,1,0.9019607843,0.3392857143,0.4107142857,0.01785714286,0.0,0.05357142857,0.0,0.0,0.1607142857,0.01785714286
1,1,0.86,0.4,0.46,0.0,0.0,0.02,0.0,0.04,0.06,0.02
1,1,0.8367346939,0.4166666667,0.4166666667,0.02083333333,0.0,0.02083333333,0.0,0.04166666667,0.08333333333,0.0
1,1,0.8367346939,0.3777777778,0.4,0.0,0.0,0.08888888889,0.0,0.04444444444,0.06666666667,0.02222222222
1,1,0.824742268,0.3191489362,0.4255319149,0.0,0.0,0.06382978723,0.0,0.02127659574,0.1489361702,0.02127659574
1,1,0.86,0.3846153846,0.2692307692,0.0,0.0,0.1538461538,0.0,0.03846153846,0.1346153846,0.01923076923
1,1,0.8367346939,0.2033898305,0.4745762712,0.01694915254,0.0,0.05084745763,0.0,0.0,0.1016949153,0.1525423729
1,1,0.9142857143,0.4,0.3230769231,0.0,0.0,0.09230769231,0.0,0.01538461538,0.07692307692,0.09230769231
1,1,0.9090909091,0.359375,0.296875,0.0,0.015625,0.125,0.0,0.0,0.09375,0.109375
1,1,0.8484848485,0.4558823529,0.3970588235,0.0,0.0,0.0,0.0,0.1470588235,0.0,0.0
1,1,0.86,0.3846153846,0.2692307692,0.0,0.0,0.1538461538,0.0,0.03846153846,0.1346153846,0.01923076923
1,1,0.9038461538,0.3818181818,0.2181818182,0.0,0.0,0.2545454545,0.0,0.03636363636,0.09090909091,0.01818181818
1,1,0.8712871287,0.1875,0.484375,0.015625,0.0,0.046875,0.0,0.0,0.109375,0.15625
1,1,0.9345794393,0.34375,0.375,0.0,0.0,0.125,0.0,0.015625,0.125,0.015625
1,1,0.8970588235,0.475,0.3625,0.0,0.0,0.0625,0.0,0.0,0.05,0.05
1,1,0.8712871287,0.4166666667,0.2291666667,0.0,0.0,0.2083333333,0.0,0.04166666667,0.0625,0.04166666667
1,1,0.8571428571,0.3802816901,0.4507042254,0.0,0.0,0.02816901408,0.0,0.01408450704,0.1126760563,0.01408450704
1,1,0.9245283019,0.4090909091,0.4393939394,0.04545454545,0.0,0.0,0.0,0.01515151515,0.07575757576,0.01515151515
1,1,0.8712871287,0.375,0.375,0.0,0.0,0.125,0.0,0.04166666667,0.0625,0.02083333333
1,1,0.86,0.3818181818,0.3272727273,0.0,0.0,0.05454545455,0.0,0.03636363636,0.09090909091,0.1090909091
1,1,0.8970588235,0.5205479452,0.4794520548,0.0,0.0,0.0,0.0,0.0,0.0,0.0
1,1,0.9038461538,0.3148148148,0.3888888889,0.0,0.0,0.1111111111,0.0,0.01851851852,0.1296296296,0.03703703704
1,1,0.932038835,0.3103448276,0.3448275862,0.01724137931,0.0,0.05172413793,0.0,0.03448275862,0.224137931,0.01724137931
1,1,0.9523809524,0.3709677419,0.2741935484,0.0,0.0,0.1774193548,0.0,0.03225806452,0.1290322581,0.01612903226
1,1,0.9215686275,0.3606557377,0.4590163934,0.04918032787,0.0,0.0,0.0,0.01639344262,0.09836065574,0.01639344262
1,1,0.9142857143,0.3442622951,0.2786885246,0.01639344262,0.0,0.1803278689,0.0,0.04918032787,0.1147540984,0.01639344262
1,1,0.8985507246,0.4819277108,0.2530120482,0.0,0.0,0.09638554217,0.0,0.0,0.09638554217,0.07228915663
1,1,0.8484848485,0.3684210526,0.3333333333,0.0,0.0,0.1052631579,0.0,0.0,0.1403508772,0.05263157895
1,1,0.9636363636,0.3521126761,0.338028169,0.0,0.0,0.08450704225,0.0,0.01408450704,0.0985915493,0.1126760563
1,1,0.8712871287,0.3018867925,0.358490566,0.01886792453,0.0,0.05660377358,0.0,0.05660377358,0.1886792453,0.01886792453
1,1,0.8367346939,0.3181818182,0.2727272727,0.0,0.0,0.2272727273,0.0,0.04545454545,0.1136363636,0.02272727273
1,1,0.8992248062,0.4084507042,0.3943661972,0.1126760563,0.0,0.0,0.0,0.0,0.08450704225,0.0
1,1,0.8888888889,0.447761194,0.447761194,0.0,0.0,0.0,0.0,0.1044776119,0.0,0.0
1,1,0.9245283019,0.4426229508,0.2459016393,0.0,0.0,0.1967213115,0.0,0.03278688525,0.06557377049,0.01639344262
1,1,0.8659793814,0.3720930233,0.2325581395,0.0,0.0,0.2325581395,0.0,0.02325581395,0.09302325581,0.04651162791
1,1,0.8421052632,0.3571428571,0.4642857143,0.0,0.01785714286,0.03571428571,0.0,0.01785714286,0.1071428571,0.0
1,1,0.8484848485,0.1967213115,0.4754098361,0.01639344262,0.0,0.04918032787,0.0,0.0,0.09836065574,0.1639344262
1,1,0.8823529412,0.3469387755,0.4285714286,0.0,0.0,0.04081632653,0.0,0.0,0.1632653061,0.02040816327
1,1,0.9142857143,0.3181818182,0.4848484848,0.01515151515,0.0,0.0303030303,0.0,0.01515151515,0.1212121212,0.01515151515
1,1,0.9142857143,0.3174603175,0.4603174603,0.01587301587,0.0,0.06349206349,0.0,0.01587301587,0.1111111111,0.01587301587
1,1,0.9142857143,0.3220338983,0.406779661,0.03389830508,0.0,0.05084745763,0.0,0.01694915254,0.1525423729,0.01694915254
1,1,0.8813559322,0.3333333333,0.4285714286,0.01587301587,0.0,0.07936507937,0.0,0.01587301587,0.1111111111,0.01587301587
1,1,0.8823529412,0.4339622642,0.320754717,0.0,0.0,0.1132075472,0.0,0.03773584906,0.07547169811,0.01886792453
1,1,0.8905109489,0.5070422535,0.4929577465,0.0,0.0,0.0,0.0,0.0,0.0,0.0
1,1,0.8484848485,0.4230769231,0.3846153846,0.0,0.0,0.07692307692,0.0,0.0,0.1153846154,0.0
1,1,0.9142857143,0.3389830508,0.2711864407,0.0,0.0,0.2033898305,0.0,0.05084745763,0.1186440678,0.01694915254
1,1,0.86,0.320754717,0.4716981132,0.03773584906,0.0,0.03773584906,0.0,0.0,0.1320754717,0.0
1,1,0.8823529412,0.3606557377,0.3278688525,0.0,0.0,0.08196721311,0.0,0.01639344262,0.08196721311,0.131147541
1,1,0.8970588235,0.4558823529,0.3235294118,0.0,0.0,0.1176470588,0.0,0.01470588235,0.07352941176,0.01470588235
1,1,0.9245283019,0.2222222222,0.380952381,0.01587301587,0.0,0.1428571429,0.0,0.01587301587,0.09523809524,0.126984127
1,1,0.824742268,0.3913043478,0.4565217391,0.02173913043,0.0,0.0,0.0,0.04347826087,0.0652173913,0.02173913043
1,1,0.8367346939,0.38,0.42,0.0,0.0,0.06,0.0,0.0,0.14,0.0
1,1,0.8823529412,0.3518518519,0.3518518519,0.01851851852,0.0,0.09259259259,0.0,0.01851851852,0.1296296296,0.03703703704
1,1,0.8932038835,0.3709677419,0.3387096774,0.0,0.0,0.09677419355,0.0,0.01612903226,0.08064516129,0.09677419355
1,1,0.8905109489,0.5068493151,0.4931506849,0.0,0.0,0.0,0.0,0.0,0.0,0.0
1,1,0.8932038835,0.406779661,0.2881355932,0.01694915254,0.0,0.1186440678,0.0,0.03389830508,0.1186440678,0.01694915254
1,1,0.9038461538,0.4210526316,0.2456140351,0.0,0.0,0.1754385965,0.0,0.0350877193,0.08771929825,0.0350877193
1,1,0.8823529412,0.3396226415,0.4150943396,0.0,0.0,0.1132075472,0.0,0.03773584906,0.07547169811,0.01886792453
1,1,0.9038461538,0.320754717,0.4339622642,0.03773584906,0.0,0.05660377358,0.0,0.01886792453,0.1320754717,0.0
1,1,0.8823529412,0.3833333333,0.3,0.0,0.0,0.1333333333,0.0,0.03333333333,0.1,0.05
1,1,0.8659793814,0.3571428571,0.3571428571,0.0,0.0,0.08928571429,0.0,0.01785714286,0.08928571429,0.08928571429
1,1,0.8367346939,0.3272727273,0.3818181818,0.0,0.0,0.1090909091,0.0,0.01818181818,0.09090909091,0.07272727273
1,1,0.9333333333,0.328358209,0.4925373134,0.01492537313,0.0,0.02985074627,0.0,0.01492537313,0.1044776119,0.01492537313
1,1,0.8823529412,0.3396226415,0.3396226415,0.01886792453,0.0,0.05660377358,0.0,0.03773584906,0.1886792453,0.01886792453
1,1,0.86,0.3725490196,0.3725490196,0.01960784314,0.0,0.03921568627,0.0,0.01960784314,0.1568627451,0.01960784314
1,1,0.8571428571,0.5151515152,0.4393939394,0.0,0.0,0.0,0.0,0.04545454545,0.0,0.0
1,1,0.88,0.3382352941,0.4705882353,0.02941176471,0.0,0.01470588235,0.0,0.01470588235,0.1176470588,0.01470588235
1,1,0.8484848485,0.1833333333,0.4833333333,0.01666666667,0.0,0.05,0.0,0.0,0.1,0.1666666667
1,1,0.8932038835,0.3333333333,0.4333333333,0.01666666667,0.0,0.05,0.0,0.0,0.15,0.01666666667
1,1,0.8712871287,0.3461538462,0.4038461538,0.01923076923,0.0,0.07692307692,0.0,0.0,0.1538461538,0.0
1,1,0.8571428571,0.2857142857,0.4285714286,0.02040816327,0.0,0.04081632653,0.0,0.0,0.1836734694,0.04081632653
1,1,0.824742268,0.375,0.4166666667,0.0,0.0,0.08333333333,0.0,0.0,0.125,0.0
1,1,0.868852459,0.3709677419,0.3709677419,0.0,0.0,0.08064516129,0.0,0.01612903226,0.1290322581,0.03225806452
1,1,0.8712871287,0.3396226415,0.4150943396,0.0,0.0,0.05660377358,0.0,0.01886792453,0.1509433962,0.01886792453
1,1,0.8712871287,0.3673469388,0.2448979592,0.0,0.0,0.2040816327,0.0,0.0612244898,0.08163265306,0.04081632653
1,1,0.8985507246,0.4868421053,0.3289473684,0.03947368421,0.01315789474,0.03947368421,0.0,0.0,0.06578947368,0.02631578947
1,1,0.8970588235,0.5675675676,0.4324324324,0.0,0.0,0.0,0.0,0.0,0.0,0.0
1,1,0.8712871287,0.3703703704,0.3888888889,0.01851851852,0.0,0.07407407407,0.0,0.0,0.1481481481,0.0
1,1,0.8932038835,0.3333333333,0.3333333333,0.0,0.0,0.1228070175,0.0,0.01754385965,0.0701754386,0.1228070175
1,1,0.9142857143,0.3636363636,0.3333333333,0.0,0.0,0.09090909091,0.0,0.01515151515,0.09090909091,0.1060606061
1,1,0.9142857143,0.4406779661,0.2372881356,0.0,0.0,0.186440678,0.0,0.03389830508,0.08474576271,0.01694915254
1,1,0.9142857143,0.3333333333,0.5,0.01666666667,0.0,0.06666666667,0.0,0.0,0.08333333333,0.0
1,1,0.86,0.34,0.4,0.02,0.0,0.04,0.0,0.02,0.14,0.04
1,1,0.8823529412,0.3389830508,0.3898305085,0.0,0.01694915254,0.1016949153,0.0,0.01694915254,0.1186440678,0.01694915254
1,1,0.9038461538,0.3461538462,0.2884615385,0.0,0.0,0.2115384615,0.0,0.0,0.1538461538,0.0
1,1,0.9038461538,0.298245614,0.4035087719,0.0350877193,0.0,0.05263157895,0.0,0.01754385965,0.1754385965,0.01754385965
1,1,0.8932038835,0.3962264151,0.2264150943,0.0,0.0,0.1886792453,0.0,0.03773584906,0.1132075472,0.03773584906
1,1,0.8760330579,0.4920634921,0.5079365079,0.0,0.0,0.0,0.0,0.0,0.0,0.0
1,1,0.9019607843,0.3076923077,0.3846153846,0.01923076923,0.0,0.05769230769,0.0,0.01923076923,0.1923076923,0.01923076923
1,1,0.8484848485,0.3555555556,0.4888888889,0.02222222222,0.0,0.0,0.0,0.04444444444,0.06666666667,0.02222222222
1,1,0.8712871287,0.3620689655,0.3275862069,0.01724137931,0.0,0.05172413793,0.0,0.03448275862,0.08620689655,0.1206896552
1,1,0.8833333333,0.3823529412,0.3088235294,0.0,0.0,0.08823529412,0.0,0.01470588235,0.1029411765,0.1029411765
1,1,0.8367346939,0.3777777778,0.4666666667,0.02222222222,0.0,0.0,0.0,0.04444444444,0.06666666667,0.02222222222
1,1,0.86,0.3541666667,0.4583333333,0.0,0.0,0.04166666667,0.0,0.04166666667,0.08333333333,0.02083333333
1,1,0.9142857143,0.3454545455,0.2181818182,0.0,0.0,0.2727272727,0.0,0.05454545455,0.09090909091,0.01818181818
1,1,0.8367346939,0.4347826087,0.3260869565,0.0,0.0,0.0652173913,0.0,0.02173913043,0.08695652174,0.0652173913
1,1,0.8571428571,0.3260869565,0.4347826087,0.0,0.0,0.0652173913,0.0,0.02173913043,0.1304347826,0.02173913043
1,1,0.8932038835,0.3859649123,0.298245614,0.0,0.0,0.1052631579,0.0,0.05263157895,0.1403508772,0.01754385965
1,1,0.8787878788,0.4461538462,0.4153846154,0.0,0.0,0.0,0.0,0.1230769231,0.01538461538,0.0
1,1,0.8571428571,0.3214285714,0.3214285714,0.01785714286,0.01785714286,0.1428571429,0.0,0.01785714286,0.05357142857,0.1071428571
1,1,0.9245283019,0.4137931034,0.2413793103,0.0,0.0,0.1896551724,0.0,0.01724137931,0.1379310345,0.0
1,1,0.8712871287,0.2978723404,0.4042553191,0.02127659574,0.0,0.1063829787,0.0,0.02127659574,0.1489361702,0.0
1,1,0.86,0.387755102,0.387755102,0.0,0.0,0.0612244898,0.0,0.02040816327,0.08163265306,0.0612244898
1,1,0.8367346939,0.387755102,0.4081632653,0.0,0.0,0.0612244898,0.0,0.04081632653,0.08163265306,0.02040816327
1,1,0.8686868687,0.306122449,0.4081632653,0.0,0.0,0.1224489796,0.0,0.02040816327,0.1020408163,0.04081632653
1,1,0.9345794393,0.328358209,0.4776119403,0.01492537313,0.0,0.0447761194,0.0,0.01492537313,0.1044776119,0.01492537313
1,1,0.8484848485,0.3888888889,0.3148148148,0.01851851852,0.0,0.05555555556,0.0,0.03703703704,0.09259259259,0.09259259259
1,1,0.9038461538,0.4107142857,0.2678571429,0.0,0.0,0.2142857143,0.0,0.0,0.1071428571,0.0
1,1,0.8932038835,0.3272727273,0.4,0.01818181818,0.0,0.03636363636,0.0,0.01818181818,0.1636363636,0.03636363636
1,1,0.8636363636,0.4375,0.5625,0.0,0.0,0.0,0.0,0.0,0.0,0.0
1,1,0.8571428571,0.3541666667,0.3958333333,0.02083333333,0.0,0.04166666667,0.0,0.02083333333,0.1458333333,0.02083333333
1,1,0.9444444444,0.3064516129,0.3709677419,0.01612903226,0.0,0.04838709677,0.0,0.03225806452,0.2096774194,0.01612903226
1,1,0.9345794393,0.1785714286,0.5892857143,0.01785714286,0.0,0.05357142857,0.0,0.0,0.1428571429,0.01785714286
1,1,0.9345794393,0.3442622951,0.3770491803,0.0,0.0,0.131147541,0.0,0.01639344262,0.131147541,0.0
1,1,0.88,0.3461538462,0.4038461538,0.01923076923,0.0,0.03846153846,0.0,0.01923076923,0.1538461538,0.01923076923
1,1,0.8823529412,0.3571428571,0.4642857143,0.03571428571,0.0,0.03571428571,0.0,0.0,0.1071428571,0.0
1,1,0.8712871287,0.3333333333,0.4117647059,0.01960784314,0.0,0.03921568627,0.0,0.01960784314,0.137254902,0.03921568627
1,1,0.9541284404,0.3230769231,0.3846153846,0.0,0.0,0.1384615385,0.0,0.01538461538,0.1230769231,0.01538461538
1,1,0.8702290076,0.4307692308,0.3692307692,0.0,0.0,0.03076923077,0.0,0.0,0.1538461538,0.01538461538
1,1,0.8484848485,0.186440678,0.4745762712,0.01694915254,0.0,0.05084745763,0.0,0.0,0.1016949153,0.1694915254
1,1,0.9275362319,0.5072463768,0.2753623188,0.0,0.0,0.1739130435,0.0,0.0,0.04347826087,0.0
1,1,0.9038461538,0.3870967742,0.3225806452,0.0,0.0,0.09677419355,0.0,0.01612903226,0.09677419355,0.08064516129
1,1,0.9142857143,0.4210526316,0.2631578947,0.0,0.0,0.1578947368,0.0,0.0350877193,0.1052631579,0.01754385965
1,1,0.8910891089,0.4117647059,0.3529411765,0.01960784314,0.0,0.07843137255,0.0,0.03921568627,0.07843137255,0.01960784314
1,1,0.9245283019,0.35,0.3833333333,0.0,0.0,0.1166666667,0.0,0.01666666667,0.1166666667,0.01666666667
1,1,0.8484848485,0.3728813559,0.4406779661,0.0,0.01694915254,0.03389830508,0.0,0.01694915254,0.1186440678,0.0
1,1,0.9142857143,0.3676470588,0.3970588235,0.0,0.01470588235,0.08823529412,0.0,0.01470588235,0.1029411765,0.01470588235
1,1,0.9038461538,0.32,0.42,0.0,0.0,0.06,0.0,0.0,0.18,0.02
1,1,0.9142857143,0.350877193,0.3859649123,0.01754385965,0.0,0.0701754386,0.0,0.01754385965,0.1228070175,0.0350877193
1,1,0.88,0.3018867925,0.4339622642,0.03773584906,0.0,0.03773584906,0.0,0.01886792453,0.1509433962,0.01886792453
1,1,0.9245283019,0.3965517241,0.3103448276,0.01724137931,0.0,0.1206896552,0.0,0.03448275862,0.1034482759,0.01724137931
1,1,0.8985507246,0.5,0.5,0.0,0.0,0.0,0.0,0.0,0.0,0.0
1,1,0.8712871287,0.3559322034,0.3898305085,0.0,0.0,0.08474576271,0.0,0.01694915254,0.06779661017,0.08474576271
1,1,0.8712871287,0.3137254902,0.431372549,0.01960784314,0.0,0.03921568627,0.0,0.01960784314,0.137254902,0.03921568627
1,1,0.9019607843,0.2909090909,0.4,0.05454545455,0.0,0.1636363636,0.0,0.0,0.09090909091,0.0
1,1,0.8709677419,0.3823529412,0.4411764706,0.0,0.0,0.01470588235,0.0,0.01470588235,0.1323529412,0.01470588235
1,1,0.8932038835,0.3928571429,0.4107142857,0.0,0.0,0.05357142857,0.0,0.0,0.1428571429,0.0
1,1,0.9245283019,0.3432835821,0.3582089552,0.0,0.0,0.07462686567,0.0,0.01492537313,0.05970149254,0.1492537313
1,1,0.86,0.375,0.4583333333,0.02083333333,0.0,0.02083333333,0.0,0.04166666667,0.0625,0.02083333333
1,1,0.8823529412,0.3529411765,0.2352941176,0.0,0.0,0.2745098039,0.0,0.0,0.137254902,0.0
1,1,0.8932038835,0.3492063492,0.4126984127,0.0,0.01587301587,0.07936507937,0.0,0.01587301587,0.1111111111,0.01587301587
1,1,0.9230769231,0.3272727273,0.4181818182,0.03636363636,0.0,0.05454545455,0.0,0.01818181818,0.1272727273,0.01818181818
1,1,0.90625,0.4675324675,0.4155844156,0.02597402597,0.0,0.0,0.0,0.0,0.09090909091,0.0
1,1,0.8985507246,0.5479452055,0.4520547945,0.0,0.0,0.0,0.0,0.0,0.0,0.0
1,1,0.8712871287,0.3620689655,0.3965517241,0.0,0.01724137931,0.06896551724,0.0,0.01724137931,0.1206896552,0.01724137931
1,1,0.8712871287,0.4130434783,0.1739130435,0.0,0.0,0.2173913043,0.0,0.04347826087,0.1086956522,0.04347826087
1,1,0.8932038835,0.3962264151,0.2075471698,0.0,0.0,0.2452830189,0.0,0.03773584906,0.09433962264,0.01886792453
1,1,0.8932038835,0.3148148148,0.4074074074,0.03703703704,0.0,0.07407407407,0.0,0.01851851852,0.1296296296,0.01851851852
1,1,0.8712871287,0.3636363636,0.3454545455,0.0,0.0,0.03636363636,0.0,0.01818181818,0.1090909091,0.1272727273
1,1,0.8367346939,0.3265306122,0.4897959184,0.04081632653,0.0,0.04081632653,0.0,0.0,0.1020408163,0.0
1,1,0.9142857143,0.3703703704,0.3148148148,0.0,0.0,0.1851851852,0.0,0.0,0.1296296296,0.0
1,1,0.8823529412,0.306122449,0.4489795918,0.0,0.0,0.04081632653,0.0,0.0,0.1632653061,0.04081632653
1,1,0.824742268,0.3818181818,0.4363636364,0.0,0.01818181818,0.01818181818,0.0,0.01818181818,0.1272727273,0.0
1,1,0.8571428571,0.3703703704,0.3333333333,0.0,0.0,0.05555555556,0.0,0.01851851852,0.1296296296,0.09259259259
1,1,0.8805970149,0.5,0.5,0.0,0.0,0.0,0.0,0.0,0.0,0.0
1,1,0.9345794393,0.3636363636,0.4545454545,0.04545454545,0.0,0.0,0.0,0.01515151515,0.1060606061,0.01515151515
1,1,0.86,0.3728813559,0.406779661,0.0,0.01694915254,0.05084745763,0.0,0.01694915254,0.1186440678,0.01694915254
1,1,0.8333333333,0.4081632653,0.4897959184,0.0,0.0,0.0,0.0,0.0,0.08163265306,0.02040816327
1,1,0.8712871287,0.3050847458,0.3898305085,0.0,0.0,0.1186440678,0.0,0.01694915254,0.06779661017,0.1016949153
1,1,0.8823529412,0.3387096774,0.3548387097,0.0,0.0,0.1290322581,0.0,0.0,0.09677419355,0.08064516129
1,1,0.9038461538,0.4107142857,0.3035714286,0.0,0.0,0.1607142857,0.0,0.01785714286,0.08928571429,0.01785714286
1,1,0.8888888889,0.3815789474,0.2894736842,0.0,0.02631578947,0.1447368421,0.0,0.01315789474,0.03947368421,0.1052631579
1,1,0.8333333333,0.3888888889,0.4259259259,0.0,0.01851851852,0.01851851852,0.0,0.01851851852,0.1111111111,0.01851851852
1,1,0.8484848485,0.3636363636,0.4181818182,0.0,0.01818181818,0.07272727273,0.0,0.01818181818,0.1090909091,0.0
1,1,0.8712871287,0.3695652174,0.5,0.0,0.0,0.0,0.0,0.04347826087,0.0652173913,0.02173913043
1,1,0.8805970149,0.4788732394,0.5211267606,0.0,0.0,0.0,0.0,0.0,0.0,0.0
1,1,0.9345794393,0.4426229508,0.2459016393,0.0,0.0,0.1967213115,0.0,0.03278688525,0.06557377049,0.01639344262
1,1,0.9245283019,0.3275862069,0.4137931034,0.01724137931,0.0,0.03448275862,0.0,0.01724137931,0.1379310345,0.05172413793
1,1,0.9019607843,0.3148148148,0.3518518519,0.01851851852,0.0,0.05555555556,0.0,0.05555555556,0.1851851852,0.01851851852
1,1,0.8910891089,0.3333333333,0.3921568627,0.0,0.0,0.09803921569,0.0,0.01960784314,0.1176470588,0.03921568627
1,1,0.8910891089,0.4137931034,0.275862069,0.0,0.0,0.1379310345,0.0,0.01724137931,0.1206896552,0.03448275862
1,1,0.9126213592,0.2545454545,0.4727272727,0.07272727273,0.0,0.05454545455,0.0,0.0,0.1272727273,0.01818181818
1,1,0.86,0.1967213115,0.4754098361,0.01639344262,0.0,0.04918032787,0.0,0.0,0.09836065574,0.1639344262
1,1,0.8453608247,0.3684210526,0.4035087719,0.0,0.01754385965,0.0701754386,0.0,0.01754385965,0.1228070175,0.0
1,1,0.88,0.4590163934,0.3606557377,0.0,0.0,0.08196721311,0.0,0.01639344262,0.06557377049,0.01639344262
1,1,0.9142857143,0.3389830508,0.406779661,0.0,0.0,0.03389830508,0.0,0.01694915254,0.1525423729,0.05084745763
1,1,0.8595041322,0.5172413793,0.3448275862,0.0,0.01724137931,0.03448275862,0.0,0.0,0.06896551724,0.01724137931
1,1,0.8484848485,0.3469387755,0.4285714286,0.0,0.0,0.0612244898,0.0,0.0,0.1632653061,0.0
1,1,0.9038461538,0.358490566,0.320754717,0.0,0.0,0.1886792453,0.0,0.0,0.1320754717,0.0
1,1,0.8712871287,0.3818181818,0.3636363636,0.01818181818,0.0,0.03636363636,0.0,0.01818181818,0.1454545455,0.03636363636
1,1,0.8823529412,0.4736842105,0.2368421053,0.0,0.01315789474,0.1052631579,0.0,0.03947368421,0.1052631579,0.02631578947
1,1,0.8712871287,0.3333333333,0.4385964912,0.01754385965,0.0,0.0701754386,0.0,0.0,0.1403508772,0.0
1,1,0.9245283019,0.3114754098,0.393442623,0.0,0.0,0.131147541,0.0,0.01639344262,0.131147541,0.01639344262
1,1,0.8823529412,0.28,0.4,0.04,0.0,0.1,0.0,0.02,0.14,0.02
1,1,0.9245283019,0.3582089552,0.328358209,0.0,0.0,0.08955223881,0.0,0.01492537313,0.08955223881,0.1194029851
1,1,0.9333333333,0.3125,0.484375,0.015625,0.0,0.03125,0.0,0.015625,0.125,0.015625
1,1,0.9345794393,0.3880597015,0.4328358209,0.0447761194,0.0,0.0,0.0,0.01492537313,0.1044776119,0.01492537313
1,1,0.8656716418,0.4852941176,0.5147058824,0.0,0.0,0.0,0.0,0.0,0.0,0.0
1,1,0.86,0.3636363636,0.4,0.01818181818,0.0,0.05454545455,0.0,0.0,0.1636363636,0.0
1,1,0.8571428571,0.2941176471,0.3921568627,0.0,0.01960784314,0.07843137255,0.0,0.01960784314,0.1960784314,0.0
1,1,0.9038461538,0.2909090909,0.3818181818,0.01818181818,0.0,0.05454545455,0.0,0.03636363636,0.2,0.01818181818
1,1,0.9126213592,0.3454545455,0.3272727273,0.01818181818,0.0,0.1272727273,0.0,0.01818181818,0.1272727273,0.03636363636
1,1,0.86,0.3265306122,0.4489795918,0.0,0.0,0.0612244898,0.0,0.0,0.1632653061,0.0
1,1,0.9142857143,0.375,0.328125,0.0,0.0,0.09375,0.0,0.015625,0.09375,0.09375
1,1,0.8888888889,0.4769230769,0.3076923077,0.0,0.0,0.07692307692,0.0,0.01538461538,0.1076923077,0.01538461538
1,1,0.8484848485,0.3333333333,0.4375,0.0,0.0,0.0625,0.0,0.0,0.1666666667,0.0
1,1,0.9038461538,0.4126984127,0.2857142857,0.0,0.0,0.126984127,0.0,0.01587301587,0.1111111111,0.04761904762
1,1,0.86,0.3529411765,0.431372549,0.0,0.0,0.05882352941,0.0,0.0,0.1568627451,0.0
1,1,0.8955223881,0.4507042254,0.323943662,0.0,0.0,0.01408450704,0.0,0.1971830986,0.01408450704,0.0
1,1,0.8686868687,0.3773584906,0.358490566,0.01886792453,0.0,0.05660377358,0.0,0.01886792453,0.1509433962,0.01886792453
1,1,0.8484848485,0.3333333333,0.4166666667,0.0,0.0,0.0625,0.0,0.02083333333,0.1458333333,0.02083333333
1,1,0.88,0.387755102,0.2244897959,0.0,0.0,0.2040816327,0.0,0.04081632653,0.1224489796,0.02040816327
1,1,0.8686868687,0.4509803922,0.2745098039,0.0,0.0,0.1176470588,0.0,0.03921568627,0.09803921569,0.01960784314
1,1,0.8712871287,0.320754717,0.4150943396,0.01886792453,0.0,0.05660377358,0.0,0.01886792453,0.1509433962,0.01886792453
1,1,0.9142857143,0.3454545455,0.3454545455,0.01818181818,0.0,0.05454545455,0.0,0.03636363636,0.1818181818,0.01818181818
1,1,0.9230769231,0.1833333333,0.4,0.01666666667,0.0,0.15,0.0,0.01666666667,0.1,0.1333333333
1,1,0.88,0.35,0.4333333333,0.0,0.01666666667,0.05,0.0,0.01666666667,0.1166666667,0.01666666667
1,1,0.8712871287,0.3636363636,0.4545454545,0.03636363636,0.0,0.03636363636,0.0,0.0,0.1090909091,0.0
1,1,0.88,0.34,0.4,0.02,0.0,0.06,0.0,0.02,0.14,0.02
1,1,0.8721804511,0.4545454545,0.5454545455,0.0,0.0,0.0,0.0,0.0,0.0,0.0
1,1,0.9197080292,0.4210526316,0.3684210526,0.03947368421,0.0,0.03947368421,0.0,0.0,0.09210526316,0.03947368421
1,1,0.9444444444,0.2153846154,0.4,0.01538461538,0.0,0.1384615385,0.0,0.01538461538,0.09230769231,0.1230769231
1,1,0.8617886179,0.4262295082,0.4098360656,0.01639344262,0.0,0.03278688525,0.0,0.01639344262,0.08196721311,0.01639344262
1,1,0.8367346939,0.4,0.3555555556,0.0,0.0,0.06666666667,0.0,0.02222222222,0.08888888889,0.06666666667
1,1,0.9038461538,0.3035714286,0.3571428571,0.01785714286,0.0,0.05357142857,0.0,0.05357142857,0.1964285714,0.01785714286
1,1,0.9126213592,0.298245614,0.4561403509,0.0350877193,0.0,0.0350877193,0.0,0.0,0.1578947368,0.01754385965
1,1,0.8932038835,0.4339622642,0.3396226415,0.01886792453,0.0,0.07547169811,0.0,0.03773584906,0.07547169811,0.01886792453
1,1,0.9142857143,0.3174603175,0.4920634921,0.01587301587,0.0,0.03174603175,0.0,0.01587301587,0.1111111111,0.01587301587
1,1,0.9245283019,0.3448275862,0.2413793103,0.0,0.0,0.2586206897,0.0,0.05172413793,0.08620689655,0.01724137931
1,1,0.8712871287,0.3148148148,0.4074074074,0.05555555556,0.0,0.03703703704,0.0,0.01851851852,0.1481481481,0.01851851852
1,1,0.8780487805,0.4262295082,0.5737704918,0.0,0.0,0.0,0.0,0.0,0.0,0.0
1,1,0.86,0.2909090909,0.3454545455,0.0,0.01818181818,0.1818181818,0.0,0.01818181818,0.05454545455,0.09090909091
1,1,0.8823529412,0.3114754098,0.3278688525,0.0,0.01639344262,0.1639344262,0.0,0.01639344262,0.04918032787,0.1147540984
1,1,0.8823529412,0.3333333333,0.4736842105,0.0350877193,0.0,0.0350877193,0.0,0.0,0.1228070175,0.0
1,1,0.8484848485,0.3469387755,0.4285714286,0.0,0.0,0.04081632653,0.0,0.02040816327,0.1428571429,0.02040816327
1,1,0.9019607843,0.3148148148,0.3518518519,0.01851851852,0.0,0.05555555556,0.0,0.05555555556,0.1851851852,0.01851851852
1,1,0.9433962264,0.21875,0.40625,0.015625,0.0,0.125,0.0,0.015625,0.09375,0.125
1,1,0.8823529412,0.3518518519,0.462962963,0.0,0.0,0.05555555556,0.0,0.0,0.1296296296,0.0
1,1,0.8910891089,0.3103448276,0.3965517241,0.06896551724,0.0,0.03448275862,0.0,0.01724137931,0.1379310345,0.03448275862
1,1,0.8888888889,0.35,0.4166666667,0.0,0.01666666667,0.08333333333,0.0,0.01666666667,0.1,0.01666666667
1,1,0.8541666667,0.3333333333,0.4583333333,0.0,0.0,0.04166666667,0.0,0.02083333333,0.1041666667,0.04166666667
1,1,0.8888888889,0.5142857143,0.4857142857,0.0,0.0,0.0,0.0,0.0,0.0,0.0
1,1,0.9433962264,0.3114754098,0.4098360656,0.0,0.0,0.1147540984,0.0,0.01639344262,0.131147541,0.01639344262
1,1,0.9245283019,0.328125,0.484375,0.015625,0.0,0.03125,0.0,0.015625,0.109375,0.015625
1,1,0.9142857143,0.2931034483,0.3620689655,0.01724137931,0.0,0.05172413793,0.0,0.05172413793,0.2068965517,0.01724137931
1,1,0.8712871287,0.306122449,0.3469387755,0.02040816327,0.0,0.1428571429,0.0,0.02040816327,0.1428571429,0.02040816327
1,1,0.8571428571,0.4117647059,0.4117647059,0.0,0.0,0.03921568627,0.0,0.0,0.137254902,0.0
1,1,0.9142857143,0.3880597015,0.328358209,0.0,0.0,0.08955223881,0.0,0.01492537313,0.07462686567,0.1044776119
1,1,0.86,0.3333333333,0.4375,0.0,0.0,0.08333333333,0.0,0.0,0.1458333333,0.0
1,1,0.9215686275,0.3492063492,0.3650793651,0.0,0.0,0.07936507937,0.0,0.0,0.06349206349,0.1428571429
1,1,0.9345794393,0.3442622951,0.3770491803,0.0,0.0,0.131147541,0.0,0.01639344262,0.1147540984,0.01639344262
1,1,0.8712871287,0.3442622951,0.3606557377,0.0,0.0,0.1147540984,0.0,0.0,0.09836065574,0.08196721311
1,1,0.8740740741,0.4852941176,0.5147058824,0.0,0.0,0.0,0.0,0.0,0.0,0.0
1,1,0.86,0.4255319149,0.1914893617,0.0,0.0,0.2340425532,0.0,0.04255319149,0.08510638298,0.02127659574
1,1,0.9208633094,0.4179104478,0.4179104478,0.0,0.0,0.1343283582,0.0,0.0,0.02985074627,0.0
1,1,0.8932038835,0.3333333333,0.4285714286,0.0,0.01587301587,0.06349206349,0.0,0.01587301587,0.126984127,0.01587301587
1,1,0.8970588235,0.4756097561,0.2682926829,0.0,0.0,0.1097560976,0.0,0.0,0.07317073171,0.07317073171
1,1,0.8712871287,0.3384615385,0.3076923077,0.0,0.0,0.1538461538,0.0,0.0,0.09230769231,0.1076923077
1,1,0.9333333333,0.3387096774,0.3870967742,0.0,0.0,0.1129032258,0.0,0.01612903226,0.1290322581,0.01612903226
1,1,0.953271028,0.2950819672,0.4098360656,0.0,0.0,0.1475409836,0.0,0.01639344262,0.1147540984,0.01639344262
1,1,0.9019607843,0.350877193,0.3859649123,0.01754385965,0.0,0.0350877193,0.0,0.01754385965,0.1578947368,0.0350877193
1,1,0.8823529412,0.3469387755,0.4693877551,0.0,0.0,0.08163265306,0.0,0.04081632653,0.04081632653,0.02040816327
1,1,0.86,0.34,0.44,0.0,0.0,0.04,0.0,0.02,0.14,0.02
1,1,0.9076923077,0.313253012,0.4698795181,0.06024096386,0.01204819277,0.0,0.0,0.0,0.04819277108,0.09638554217
1,1,0.9117647059,0.5205479452,0.4794520548,0.0,0.0,0.0,0.0,0.0,0.0,0.0
1,1,0.824742268,0.3541666667,0.25,0.0,0.0,0.2291666667,0.0,0.04166666667,0.1041666667,0.02083333333
1,1,0.9038461538,0.320754717,0.3962264151,0.01886792453,0.0,0.05660377358,0.0,0.01886792453,0.1698113208,0.01886792453
1,1,0.9245283019,0.3793103448,0.224137931,0.0,0.0,0.2586206897,0.0,0.03448275862,0.08620689655,0.01724137931
1,1,0.9142857143,0.390625,0.421875,0.046875,0.0,0.0,0.0,0.015625,0.109375,0.015625
1,1,0.9038461538,0.3275862069,0.4482758621,0.01724137931,0.0,0.05172413793,0.0,0.0,0.1551724138,0.0
1,1,0.9142857143,0.34375,0.46875,0.015625,0.0,0.03125,0.0,0.015625,0.109375,0.015625
1,1,0.9444444444,0.3278688525,0.3770491803,0.0,0.0,0.1475409836,0.0,0.01639344262,0.1147540984,0.01639344262
1,1,0.8932038835,0.375,0.359375,0.0,0.0,0.09375,0.0,0.015625,0.0625,0.09375
1,1,0.9275362319,0.3924050633,0.2658227848,0.0,0.0253164557,0.1518987342,0.0,0.01265822785,0.03797468354,0.1139240506
1,1,0.9038461538,0.3650793651,0.3650793651,0.0,0.0,0.09523809524,0.0,0.01587301587,0.07936507937,0.07936507937
1,1,0.8721804511,0.4626865672,0.5373134328,0.0,0.0,0.0,0.0,0.0,0.0,0.0
1,1,0.86,0.3333333333,0.3529411765,0.01960784314,0.0,0.03921568627,0.0,0.03921568627,0.1960784314,0.01960784314
1,1,0.9126213592,0.3392857143,0.3571428571,0.01785714286,0.0,0.05357142857,0.0,0.03571428571,0.1785714286,0.01785714286
1,1,0.8932038835,0.3333333333,0.3859649123,0.0350877193,0.0,0.05263157895,0.0,0.01754385965,0.1578947368,0.01754385965
1,1,0.8484848485,0.3137254902,0.4705882353,0.03921568627,0.0,0.03921568627,0.0,0.0,0.137254902,0.0
1,1,0.88,0.3035714286,0.3928571429,0.0,0.01785714286,0.07142857143,0.0,0.01785714286,0.1964285714,0.0
1,1,0.9245283019,0.2711864407,0.4745762712,0.05084745763,0.0,0.05084745763,0.0,0.0,0.1355932203,0.01694915254
1,1,0.8712871287,0.3148148148,0.4259259259,0.0,0.0,0.05555555556,0.0,0.0,0.1851851852,0.01851851852
1,1,0.9142857143,0.3636363636,0.4909090909,0.0,0.0,0.0,0.0,0.03636363636,0.09090909091,0.01818181818
1,1,0.8823529412,0.42,0.24,0.0,0.0,0.18,0.0,0.04,0.08,0.04
1,1,0.8367346939,0.3725490196,0.3529411765,0.03921568627,0.0,0.03921568627,0.0,0.01960784314,0.1568627451,0.01960784314
1,1,0.8870967742,0.46875,0.53125,0.0,0.0,0.0,0.0,0.0,0.0,0.0
1,1,0.8823529412,0.1846153846,0.4923076923,0.01538461538,0.0,0.04615384615,0.0,0.0,0.1076923077,0.1538461538
1,1,0.8823529412,0.2857142857,0.2653061224,0.0,0.0,0.2448979592,0.0,0.0612244898,0.1224489796,0.02040816327
1,1,0.9352517986,0.45,0.35,0.05,0.0,0.05,0.0,0.0,0.0625,0.0375
1,1,0.8712871287,0.3703703704,0.3888888889,0.0,0.0,0.1111111111,0.0,0.03703703704,0.07407407407,0.01851851852
1,1,0.8712871287,0.3921568627,0.2549019608,0.0,0.0,0.2156862745,0.0,0.0,0.137254902,0.0
1,1,0.8932038835,0.2545454545,0.4727272727,0.07272727273,0.0,0.05454545455,0.0,0.0,0.1272727273,0.01818181818
1,1,0.86,0.3620689655,0.4137931034,0.01724137931,0.0,0.06896551724,0.0,0.0,0.1379310345,0.0
1,1,0.8712871287,0.3859649123,0.3859649123,0.01754385965,0.0,0.0701754386,0.0,0.0,0.1403508772,0.0
1,1,0.8484848485,0.375,0.3541666667,0.0,0.0,0.1041666667,0.0,0.02083333333,0.08333333333,0.0625
1,1,0.9147286822,0.4189189189,0.4324324324,0.0,0.0,0.0,0.0,0.0,0.1081081081,0.04054054054
1,1,0.8656716418,0.5,0.4285714286,0.0,0.0,0.0,0.0,0.07142857143,0.0,0.0
1,1,0.9126213592,0.3529411765,0.4705882353,0.0,0.0,0.02941176471,0.0,0.01470588235,0.1323529412,0.0
1,1,0.8739495798,0.3134328358,0.328358209,0.01492537313,0.01492537313,0.1492537313,0.0,0.01492537313,0.0447761194,0.1194029851
1,1,0.8823529412,0.3787878788,0.4242424242,0.0,0.01515151515,0.04545454545,0.0,0.01515151515,0.1060606061,0.01515151515
1,1,0.8484848485,0.3461538462,0.4038461538,0.0,0.0,0.03846153846,0.0,0.01923076923,0.1346153846,0.05769230769
1,1,0.824742268,0.32,0.36,0.02,0.0,0.04,0.0,0.0,0.22,0.04
1,1,0.824742268,0.3818181818,0.3090909091,0.0,0.0,0.1272727273,0.0,0.0,0.1090909091,0.07272727273
1,1,0.9105691057,0.3548387097,0.2741935484,0.0,0.0,0.2903225806,0.0,0.0,0.08064516129,0.0
1,1,0.8712871287,0.3090909091,0.4727272727,0.03636363636,0.0,0.03636363636,0.0,0.0,0.1454545455,0.0
1,1,0.9142857143,0.3333333333,0.4696969697,0.01515151515,0.0,0.0303030303,0.0,0.01515151515,0.1212121212,0.01515151515
1,1,0.9345794393,0.3174603175,0.3968253968,0.0,0.0,0.126984127,0.0,0.01587301587,0.126984127,0.01587301587
1,1,0.8595041322,0.5238095238,0.4761904762,0.0,0.0,0.0,0.0,0.0,0.0,0.0
1,1,0.8712871287,0.3442622951,0.4426229508,0.0,0.01639344262,0.04918032787,0.0,0.01639344262,0.1147540984,0.01639344262
1,1,0.9038461538,0.3035714286,0.3571428571,0.01785714286,0.0,0.05357142857,0.0,0.03571428571,0.2142857143,0.01785714286
1,1,0.9126213592,0.1454545455,0.4181818182,0.01818181818,0.0,0.2181818182,0.0,0.01818181818,0.1818181818,0.0
1,1,0.9038461538,0.2,0.4333333333,0.01666666667,0.0,0.1166666667,0.0,0.01666666667,0.08333333333,0.1333333333
1,1,0.9142857143,0.2807017544,0.4035087719,0.05263157895,0.0,0.1228070175,0.0,0.0,0.1228070175,0.01754385965
1,1,0.9130434783,0.4342105263,0.3815789474,0.01315789474,0.0,0.06578947368,0.0,0.01315789474,0.06578947368,0.02631578947
1,1,0.8333333333,0.28,0.42,0.06,0.0,0.1,0.0,0.0,0.14,0.0
1,1,0.8712871287,0.3888888889,0.2777777778,0.01851851852,0.0,0.1481481481,0.0,0.03703703704,0.1111111111,0.01851851852
1,1,0.8712871287,0.3518518519,0.462962963,0.03703703704,0.0,0.03703703704,0.0,0.0,0.1111111111,0.0
1,1,0.9142857143,0.3384615385,0.4769230769,0.01538461538,0.0,0.03076923077,0.0,0.01538461538,0.1076923077,0.01538461538
1,1,0.8656716418,0.5,0.5,0.0,0.0,0.0,0.0,0.0,0.0,0.0
1,1,0.88,0.3404255319,0.4255319149,0.0,0.0,0.04255319149,0.0,0.0,0.170212766,0.02127659574
1,1,0.9142857143,0.3684210526,0.2456140351,0.0,0.0,0.2105263158,0.0,0.0350877193,0.1052631579,0.0350877193
1,1,0.8484848485,0.4,0.2666666667,0.0,0.0,0.1333333333,0.0,0.0,0.1,0.1
1,1,0.9126213592,0.3650793651,0.3650793651,0.0,0.0,0.09523809524,0.0,0.01587301587,0.07936507937,0.07936507937
1,1,0.9038461538,0.3035714286,0.4107142857,0.01785714286,0.0,0.05357142857,0.0,0.01785714286,0.1964285714,0.0
1,1,0.8367346939,0.3125,0.4375,0.0,0.0,0.0625,0.0,0.0,0.1875,0.0
1,1,0.8686868687,0.3653846154,0.2884615385,0.0,0.0,0.1346153846,0.0,0.05769230769,0.1346153846,0.01923076923
1,1,0.9142857143,0.1785714286,0.4107142857,0.01785714286,0.0,0.1964285714,0.0,0.01785714286,0.1785714286,0.0
1,1,0.8739495798,0.3768115942,0.3913043478,0.0,0.0,0.08695652174,0.0,0.01449275362,0.05797101449,0.07246376812
1,1,0.8910891089,0.3260869565,0.4782608696,0.0,0.0,0.04347826087,0.0,0.0,0.1304347826,0.02173913043
1,1,0.9037037037,0.56,0.44,0.0,0.0,0.0,0.0,0.0,0.0,0.0
1,1,0.9345794393,0.3333333333,0.2166666667,0.0,0.0,0.2666666667,0.0,0.05,0.1,0.03333333333
1,1,0.8823529412,0.4193548387,0.2741935484,0.0,0.0,0.1129032258,0.0,0.01612903226,0.1129032258,0.06451612903
1,1,0.8484848485,0.3018867925,0.3396226415,0.01886792453,0.01886792453,0.1509433962,0.0,0.01886792453,0.05660377358,0.09433962264
1,1,0.86,0.387755102,0.4489795918,0.0,0.0,0.04081632653,0.0,0.04081632653,0.0612244898,0.02040816327
1,1,0.9444444444,0.2857142857,0.3968253968,0.01587301587,0.0,0.04761904762,0.0,0.03174603175,0.2063492063,0.01587301587
1,1,0.8712871287,0.3650793651,0.4444444444,0.0,0.01587301587,0.03174603175,0.0,0.01587301587,0.1111111111,0.01587301587
1,1,0.8712871287,0.36,0.38,0.0,0.0,0.06,0.0,0.0,0.18,0.02
1,1,0.8976377953,0.4242424242,0.3181818182,0.0,0.0,0.1060606061,0.0,0.0,0.1212121212,0.0303030303
1,1,0.8571428571,0.3606557377,0.4590163934,0.0,0.01639344262,0.03278688525,0.0,0.01639344262,0.09836065574,0.01639344262
1,1,0.9019607843,0.3396226415,0.4150943396,0.0,0.0,0.03773584906,0.0,0.01886792453,0.1509433962,0.03773584906
1,1,0.8656716418,0.4927536232,0.5072463768,0.0,0.0,0.0,0.0,0.0,0.0,0.0
1,1,0.8923076923,0.4,0.3857142857,0.0,0.0,0.02857142857,0.0,0.01428571429,0.1428571429,0.02857142857
1,1,0.8932038835,0.3275862069,0.3965517241,0.0,0.0,0.03448275862,0.0,0.01724137931,0.1724137931,0.05172413793
1,1,0.8484848485,0.38,0.38,0.02,0.0,0.08,0.0,0.0,0.14,0.0
1,1,0.9541284404,0.3225806452,0.3870967742,0.0,0.0,0.1451612903,0.0,0.01612903226,0.1129032258,0.01612903226
1,1,0.824742268,0.375,0.4285714286,0.0,0.01785714286,0.03571428571,0.0,0.01785714286,0.1071428571,0.01785714286
1,1,0.8712871287,0.3684210526,0.3333333333,0.0,0.0,0.05263157895,0.0,0.0350877193,0.1052631579,0.1052631579
1,1,0.8712871287,0.3387096774,0.4677419355,0.0,0.01612903226,0.03225806452,0.0,0.01612903226,0.1129032258,0.01612903226
1,1,0.8333333333,0.3829787234,0.3829787234,0.0,0.0,0.06382978723,0.0,0.02127659574,0.1276595745,0.02127659574
1,1,0.9142857143,0.2909090909,0.4545454545,0.03636363636,0.0,0.07272727273,0.0,0.0,0.1272727273,0.01818181818
1,1,0.9019607843,0.3333333333,0.3888888889,0.0,0.0,0.05555555556,0.0,0.01851851852,0.1481481481,0.05555555556
1,1,0.9361702128,0.5070422535,0.2676056338,0.0,0.0,0.1830985915,0.0,0.0,0.04225352113,0.0
1,1,0.86,0.3684210526,0.4035087719,0.01754385965,0.0,0.05263157895,0.0,0.0,0.1578947368,0.0
1,1,0.9038461538,0.3157894737,0.3333333333,0.0,0.0,0.2105263158,0.0,0.0,0.1403508772,0.0
1,1,0.9051094891,0.3896103896,0.3766233766,0.01298701299,0.0,0.03896103896,0.0,0.0,0.1688311688,0.01298701299
1,1,0.8823529412,0.4736842105,0.3026315789,0.0,0.0,0.07894736842,0.0,0.02631578947,0.09210526316,0.02631578947
1,1,0.8571428571,0.3636363636,0.3272727273,0.0,0.0,0.05454545455,0.0,0.01818181818,0.1454545455,0.09090909091
1,1,0.9038461538,0.359375,0.375,0.0,0.0,0.0625,0.0,0.015625,0.0625,0.125
1,1,0.8712871287,0.3272727273,0.3272727273,0.0,0.0,0.1272727273,0.0,0.01818181818,0.07272727273,0.1272727273
1,1,0.8484848485,0.3333333333,0.4705882353,0.03921568627,0.0,0.03921568627,0.0,0.0,0.1176470588,0.0
1,1,0.9032258065,0.4084507042,0.3521126761,0.0,0.0,0.08450704225,0.0,0.01408450704,0.05633802817,0.08450704225
1,1,0.8367346939,0.3695652174,0.4782608696,0.02173913043,0.0,0.0,0.0,0.04347826087,0.0652173913,0.02173913043
1,1,0.9051094891,0.52,0.48,0.0,0.0,0.0,0.0,0.0,0.0,0.0
1,1,0.8932038835,0.3035714286,0.3928571429,0.03571428571,0.0,0.05357142857,0.0,0.01785714286,0.1785714286,0.01785714286
1,1,0.9142857143,0.2745098039,0.3137254902,0.0,0.0,0.2549019608,0.0,0.03921568627,0.09803921569,0.01960784314
1,1,0.8712871287,0.3137254902,0.3529411765,0.01960784314,0.0,0.05882352941,0.0,0.05882352941,0.1764705882,0.01960784314
1,1,0.9130434783,0.5185185185,0.2469135802,0.0,0.0,0.1111111111,0.0,0.03703703704,0.07407407407,0.01234567901
1,1,0.8484848485,0.3018867925,0.4339622642,0.01886792453,0.0,0.03773584906,0.0,0.01886792453,0.1320754717,0.05660377358
1,1,0.9208633094,0.3908045977,0.3908045977,0.01149425287,0.0,0.04597701149,0.0,0.0,0.1379310345,0.02298850575
1,1,0.9142857143,0.4,0.3230769231,0.0,0.0,0.09230769231,0.0,0.01538461538,0.09230769231,0.07692307692
1,1,0.8823529412,0.3076923077,0.3653846154,0.01923076923,0.0,0.05769230769,0.0,0.03846153846,0.1923076923,0.01923076923
1,1,0.9333333333,0.3684210526,0.3859649123,0.01754385965,0.0,0.0701754386,0.0,0.01754385965,0.1228070175,0.01754385965
1,1,0.9230769231,0.3684210526,0.3684210526,0.01754385965,0.0,0.05263157895,0.0,0.01754385965,0.1578947368,0.01754385965
1,1,0.90625,0.5,0.3833333333,0.0,0.03333333333,0.03333333333,0.0,0.0,0.01666666667,0.03333333333
1,1,0.8636363636,0.4848484848,0.5151515152,0.0,0.0,0.0,0.0,0.0,0.0,0.0
1,1,0.8571428571,0.3333333333,0.35,0.0,0.0,0.1333333333,0.0,0.0,0.1,0.08333333333
1,1,0.8367346939,0.375,0.3214285714,0.0,0.0,0.1071428571,0.0,0.0,0.1071428571,0.08928571429
1,1,0.9142857143,0.2807017544,0.4736842105,0.05263157895,0.0,0.05263157895,0.0,0.0,0.1228070175,0.01754385965
1,1,0.9142857143,0.3214285714,0.4107142857,0.01785714286,0.0,0.03571428571,0.0,0.01785714286,0.1428571429,0.05357142857
1,1,0.8932038835,0.3928571429,0.2857142857,0.0,0.0,0.1428571429,0.0,0.03571428571,0.125,0.01785714286
1,1,0.8712871287,0.42,0.42,0.02,0.0,0.02,0.0,0.04,0.08,0.0
1,1,0.9345794393,0.2121212121,0.4242424242,0.01515151515,0.0,0.1212121212,0.0,0.01515151515,0.09090909091,0.1212121212
1,1,0.8367346939,0.4545454545,0.2909090909,0.0,0.0,0.07272727273,0.0,0.0,0.1090909091,0.07272727273
1,1,0.8932038835,0.3392857143,0.375,0.03571428571,0.0,0.05357142857,0.0,0.01785714286,0.1607142857,0.01785714286
1,1,0.9333333333,0.3220338983,0.3898305085,0.0,0.0,0.1355932203,0.0,0.01694915254,0.1186440678,0.01694915254
1,1,0.8656716418,0.5285714286,0.4714285714,0.0,0.0,0.0,0.0,0.0,0.0,0.0
1,1,0.9142857143,0.1896551724,0.5517241379,0.01724137931,0.0,0.05172413793,0.0,0.0,0.1724137931,0.01724137931
1,1,0.9126213592,0.3220338983,0.406779661,0.0,0.0,0.1016949153,0.0,0.01694915254,0.1355932203,0.01694915254
1,1,0.8932038835,0.3454545455,0.3090909091,0.01818181818,0.0,0.05454545455,0.0,0.03636363636,0.2181818182,0.01818181818
1,1,0.8712871287,0.3636363636,0.4545454545,0.03636363636,0.0,0.03636363636,0.0,0.0,0.1090909091,0.0
1,1,0.9038461538,0.25,0.4642857143,0.05357142857,0.0,0.05357142857,0.0,0.0,0.1428571429,0.03571428571
1,1,0.8484848485,0.387755102,0.4285714286,0.0,0.0,0.0612244898,0.0,0.0,0.1224489796,0.0
1,1,0.8617886179,0.3148148148,0.4074074074,0.0,0.0,0.2037037037,0.0,0.0,0.05555555556,0.01851851852
1,1,0.8484848485,0.3125,0.4166666667,0.02083333333,0.0,0.0625,0.0,0.02083333333,0.1458333333,0.02083333333
1,1,0.9108910891,0.3389830508,0.406779661,0.0,0.0,0.1016949153,0.0,0.01694915254,0.1186440678,0.01694915254
1,1,0.8367346939,0.387755102,0.2653061224,0.0,0.0,0.1836734694,0.0,0.0,0.1632653061,0.0
1,1,0.9051094891,0.5526315789,0.4473684211,0.0,0.0,0.0,0.0,0.0,0.0,0.0
1,1,0.824742268,0.3673469388,0.4081632653,0.0,0.0,0.0612244898,0.0,0.0,0.1632653061,0.0
1,1,0.8823529412,0.3103448276,0.4482758621,0.01724137931,0.0,0.05172413793,0.0,0.0,0.1551724138,0.01724137931
1,1,0.86,0.3684210526,0.3859649123,0.0,0.01754385965,0.1052631579,0.0,0.01754385965,0.1052631579,0.0
1,1,0.8910891089,0.3666666667,0.35,0.0,0.0,0.1,0.0,0.01666666667,0.08333333333,0.08333333333
1,1,0.86,0.4130434783,0.2173913043,0.0,0.0,0.1956521739,0.0,0.04347826087,0.08695652174,0.04347826087
1,1,0.8823529412,0.3636363636,0.4,0.01818181818,0.0,0.07272727273,0.0,0.0,0.1454545455,0.0
1,1,0.8367346939,0.38,0.44,0.0,0.0,0.04,0.0,0.0,0.14,0.0
1,1,0.8852459016,0.323943662,0.323943662,0.01408450704,0.01408450704,0.1549295775,0.0,0.01408450704,0.04225352113,0.1126760563
1,1,0.8932038835,0.358490566,0.2264150943,0.0,0.0,0.2452830189,0.0,0.05660377358,0.09433962264,0.01886792453
1,1,0.8686868687,0.3620689655,0.4310344828,0.01724137931,0.0,0.06896551724,0.0,0.0,0.1206896552,0.0
1,1,0.8549618321,0.4626865672,0.4179104478,0.0,0.0,0.0,0.0,0.1194029851,0.0,0.0
1,1,0.8367346939,0.4310344828,0.3448275862,0.01724137931,0.0,0.0,0.0,0.0,0.1206896552,0.08620689655
1,1,0.9142857143,0.303030303,0.3333333333,0.0,0.01515151515,0.1666666667,0.0,0.01515151515,0.04545454545,0.1212121212
1,1,0.8823529412,0.2931034483,0.4137931034,0.0,0.01724137931,0.06896551724,0.0,0.01724137931,0.1896551724,0.0
1,1,0.8932038835,0.3818181818,0.2181818182,0.0,0.0,0.2181818182,0.0,0.03636363636,0.1090909091,0.03636363636
1,1,0.9142857143,0.298245614,0.4210526316,0.0350877193,0.0,0.05263157895,0.0,0.01754385965,0.1578947368,0.01754385965
1,1,0.8712871287,0.375,0.3214285714,0.0,0.0,0.05357142857,0.0,0.03571428571,0.08928571429,0.125
1,1,0.9038461538,0.2857142857,0.4285714286,0.01785714286,0.0,0.05357142857,0.0,0.01785714286,0.1964285714,0.0
1,1,0.8932038835,0.3518518519,0.3518518519,0.0,0.0,0.1111111111,0.0,0.01851851852,0.1296296296,0.03703703704
1,1,0.8367346939,0.3773584906,0.3396226415,0.0,0.0,0.03773584906,0.0,0.03773584906,0.1132075472,0.09433962264
1,1,0.86,0.3214285714,0.3035714286,0.0,0.01785714286,0.1785714286,0.0,0.01785714286,0.05357142857,0.1071428571
1,1,0.8805970149,0.46875,0.453125,0.0,0.0,0.0,0.0,0.0625,0.015625,0.0
1,1,0.9345794393,0.3898305085,0.2372881356,0.0,0.0,0.2203389831,0.0,0.01694915254,0.1355932203,0.0
1,1,0.8805970149,0.4078947368,0.3552631579,0.05263157895,0.0,0.02631578947,0.0,0.0,0.1315789474,0.02631578947
1,1,0.9038461538,0.3389830508,0.3898305085,0.01694915254,0.0,0.03389830508,0.0,0.01694915254,0.1525423729,0.05084745763
1,1,0.8932038835,0.3272727273,0.4,0.01818181818,0.0,0.03636363636,0.0,0.01818181818,0.1454545455,0.05454545455
1,1,0.8932038835,0.3571428571,0.375,0.01785714286,0.0,0.03571428571,0.0,0.01785714286,0.1607142857,0.03571428571
1,1,0.9285714286,0.375,0.325,0.0125,0.0,0.1375,0.0,0.0,0.15,0.0
1,1,0.9038461538,0.3035714286,0.4285714286,0.03571428571,0.0,0.03571428571,0.0,0.01785714286,0.1607142857,0.01785714286
1,1,0.88,0.3818181818,0.3272727273,0.0,0.0,0.05454545455,0.0,0.03636363636,0.09090909091,0.1090909091
1,1,0.8367346939,0.375,0.4166666667,0.0,0.0,0.0625,0.0,0.0,0.1458333333,0.0
1,1,0.9038461538,0.2941176471,0.3823529412,0.0,0.0,0.1176470588,0.0,0.01470588235,0.07352941176,0.1176470588
1,1,0.8939393939,0.5555555556,0.4444444444,0.0,0.0,0.0,0.0,0.0,0.0,0.0
1,1,0.8686868687,0.3461538462,0.4038461538,0.01923076923,0.0,0.07692307692,0.0,0.0,0.1538461538,0.0
1,1,0.8932038835,0.3148148148,0.3518518519,0.01851851852,0.0,0.05555555556,0.0,0.05555555556,0.1851851852,0.01851851852
1,1,0.9,0.3166666667,0.4333333333,0.01666666667,0.0,0.05,0.0,0.0,0.1666666667,0.01666666667
1,1,0.8571428571,0.3703703704,0.3333333333,0.01851851852,0.0,0.05555555556,0.0,0.01851851852,0.09259259259,0.1111111111
1,1,0.9142857143,0.3103448276,0.3448275862,0.01724137931,0.0,0.05172413793,0.0,0.05172413793,0.2068965517,0.01724137931
1,1,0.8823529412,0.34,0.42,0.0,0.0,0.04,0.0,0.0,0.16,0.04
1,1,0.88,0.3793103448,0.3275862069,0.0,0.0,0.1034482759,0.0,0.01724137931,0.1034482759,0.06896551724
1,1,0.8712871287,0.3103448276,0.3103448276,0.0,0.01724137931,0.1896551724,0.0,0.01724137931,0.05172413793,0.1034482759
1,1,0.8484848485,0.358490566,0.3773584906,0.03773584906,0.0,0.03773584906,0.0,0.01886792453,0.1509433962,0.01886792453
1,1,0.9306930693,0.2923076923,0.3230769231,0.0,0.01538461538,0.1692307692,0.0,0.01538461538,0.04615384615,0.1384615385
1,1,0.8396946565,0.4242424242,0.4242424242,0.0,0.0,0.0,0.0,0.1515151515,0.0,0.0
1,1,0.9541284404,0.3015873016,0.3968253968,0.0,0.0,0.1428571429,0.0,0.01587301587,0.126984127,0.01587301587
1,1,0.824742268,0.3703703704,0.4074074074,0.0,0.01851851852,0.05555555556,0.0,0.01851851852,0.1296296296,0.0
1,1,0.8932038835,0.3269230769,0.4423076923,0.0,0.0,0.1153846154,0.0,0.03846153846,0.05769230769,0.01923076923
1,1,0.86,0.4423076923,0.1923076923,0.0,0.0,0.1538461538,0.0,0.03846153846,0.1346153846,0.03846153846
1,1,0.8721804511,0.4520547945,0.3561643836,0.02739726027,0.0,0.02739726027,0.0,0.0,0.1095890411,0.02739726027
1,1,0.86,0.375,0.2291666667,0.0,0.0,0.1666666667,0.0,0.0625,0.125,0.04166666667
1,1,0.8484848485,0.3043478261,0.4565217391,0.02173913043,0.0,0.04347826087,0.0,0.02173913043,0.1304347826,0.02173913043
1,1,0.9345794393,0.2063492063,0.3968253968,0.03174603175,0.0,0.126984127,0.0,0.01587301587,0.09523809524,0.126984127
1,1,0.8686868687,0.3166666667,0.4333333333,0.0,0.01666666667,0.08333333333,0.0,0.01666666667,0.1166666667,0.01666666667
1,1,0.9,0.2931034483,0.3448275862,0.01724137931,0.0,0.1379310345,0.0,0.0,0.1034482759,0.1034482759
1,1,0.8636363636,0.4461538462,0.5538461538,0.0,0.0,0.0,0.0,0.0,0.0,0.0
1,1,0.8888888889,0.3220338983,0.4576271186,0.01694915254,0.0,0.05084745763,0.0,0.0,0.1525423729,0.0
1,1,0.8888888889,0.4545454545,0.4393939394,0.0,0.0,0.0,0.0,0.09090909091,0.01515151515,0.0
1,1,0.9117647059,0.5,0.5,0.0,0.0,0.0,0.0,0.0,0.0,0.0
1,1,0.9333333333,0.2325581395,0.488372093,0.1395348837,0.01162790698,0.0,0.0,0.0,0.04651162791,0.08139534884
1,1,0.9007633588,0.4383561644,0.4109589041,0.06849315068,0.01369863014,0.0,0.0,0.0,0.06849315068,0.0
1,1,0.8615384615,0.4848484848,0.3636363636,0.0,0.0,0.01515151515,0.0,0.1212121212,0.01515151515,0.0
1,1,0.868852459,0.4590163934,0.393442623,0.0,0.0,0.0,0.0,0.131147541,0.01639344262,0.0
1,1,0.9037037037,0.5526315789,0.4473684211,0.0,0.0,0.0,0.0,0.0,0.0,0.0
1,1,0.8970588235,0.56,0.44,0.0,0.0,0.0,0.0,0.0,0.0,0.0
1,1,0.9037037037,0.5526315789,0.4473684211,0.0,0.0,0.0,0.0,0.0,0.0,0.0
1,1,0.8636363636,0.4852941176,0.5147058824,0.0,0.0,0.0,0.0,0.0,0.0,0.0
1,1,0.8721804511,0.5714285714,0.4285714286,0.0,0.0,0.0,0.0,0.0,0.0,0.0
1,1,0.8852459016,0.5294117647,0.4705882353,0.0,0.0,0.0,0.0,0.0,0.0,0.0
1,1,0.8549618321,0.4925373134,0.4029850746,0.0,0.0,0.0,0.0,0.08955223881,0.01492537313,0.0
1,1,0.8666666667,0.4827586207,0.4137931034,0.0,0.0,0.0,0.0,0.08620689655,0.01724137931,0.0
1,1,0.9333333333,0.4117647059,0.4235294118,0.01176470588,0.01176470588,0.01176470588,0.0,0.0,0.1176470588,0.01176470588
1,1,0.8780487805,0.4,0.4166666667,0.0,0.0,0.0,0.0,0.1666666667,0.01666666667,0.0
1,1,0.8396946565,0.46875,0.53125,0.0,0.0,0.0,0.0,0.0,0.0,0.0
1,1,0.8346456693,0.5245901639,0.4754098361,0.0,0.0,0.0,0.0,0.0,0.0,0.0
1,1,0.8527131783,0.4925373134,0.5074626866,0.0,0.0,0.0,0.0,0.0,0.0,0.0
1,1,0.8527131783,0.453125,0.546875,0.0,0.0,0.0,0.0,0.0,0.0,0.0
1,1,0.8702290076,0.5,0.5,0.0,0.0,0.0,0.0,0.0,0.0,0.0
1,1,0.8595041322,0.45,0.55,0.0,0.0,0.0,0.0,0.0,0.0,0.0
1,1,0.8740740741,0.5211267606,0.4788732394,0.0,0.0,0.0,0.0,0.0,0.0,0.0
1,1,0.8656716418,0.4931506849,0.3698630137,0.0,0.0,0.0,0.0,0.1369863014,0.0,0.0
1,1,0.8823529412,0.5,0.5,0.0,0.0,0.0,0.0,0.0,0.0,0.0
1,1,0.9090909091,0.4705882353,0.4705882353,0.0,0.0,0.01470588235,0.0,0.0,0.02941176471,0.01470588235
1,1,0.8970588235,0.5068493151,0.4931506849,0.0,0.0,0.0,0.0,0.0,0.0,0.0
1,1,0.8780487805,0.4603174603,0.5396825397,0.0,0.0,0.0,0.0,0.0,0.0,0.0
1,1,0.8702290076,0.4927536232,0.5072463768,0.0,0.0,0.0,0.0,0.0,0.0,0.0
1,1,0.8769230769,0.3870967742,0.3548387097,0.0,0.0,0.0,0.0,0.2419354839,0.01612903226,0.0
1,1,0.9117647059,0.5,0.5,0.0,0.0,0.0,0.0,0.0,0.0,0.0
1,1,0.912,0.4655172414,0.275862069,0.0,0.0,0.2068965517,0.0,0.0,0.05172413793,0.0
1,1,0.8888888889,0.5352112676,0.4647887324,0.0,0.0,0.0,0.0,0.0,0.0,0.0
1,1,0.8740740741,0.4637681159,0.4492753623,0.0,0.0,0.0,0.0,0.08695652174,0.0,0.0
1,1,0.828125,0.4920634921,0.5079365079,0.0,0.0,0.0,0.0,0.0,0.0,0.0
1,1,0.8721804511,0.447761194,0.552238806,0.0,0.0,0.0,0.0,0.0,0.0,0.0
1,1,0.8805970149,0.4065934066,0.3956043956,0.1318681319,0.0,0.0,0.0,0.0,0.06593406593,0.0
1,1,0.868852459,0.4761904762,0.5238095238,0.0,0.0,0.0,0.0,0.0,0.0,0.0
1,1,0.84375,0.4754098361,0.3770491803,0.0,0.0,0.0,0.0,0.131147541,0.01639344262,0.0
1,1,0.8636363636,0.4852941176,0.5147058824,0.0,0.0,0.0,0.0,0.0,0.0,0.0
1,1,0.9117647059,0.527027027,0.472972973,0.0,0.0,0.0,0.0,0.0,0.0,0.0
1,1,0.868852459,0.515625,0.484375,0.0,0.0,0.0,0.0,0.0,0.0,0.0
1,1,0.8661417323,0.4848484848,0.5151515152,0.0,0.0,0.0,0.0,0.0,0.0,0.0
1,1,0.8372093023,0.4406779661,0.5593220339,0.0,0.0,0.0,0.0,0.0,0.0,0.0
1,1,0.8636363636,0.46875,0.40625,0.0,0.0,0.0,0.0,0.125,0.0,0.0
1,1,0.8721804511,0.4545454545,0.5454545455,0.0,0.0,0.0,0.0,0.0,0.0,0.0
1,1,0.9051094891,0.5526315789,0.4473684211,0.0,0.0,0.0,0.0,0.0,0.0,0.0
1,1,0.8656716418,0.4857142857,0.3857142857,0.0,0.0,0.05714285714,0.0,0.0,0.0,0.07142857143
1,1,0.8484848485,0.5147058824,0.4852941176,0.0,0.0,0.0,0.0,0.0,0.0,0.0
1,1,0.8854961832,0.5,0.5,0.0,0.0,0.0,0.0,0.0,0.0,0.0
1,1,0.8888888889,0.5890410959,0.4109589041,0.0,0.0,0.0,0.0,0.0,0.0,0.0
1,1,0.8636363636,0.453125,0.546875,0.0,0.0,0.0,0.0,0.0,0.0,0.0
1,1,0.8721804511,0.4545454545,0.5454545455,0.0,0.0,0.0,0.0,0.0,0.0,0.0
1,1,0.9051094891,0.5070422535,0.4929577465,0.0,0.0,0.0,0.0,0.0,0.0,0.0
1,1,0.8787878788,0.4411764706,0.5588235294,0.0,0.0,0.0,0.0,0.0,0.0,0.0
1,1,0.8872180451,0.4615384615,0.4615384615,0.0,0.0,0.0,0.0,0.06153846154,0.01538461538,0.0
1,1,0.8666666667,0.4545454545,0.4363636364,0.0,0.0,0.0,0.0,0.09090909091,0.01818181818,0.0
1,1,0.8787878788,0.4776119403,0.5223880597,0.0,0.0,0.0,0.0,0.0,0.0,0.0
1,1,0.9104477612,0.5,0.2926829268,0.1219512195,0.01219512195,0.0,0.0,0.0,0.07317073171,0.0
1,1,0.9051094891,0.5135135135,0.4864864865,0.0,0.0,0.0,0.0,0.0,0.0,0.0
1,1,0.9051094891,0.5526315789,0.4473684211,0.0,0.0,0.0,0.0,0.0,0.0,0.0
1,1,0.828125,0.4918032787,0.4918032787,0.0,0.0,0.0,0.0,0.0,0.0,0.01639344262
1,1,0.8702290076,0.4375,0.5625,0.0,0.0,0.0,0.0,0.0,0.0,0.0
1,1,0.8805970149,0.4788732394,0.5211267606,0.0,0.0,0.0,0.0,0.0,0.0,0.0
1,1,0.8721804511,0.4603174603,0.4603174603,0.0,0.0,0.0,0.0,0.06349206349,0.01587301587,0.0
1,1,0.8188976378,0.5333333333,0.45,0.0,0.0,0.0,0.0,0.0,0.0,0.01666666667
1,1,0.8780487805,0.4516129032,0.5483870968,0.0,0.0,0.0,0.0,0.0,0.0,0.0
1,1,0.8721804511,0.390625,0.34375,0.0,0.0,0.0,0.0,0.25,0.015625,0.0
1,1,0.8636363636,0.453125,0.546875,0.0,0.0,0.0,0.0,0.0,0.0,0.0
1,1,0.9393939394,0.2023809524,0.4880952381,0.1428571429,0.0119047619,0.0,0.0,0.0,0.04761904762,0.1071428571
1,1,0.8823529412,0.4782608696,0.5217391304,0.0,0.0,0.0,0.0,0.0,0.0,0.0
1,1,0.9051094891,0.5584415584,0.4415584416,0.0,0.0,0.0,0.0,0.0,0.0,0.0
1,1,0.8484848485,0.5454545455,0.4545454545,0.0,0.0,0.0,0.0,0.0,0.0,0.0
1,1,0.8905109489,0.5675675676,0.4324324324,0.0,0.0,0.0,0.0,0.0,0.0,0.0
1,1,0.85,0.4107142857,0.3928571429,0.0,0.0,0.0,0.0,0.1785714286,0.01785714286,0.0
1,1,0.9051094891,0.5584415584,0.4415584416,0.0,0.0,0.0,0.0,0.0,0.0,0.0
1,1,0.8872180451,0.5285714286,0.4714285714,0.0,0.0,0.0,0.0,0.0,0.0,0.0
1,1,0.8805970149,0.4029850746,0.4179104478,0.0,0.0,0.0,0.0,0.1641791045,0.01492537313,0.0
1,1,0.8307692308,0.5,0.3666666667,0.0,0.0,0.01666666667,0.0,0.1166666667,0.0,0.0
1,1,0.868852459,0.4576271186,0.5423728814,0.0,0.0,0.0,0.0,0.0,0.0,0.0
1,1,0.9007633588,0.3857142857,0.4857142857,0.0,0.01428571429,0.05714285714,0.0,0.0,0.05714285714,0.0
1,1,0.8721804511,0.4647887324,0.4225352113,0.0,0.0,0.0,0.0,0.1126760563,0.0,0.0
1,1,0.8595041322,0.4385964912,0.4035087719,0.0,0.0,0.0,0.0,0.1403508772,0.01754385965,0.0
1,1,0.9285714286,0.5217391304,0.2608695652,0.0,0.0,0.1739130435,0.0,0.0,0.04347826087,0.0
1,1,0.9130434783,0.5066666667,0.4933333333,0.0,0.0,0.0,0.0,0.0,0.0,0.0
1,1,0.9104477612,0.5294117647,0.4117647059,0.01470588235,0.0,0.0,0.0,0.0,0.04411764706,0.0
1,1,0.8721804511,0.4558823529,0.3676470588,0.0,0.0,0.0,0.0,0.1617647059,0.01470588235,0.0
1,1,0.8740740741,0.5342465753,0.4657534247,0.0,0.0,0.0,0.0,0.0,0.0,0.0
1,1,0.8780487805,0.46875,0.53125,0.0,0.0,0.0,0.0,0.0,0.0,0.0
1,1,0.8985507246,0.5540540541,0.4459459459,0.0,0.0,0.0,0.0,0.0,0.0,0.0
1,1,0.8571428571,0.4385964912,0.4035087719,0.0,0.0,0.0,0.0,0.1403508772,0.01754385965,0.0
1,1,0.9496402878,0.2421052632,0.1052631579,0.1368421053,0.4421052632,0.0,0.0,0.0,0.07368421053,0.0
1,1,0.8787878788,0.4696969697,0.4090909091,0.0,0.0,0.0,0.0,0.1060606061,0.01515151515,0.0
1,1,0.868852459,0.53125,0.46875,0.0,0.0,0.0,0.0,0.0,0.0,0.0
1,1,0.8870967742,0.4461538462,0.5538461538,0.0,0.0,0.0,0.0,0.0,0.0,0.0
1,1,0.8549618321,0.4032258065,0.3225806452,0.0,0.0,0.01612903226,0.0,0.2580645161,0.0,0.0
1,1,0.9117647059,0.5068493151,0.4931506849,0.0,0.0,0.0,0.0,0.0,0.0,0.0
1,1,0.8484848485,0.4848484848,0.4242424242,0.0,0.0,0.0,0.0,0.09090909091,0.0,0.0
1,1,0.9117647059,0.5657894737,0.4342105263,0.0,0.0,0.0,0.0,0.0,0.0,0.0
1,1,0.896,0.4545454545,0.5454545455,0.0,0.0,0.0,0.0,0.0,0.0,0.0
1,1,0.8780487805,0.453125,0.546875,0.0,0.0,0.0,0.0,0.0,0.0,0.0
1,1,0.9361702128,0.5142857143,0.2714285714,0.0,0.0,0.1714285714,0.0,0.0,0.04285714286,0.0
1,1,0.8805970149,0.5362318841,0.4057971014,0.0,0.0,0.01449275362,0.0,0.0,0.02898550725,0.01449275362
1,1,0.8888888889,0.5074626866,0.4925373134,0.0,0.0,0.0,0.0,0.0,0.0,0.0
1,1,0.8721804511,0.5428571429,0.4571428571,0.0,0.0,0.0,0.0,0.0,0.0,0.0
1,1,0.8656716418,0.4714285714,0.4285714286,0.0,0.0,0.0,0.0,0.1,0.0,0.0
1,1,0.8721804511,0.4857142857,0.5142857143,0.0,0.0,0.0,0.0,0.0,0.0,0.0
1,1,0.8740740741,0.5138888889,0.4861111111,0.0,0.0,0.0,0.0,0.0,0.0,0.0
1,1,0.9051094891,0.5342465753,0.4657534247,0.0,0.0,0.0,0.0,0.0,0.0,0.0
1,1,0.9037037037,0.5072463768,0.4927536232,0.0,0.0,0.0,0.0,0.0,0.0,0.0
1,1,0.8346456693,0.4666666667,0.5333333333,0.0,0.0,0.0,0.0,0.0,0.0,0.0
1,1,0.8823529412,0.5205479452,0.4246575342,0.0,0.0,0.0,0.0,0.05479452055,0.0,0.0
1,1,0.8805970149,0.5072463768,0.4927536232,0.0,0.0,0.0,0.0,0.0,0.0,0.0
1,1,0.7118644068,0.5454545455,0.2727272727,0.0,0.01515151515,0.0,0.0,0.0,0.0,0.1666666667
1,1,0.7226890756,0.5,0.3333333333,0.0,0.01515151515,0.0,0.0,0.0,0.0,0.1515151515
1,1,0.7333333333,0.4142857143,0.3428571429,0.0,0.0,0.0,0.0,0.0,0.0,0.2428571429
1,1,0.6111111111,0.4545454545,0.2727272727,0.0,0.02272727273,0.0,0.0,0.0,0.0,0.25
1,1,0.7226890756,0.4745762712,0.3050847458,0.0,0.01694915254,0.0,0.0,0.0,0.0,0.2033898305
1,1,0.7540983607,0.5,0.3055555556,0.0,0.01388888889,0.0,0.0,0.0,0.0,0.1805555556
1,1,0.7333333333,0.4545454545,0.3484848485,0.0,0.0,0.0,0.0,0.0,0.0,0.196969697
1,1,0.7226890756,0.5573770492,0.262295082,0.0,0.01639344262,0.0,0.0,0.0,0.0,0.1639344262
1,1,0.784,0.5068493151,0.3287671233,0.0,0.01369863014,0.0,0.0,0.0,0.0,0.1506849315
1,1,0.735042735,0.4307692308,0.3384615385,0.0,0.01538461538,0.0,0.0,0.0,0.0,0.2153846154
1,1,0.7457627119,0.4848484848,0.3484848485,0.0,0.01515151515,0.0,0.0,0.0,0.0,0.1515151515
1,1,0.7413793103,0.4310344828,0.3103448276,0.0,0.0,0.0,0.0,0.0,0.0,0.2586206897
1,1,0.75,0.4109589041,0.4109589041,0.0,0.0,0.0,0.0,0.0,0.0,0.1780821918
1,1,0.7226890756,0.4925373134,0.328358209,0.0,0.01492537313,0.0,0.0,0.0,0.0,0.1641791045
1,1,0.7666666667,0.5074626866,0.3432835821,0.0,0.01492537313,0.0,0.0,0.0,0.0,0.1343283582
1,1,0.7457627119,0.515625,0.359375,0.0,0.015625,0.0,0.0,0.0,0.0,0.109375
1,1,0.7603305785,0.5294117647,0.3529411765,0.0,0.01470588235,0.0,0.0,0.0,0.0,0.1029411765
1,1,0.7438016529,0.5070422535,0.323943662,0.0,0.0,0.0,0.0,0.0,0.0,0.1690140845
1,1,0.7394957983,0.4027777778,0.3333333333,0.0,0.0,0.0,0.0,0.0,0.0,0.2638888889
1,1,0.7226890756,0.5238095238,0.2857142857,0.0,0.01587301587,0.0,0.0,0.0,0.0,0.1746031746
1,1,0.7704918033,0.4794520548,0.3287671233,0.0,0.01369863014,0.0,0.0,0.0,0.0,0.1780821918
1,1,0.7540983607,0.4225352113,0.323943662,0.0,0.0,0.0,0.0,0.0,0.0,0.2535211268
1,1,0.7521367521,0.5,0.359375,0.0,0.015625,0.0,0.0,0.0,0.0,0.125
1,1,0.6181818182,0.7058823529,0.2352941176,0.0,0.0,0.0,0.0,0.0,0.02941176471,0.02941176471
1,1,0.756302521,0.4428571429,0.3428571429,0.0,0.01428571429,0.0,0.0,0.0,0.0,0.2
1,1,0.7008547009,0.4516129032,0.3548387097,0.0,0.01612903226,0.0,0.0,0.0,0.0,0.1774193548
1,1,0.724137931,0.4181818182,0.2909090909,0.0,0.01818181818,0.0,0.0,0.0,0.0,0.2727272727
1,1,0.7666666667,0.5,0.3529411765,0.0,0.01470588235,0.0,0.0,0.0,0.0,0.1323529412
1,1,0.7118644068,0.5161290323,0.2903225806,0.0,0.01612903226,0.0,0.0,0.0,0.0,0.1774193548
1,1,0.7304347826,0.4074074074,0.2962962963,0.0,0.01851851852,0.0,0.0,0.0,0.0,0.2777777778
1,1,0.6111111111,0.4651162791,0.2790697674,0.0,0.02325581395,0.0,0.0,0.0,0.0,0.2325581395
1,1,0.7521367521,0.4307692308,0.3384615385,0.0,0.01538461538,0.0,0.0,0.0,0.0,0.2153846154
1,1,0.5242718447,0.4473684211,0.4210526316,0.0,0.02631578947,0.0,0.0,0.0,0.02631578947,0.07894736842
1,1,0.7741935484,0.5070422535,0.3521126761,0.0,0.01408450704,0.0,0.0,0.0,0.0,0.1267605634
1,1,0.735042735,0.4107142857,0.3035714286,0.0,0.01785714286,0.0,0.0,0.0,0.0,0.2678571429
1,1,0.7704918033,0.4857142857,0.3285714286,0.0,0.01428571429,0.0,0.0,0.0,0.0,0.1714285714
1,1,0.724137931,0.4181818182,0.3090909091,0.0,0.01818181818,0.0,0.0,0.0,0.0,0.2545454545
1,1,0.75,0.4923076923,0.3384615385,0.0,0.01538461538,0.0,0.0,0.0,0.0,0.1538461538
1,1,0.756302521,0.4776119403,0.3432835821,0.0,0.01492537313,0.0,0.0,0.0,0.0,0.1641791045
1,1,0.7226890756,0.3970588235,0.3382352941,0.0,0.01470588235,0.0,0.0,0.0,0.0,0.25
1,1,0.7521367521,0.406779661,0.3050847458,0.0,0.01694915254,0.0,0.0,0.0,0.0,0.2711864407
1,1,0.5925925926,0.44,0.4,0.0,0.0,0.0,0.0,0.0,0.0,0.16
1,1,0.784,0.5,0.3513513514,0.0,0.01351351351,0.0,0.0,0.0,0.0,0.1351351351
1,1,0.756302521,0.4776119403,0.3432835821,0.0,0.01492537313,0.0,0.0,0.0,0.0,0.1641791045
1,1,0.7118644068,0.5081967213,0.2950819672,0.0,0.01639344262,0.0,0.0,0.0,0.0,0.1803278689
1,1,0.7666666667,0.4776119403,0.3432835821,0.0,0.01492537313,0.0,0.0,0.0,0.0,0.1641791045
1,1,0.6956521739,0.4909090909,0.2545454545,0.0,0.0,0.0,0.0,0.0,0.0,0.2545454545
1,1,0.7804878049,0.5223880597,0.3432835821,0.0,0.01492537313,0.0,0.0,0.0,0.0,0.1194029851
1,1,0.7192982456,0.3962264151,0.3018867925,0.0,0.01886792453,0.0,0.0,0.0,0.0,0.2830188679
1,1,0.7627118644,0.4923076923,0.3538461538,0.0,0.01538461538,0.0,0.0,0.0,0.0,0.1384615385
1,1,0.7704918033,0.5072463768,0.347826087,0.0,0.01449275362,0.0,0.0,0.0,0.0,0.1304347826
1,1,0.724137931,0.4590163934,0.3606557377,0.0,0.01639344262,0.0,0.0,0.0,0.0,0.1639344262
1,1,0.6896551724,0.4461538462,0.3692307692,0.0,0.0,0.0,0.0,0.0,0.0,0.1846153846
1,1,0.75,0.4179104478,0.3134328358,0.0,0.01492537313,0.0,0.0,0.0,0.0,0.2537313433
1,1,0.7304347826,0.4074074074,0.2962962963,0.0,0.01851851852,0.0,0.0,0.0,0.0,0.2777777778
1,1,0.2352941176,0.4285714286,0.3571428571,0.0,0.0,0.0,0.0,0.0,0.07142857143,0.1428571429
1,1,0.7704918033,0.5,0.3571428571,0.0,0.01428571429,0.0,0.0,0.0,0.0,0.1285714286
1,1,0.75,0.5081967213,0.3606557377,0.0,0.01639344262,0.0,0.0,0.0,0.0,0.1147540984
1,1,0.7457627119,0.5079365079,0.3333333333,0.0,0.01587301587,0.0,0.0,0.0,0.0,0.1428571429
1,1,0.7627118644,0.5,0.3484848485,0.0,0.01515151515,0.0,0.0,0.0,0.0,0.1363636364
1,1,0.7068965517,0.5,0.3793103448,0.0,0.0,0.0,0.0,0.0,0.0,0.1206896552
1,1,0.6896551724,0.4754098361,0.4098360656,0.0,0.0,0.0,0.0,0.0,0.0,0.1147540984
1,1,0.7333333333,0.4142857143,0.3285714286,0.0,0.0,0.01428571429,0.0,0.0,0.0,0.2428571429
1,1,0.7192982456,0.4259259259,0.2962962963,0.0,0.01851851852,0.0,0.0,0.0,0.0,0.2592592593
1,1,0.6964285714,0.4230769231,0.2884615385,0.0,0.01923076923,0.0,0.0,0.0,0.0,0.2692307692
1,1,0.7666666667,0.5,0.3529411765,0.0,0.01470588235,0.0,0.0,0.0,0.0,0.1323529412
1,1,0.7540983607,0.5,0.3055555556,0.0,0.01388888889,0.0,0.0,0.0,0.0,0.1805555556
1,1,0.7666666667,0.4925373134,0.3432835821,0.0,0.01492537313,0.0,0.0,0.0,0.0,0.1492537313
1,1,0.7642276423,0.4864864865,0.3378378378,0.0,0.0,0.0,0.0,0.0,0.0,0.1756756757
1,1,0.756302521,0.4848484848,0.3484848485,0.0,0.01515151515,0.0,0.0,0.0,0.0,0.1515151515
1,1,0.724137931,0.4181818182,0.2909090909,0.0,0.01818181818,0.0,0.0,0.0,0.0,0.2727272727
1,1,0.7438016529,0.5,0.3194444444,0.0,0.01388888889,0.0,0.0,0.0,0.0,0.1666666667
1,1,0.7413793103,0.4107142857,0.3035714286,0.0,0.01785714286,0.0,0.0,0.0,0.0,0.2678571429
1,1,0.6428571429,0.7297297297,0.2162162162,0.0,0.0,0.0,0.0,0.0,0.0,0.05405405405
1,1,0.7438016529,0.4166666667,0.3472222222,0.0,0.0,0.0,0.0,0.0,0.0,0.2361111111
1,1,0.735042735,0.484375,0.359375,0.0,0.015625,0.0,0.0,0.0,0.0,0.140625
1,1,0.6725663717,0.48,0.28,0.0,0.02,0.0,0.0,0.0,0.0,0.22
1,1,0.7118644068,0.4716981132,0.2830188679,0.0,0.01886792453,0.0,0.0,0.0,0.0,0.2264150943
1,1,0.7118644068,0.3968253968,0.3333333333,0.0,0.01587301587,0.0,0.0,0.0,0.0,0.253968254
1,1,0.7304347826,0.4838709677,0.3387096774,0.0,0.01612903226,0.0,0.0,0.0,0.0,0.1612903226
1,1,0.5825242718,0.4807692308,0.4230769231,0.0,0.0,0.0,0.0,0.0,0.0,0.09615384615
1,1,0.7642276423,0.4931506849,0.3287671233,0.0,0.0,0.0,0.0,0.0,0.0,0.1780821918
1,1,0.7394957983,0.4153846154,0.2923076923,0.0,0.0,0.0,0.0,0.0,0.0,0.2923076923
1,1,0.7226890756,0.5166666667,0.2833333333,0.0,0.01666666667,0.0,0.0,0.0,0.0,0.1833333333
1,1,0.7768595041,0.5151515152,0.3484848485,0.0,0.01515151515,0.0,0.0,0.0,0.0,0.1212121212
1,1,0.7457627119,0.4615384615,0.3538461538,0.0,0.01538461538,0.0,0.0,0.0,0.0,0.1692307692
1,1,0.7226890756,0.515625,0.296875,0.0,0.015625,0.0,0.0,0.0,0.0,0.171875
1,1,0.735042735,0.4035087719,0.298245614,0.0,0.01754385965,0.0,0.0,0.0,0.0,0.2807017544
1,1,0.7438016529,0.4827586207,0.2931034483,0.0,0.01724137931,0.0,0.0,0.0,0.0,0.2068965517
1,1,0.7008547009,0.4833333333,0.3166666667,0.0,0.01666666667,0.0,0.0,0.0,0.0,0.1833333333
1,1,0.5794392523,0.8076923077,0.1923076923,0.0,0.0,0.0,0.0,0.0,0.0,0.0
1,1,0.7079646018,0.4230769231,0.2884615385,0.0,0.0,0.0,0.0,0.0,0.0,0.2884615385
1,1,0.5436893204,0.6923076923,0.3076923077,0.0,0.0,0.0,0.0,0.0,0.0,0.0
1,1,0.756302521,0.5,0.3382352941,0.0,0.01470588235,0.0,0.0,0.0,0.0,0.1470588235
1,1,0.7333333333,0.4202898551,0.3188405797,0.0,0.01449275362,0.0,0.0,0.0,0.0,0.2463768116
1,1,0.7457627119,0.4776119403,0.3582089552,0.0,0.01492537313,0.0,0.0,0.0,0.0,0.1492537313
1,1,0.7394957983,0.4833333333,0.3,0.0,0.01666666667,0.0,0.0,0.0,0.0,0.2
1,1,0.7603305785,0.5,0.3333333333,0.0,0.01515151515,0.0,0.0,0.0,0.0,0.1515151515
1,1,0.7603305785,0.4558823529,0.2794117647,0.0,0.0,0.0,0.0,0.0,0.0,0.2647058824
1,1,0.6111111111,0.4523809524,0.2857142857,0.0,0.02380952381,0.0,0.0,0.0,0.0,0.2380952381
1,1,0.7642276423,0.4507042254,0.338028169,0.0,0.01408450704,0.0,0.0,0.0,0.0,0.1971830986
1,1,0.7068965517,0.5166666667,0.3333333333,0.0,0.01666666667,0.0,0.0,0.0,0.0,0.1333333333
1,1,0.7438016529,0.4927536232,0.3188405797,0.0,0.01449275362,0.0,0.0,0.0,0.0,0.1739130435
1,1,0.75,0.4347826087,0.347826087,0.0,0.01449275362,0.0,0.0,0.0,0.0,0.2028985507
1,1,0.724137931,0.4262295082,0.3442622951,0.0,0.01639344262,0.0,0.0,0.0,0.0,0.2131147541
1,1,0.7457627119,0.4776119403,0.3582089552,0.0,0.01492537313,0.0,0.0,0.0,0.0,0.1492537313
1,1,0.7741935484,0.5606060606,0.2727272727,0.0,0.01515151515,0.0,0.0,0.0,0.0,0.1515151515
1,1,0.7394957983,0.5161290323,0.3387096774,0.0,0.01612903226,0.0,0.0,0.0,0.0,0.1290322581
1,1,0.6111111111,0.4545454545,0.2727272727,0.0,0.02272727273,0.0,0.0,0.0,0.0,0.25
1,1,0.724137931,0.4576271186,0.2542372881,0.0,0.01694915254,0.0,0.0,0.0,0.0,0.2711864407
1,1,0.7603305785,0.4931506849,0.3287671233,0.0,0.0,0.0,0.0,0.0,0.0,0.1780821918
1,1,0.7666666667,0.5,0.3529411765,0.0,0.01470588235,0.0,0.0,0.0,0.0,0.1323529412
1,1,0.7394957983,0.3965517241,0.2931034483,0.0,0.01724137931,0.0,0.0,0.0,0.0,0.2931034483
1,1,0.6842105263,0.4642857143,0.2857142857,0.0,0.0,0.0,0.0,0.0,0.0,0.25
1,1,0.7457627119,0.4769230769,0.3538461538,0.0,0.01538461538,0.0,0.0,0.0,0.0,0.1538461538
1,1,0.7079646018,0.4117647059,0.3137254902,0.0,0.01960784314,0.0,0.0,0.0,0.0,0.2549019608
1,1,0.7704918033,0.5223880597,0.328358209,0.0,0.01492537313,0.0,0.0,0.0,0.0,0.1343283582
1,1,0.735042735,0.4035087719,0.298245614,0.0,0.01754385965,0.0,0.0,0.0,0.0,0.2807017544
1,1,0.7438016529,0.4027777778,0.3333333333,0.0,0.0,0.0,0.0,0.0,0.0,0.2638888889
1,1,0.7540983607,0.5,0.3055555556,0.0,0.01388888889,0.0,0.0,0.0,0.0,0.1805555556
1,1,0.6902654867,0.48,0.32,0.0,0.02,0.0,0.0,0.0,0.0,0.18
1,1,0.7079646018,0.4230769231,0.2884615385,0.0,0.01923076923,0.0,0.0,0.0,0.0,0.2692307692
1,1,0.7192982456,0.4259259259,0.2962962963,0.0,0.01851851852,0.0,0.0,0.0,0.0,0.2592592593
1,1,0.7457627119,0.4696969697,0.3484848485,0.0,0.01515151515,0.0,0.0,0.0,0.0,0.1666666667
1,1,0.6842105263,0.453125,0.359375,0.0,0.015625,0.0,0.0,0.0,0.0,0.171875
1,1,0.6306306306,0.5428571429,0.4285714286,0.0,0.0,0.0,0.0,0.0,0.0,0.02857142857
1,1,0.7333333333,0.4142857143,0.3142857143,0.0,0.01428571429,0.0,0.0,0.0,0.0,0.2571428571
1,1,0.5925925926,0.4528301887,0.4150943396,0.0,0.0,0.0,0.0,0.0,0.0,0.1320754717
1,1,0.7603305785,0.5074626866,0.3432835821,0.0,0.01492537313,0.0,0.0,0.0,0.0,0.1343283582
1,1,0.5925925926,0.5789473684,0.4210526316,0.0,0.0,0.0,0.0,0.0,0.0,0.0
1,1,0.7540983607,0.4918032787,0.2950819672,0.0,0.01639344262,0.0,0.0,0.0,0.0,0.1967213115
1,1,0.7333333333,0.5090909091,0.2909090909,0.0,0.01818181818,0.0,0.0,0.0,0.0,0.1818181818
1,1,0.6964285714,0.4509803922,0.2941176471,0.0,0.01960784314,0.0,0.0,0.0,0.0,0.2352941176
1,1,0.7457627119,0.4761904762,0.3650793651,0.0,0.01587301587,0.0,0.0,0.0,0.0,0.1428571429
1,1,0.7304347826,0.4259259259,0.2962962963,0.0,0.01851851852,0.0,0.0,0.0,0.0,0.2592592593
1,1,0.7079646018,0.4444444444,0.2962962963,0.0,0.0,0.0,0.0,0.0,0.0,0.2592592593
1,1,0.7666666667,0.5,0.3529411765,0.0,0.01470588235,0.0,0.0,0.0,0.0,0.1323529412
1,1,0.3870967742,0.8461538462,0.1538461538,0.0,0.0,0.0,0.0,0.0,0.0,0.0
1,1,0.7666666667,0.4852941176,0.3529411765,0.0,0.01470588235,0.0,0.0,0.0,0.0,0.1470588235
1,1,0.7666666667,0.5,0.3676470588,0.0,0.01470588235,0.0,0.0,0.0,0.0,0.1176470588
1,1,0.7226890756,0.4776119403,0.3432835821,0.0,0.0,0.0,0.0,0.0,0.0,0.1791044776
1,1,0.7118644068,0.4603174603,0.3650793651,0.0,0.01587301587,0.0,0.0,0.0,0.0,0.1587301587
1,1,0.7540983607,0.4027777778,0.3472222222,0.0,0.0,0.0,0.0,0.0,0.0,0.25
1,1,0.7768595041,0.5072463768,0.347826087,0.0,0.01449275362,0.0,0.0,0.0,0.0,0.1304347826
1,1,0.7741935484,0.5068493151,0.3287671233,0.0,0.01369863014,0.0,0.0,0.0,0.0,0.1506849315
1,1,0.6842105263,0.5593220339,0.2711864407,0.0,0.01694915254,0.0,0.0,0.0,0.0,0.1525423729
1,1,0.7603305785,0.5223880597,0.3432835821,0.0,0.01492537313,0.0,0.0,0.0,0.0,0.1194029851
1,1,0.7304347826,0.4210526316,0.298245614,0.0,0.01754385965,0.0,0.0,0.0,0.0,0.2631578947
1,1,0.756302521,0.5,0.3636363636,0.0,0.01515151515,0.0,0.0,0.0,0.0,0.1212121212
1,1,0.7438016529,0.4927536232,0.3188405797,0.0,0.0,0.0,0.0,0.0,0.0,0.1884057971
1,1,0.7368421053,0.4181818182,0.2909090909,0.0,0.01818181818,0.0,0.0,0.0,0.0,0.2727272727
1,1,0.7704918033,0.5223880597,0.328358209,0.0,0.01492537313,0.0,0.0,0.0,0.0,0.1343283582
1,1,0.7226890756,0.4603174603,0.380952381,0.0,0.01587301587,0.0,0.0,0.0,0.0,0.1428571429
1,1,0.75,0.5,0.3055555556,0.0,0.01388888889,0.0,0.0,0.0,0.0,0.1805555556
1,1,0.7079646018,0.4339622642,0.2830188679,0.0,0.01886792453,0.0,0.0,0.0,0.0,0.2641509434
1,1,0.756302521,0.5,0.3636363636,0.0,0.01515151515,0.0,0.0,0.0,0.0,0.1212121212
1,1,0.7704918033,0.4864864865,0.3378378378,0.0,0.0,0.0,0.0,0.0,0.0,0.1756756757
1,1,0.7741935484,0.5205479452,0.3424657534,0.0,0.01369863014,0.0,0.0,0.0,0.0,0.1232876712
1,1,0.6666666667,0.4516129032,0.3709677419,0.0,0.01612903226,0.0,0.0,0.0,0.0,0.1612903226
1,1,0.6902654867,0.4264705882,0.3529411765,0.0,0.0,0.0,0.0,0.0,0.0,0.2205882353
1,1,0.7603305785,0.4927536232,0.3623188406,0.0,0.01449275362,0.0,0.0,0.0,0.0,0.1304347826
1,1,0.7768595041,0.4852941176,0.3382352941,0.0,0.01470588235,0.0,0.0,0.0,0.0,0.1617647059
1,1,0.6782608696,0.7647058824,0.2058823529,0.0,0.0,0.0,0.0,0.0,0.0,0.02941176471
1,1,0.7333333333,0.4545454545,0.3484848485,0.0,0.0,0.0,0.0,0.0,0.0,0.196969697
1,1,0.7457627119,0.4242424242,0.3484848485,0.0,0.01515151515,0.0,0.0,0.0,0.0,0.2121212121
1,1,0.735042735,0.4126984127,0.3492063492,0.0,0.01587301587,0.0,0.0,0.0,0.0,0.2222222222
1,1,0.7333333333,0.4833333333,0.3,0.0,0.01666666667,0.0,0.0,0.0,0.0,0.2
1,1,0.7741935484,0.5606060606,0.2878787879,0.0,0.01515151515,0.0,0.0,0.0,0.0,0.1363636364
1,1,0.7457627119,0.4754098361,0.3770491803,0.0,0.01639344262,0.0,0.0,0.0,0.0,0.131147541
1,1,0.7666666667,0.4925373134,0.3582089552,0.0,0.01492537313,0.0,0.0,0.0,0.0,0.1343283582
1,1,0.7603305785,0.5238095238,0.2857142857,0.0,0.01587301587,0.0,0.0,0.0,0.0,0.1746031746
1,1,0.6111111111,0.4761904762,0.2857142857,0.0,0.02380952381,0.0,0.0,0.0,0.0,0.2142857143
1,1,0.7642276423,0.5384615385,0.2769230769,0.0,0.01538461538,0.0,0.0,0.0,0.0,0.1692307692
1,1,0.7603305785,0.5606060606,0.3333333333,0.0,0.01515151515,0.0,0.0,0.0,0.0,0.09090909091
1,1,0.7603305785,0.4852941176,0.3382352941,0.0,0.01470588235,0.0,0.0,0.0,0.0,0.1617647059
1,1,0.7288135593,0.4776119403,0.3432835821,0.0,0.0,0.0,0.0,0.0,0.0,0.1791044776
1,1,0.6548672566,0.5833333333,0.3888888889,0.0,0.0,0.0,0.0,0.0,0.0,0.02777777778
1,1,0.724137931,0.4754098361,0.3606557377,0.0,0.01639344262,0.0,0.0,0.0,0.0,0.1475409836
1,1,0.7192982456,0.4259259259,0.2962962963,0.0,0.01851851852,0.0,0.0,0.0,0.0,0.2592592593
1,1,0.7130434783,0.4181818182,0.3090909091,0.0,0.01818181818,0.0,0.0,0.0,0.0,0.2545454545
1,1,0.5981308411,0.6451612903,0.3225806452,0.0,0.0,0.0,0.0,0.0,0.03225806452,0.0
1,1,0.7603305785,0.5223880597,0.3432835821,0.0,0.01492537313,0.0,0.0,0.0,0.0,0.1194029851
1,1,0.7603305785,0.5384615385,0.2923076923,0.0,0.01538461538,0.0,0.0,0.0,0.0,0.1538461538
1,1,0.6964285714,0.4509803922,0.2941176471,0.0,0.01960784314,0.0,0.0,0.0,0.0,0.2352941176
1,1,0.7394957983,0.5079365079,0.3492063492,0.0,0.01587301587,0.0,0.0,0.0,0.0,0.126984127
1,1,0.7666666667,0.4852941176,0.3382352941,0.0,0.01470588235,0.0,0.0,0.0,0.0,0.1617647059
1,1,0.75,0.4285714286,0.3492063492,0.0,0.01587301587,0.0,0.0,0.0,0.0,0.2063492063
1,1,0.756302521,0.53125,0.296875,0.0,0.015625,0.0,0.0,0.0,0.0,0.15625
1,1,0.7540983607,0.5138888889,0.3194444444,0.0,0.01388888889,0.0,0.0,0.0,0.0,0.1527777778
1,1,0.7642276423,0.5820895522,0.2686567164,0.0,0.01492537313,0.0,0.0,0.0,0.0,0.1343283582
1,1,0.7226890756,0.4428571429,0.3285714286,0.0,0.01428571429,0.0,0.0,0.0,0.0,0.2142857143
1,1,0.7768595041,0.5,0.3382352941,0.0,0.01470588235,0.0,0.0,0.0,0.0,0.1470588235
1,1,0.7666666667,0.4925373134,0.3432835821,0.0,0.01492537313,0.0,0.0,0.0,0.0,0.1492537313
1,1,0.7666666667,0.4925373134,0.3582089552,0.0,0.01492537313,0.0,0.0,0.0,0.0,0.1343283582
1,1,0.7226890756,0.4461538462,0.3538461538,0.0,0.0,0.0,0.0,0.0,0.0,0.2
1,1,0.7768595041,0.5384615385,0.2769230769,0.0,0.01538461538,0.0,0.0,0.0,0.0,0.1692307692
1,1,0.7642276423,0.5,0.3243243243,0.0,0.0,0.0,0.0,0.0,0.0,0.1756756757
1,1,0.6607142857,0.4576271186,0.3559322034,0.0,0.0,0.0,0.0,0.0,0.0,0.186440678
1,1,0.7603305785,0.4923076923,0.3384615385,0.0,0.01538461538,0.0,0.0,0.0,0.0,0.1538461538
1,1,0.75,0.5,0.34375,0.0,0.015625,0.0,0.0,0.0,0.0,0.140625
1,1,0.7603305785,0.5396825397,0.2698412698,0.0,0.01587301587,0.0,0.0,0.0,0.0,0.1746031746
1,1,0.6181818182,0.7741935484,0.1935483871,0.0,0.0,0.0,0.0,0.0,0.0,0.03225806452
1,1,0.6842105263,0.4821428571,0.2857142857,0.0,0.0,0.0,0.0,0.0,0.0,0.2321428571
1,1,0.7192982456,0.4259259259,0.2962962963,0.0,0.01851851852,0.0,0.0,0.0,0.0,0.2592592593
1,1,0.7333333333,0.4655172414,0.3103448276,0.0,0.01724137931,0.0,0.0,0.0,0.0,0.2068965517
1,1,0.7438016529,0.4,0.3428571429,0.0,0.0,0.0,0.0,0.0,0.0,0.2571428571
1,1,0.7627118644,0.4848484848,0.3636363636,0.0,0.01515151515,0.0,0.0,0.0,0.0,0.1363636364
1,1,0.7333333333,0.5652173913,0.2608695652,0.0,0.01449275362,0.0,0.0,0.0,0.0,0.1594202899
1,1,0.756302521,0.5,0.3484848485,0.0,0.01515151515,0.0,0.0,0.0,0.0,0.1363636364
1,1,0.75,0.4923076923,0.3384615385,0.0,0.01538461538,0.0,0.0,0.0,0.0,0.1538461538
1,1,0.7704918033,0.5,0.3529411765,0.0,0.01470588235,0.0,0.0,0.0,0.0,0.1323529412
1,1,0.6306306306,0.6052631579,0.3947368421,0.0,0.0,0.0,0.0,0.0,0.0,0.0
1,1,0.7768595041,0.4852941176,0.3382352941,0.0,0.01470588235,0.0,0.0,0.0,0.0,0.1617647059
1,1,0.7333333333,0.4029850746,0.3432835821,0.0,0.0,0.0,0.0,0.0,0.0,0.2537313433
1,1,0.7118644068,0.4375,0.328125,0.0,0.0,0.0,0.0,0.0,0.0,0.234375
1,1,0.7666666667,0.5303030303,0.3333333333,0.0,0.01515151515,0.0,0.0,0.0,0.0,0.1212121212
1,1,0.7768595041,0.5,0.3382352941,0.0,0.01470588235,0.0,0.0,0.0,0.0,0.1470588235
1,1,0.756302521,0.4923076923,0.3692307692,0.0,0.01538461538,0.0,0.0,0.0,0.0,0.1230769231
1,1,0.7226890756,0.4642857143,0.3035714286,0.0,0.01785714286,0.0,0.0,0.0,0.0,0.2142857143
1,1,0.7741935484,0.5142857143,0.3428571429,0.0,0.01428571429,0.0,0.0,0.0,0.0,0.1285714286
1,1,0.7226890756,0.4927536232,0.347826087,0.0,0.01449275362,0.0,0.0,0.0,0.0,0.1449275362
1,1,0.7768595041,0.5,0.3382352941,0.0,0.01470588235,0.0,0.0,0.0,0.0,0.1470588235
1,1,0.7642276423,0.5072463768,0.3623188406,0.0,0.01449275362,0.0,0.0,0.0,0.0,0.115942029
1,1,0.5436893204,0.8888888889,0.1111111111,0.0,0.0,0.0,0.0,0.0,0.0,0.0
1,1,0.7457627119,0.4696969697,0.3636363636,0.0,0.01515151515,0.0,0.0,0.0,0.0,0.1515151515
1,1,0.756302521,0.5,0.3636363636,0.0,0.01515151515,0.0,0.0,0.0,0.0,0.1212121212
1,1,0.7666666667,0.4776119403,0.3582089552,0.0,0.01492537313,0.0,0.0,0.0,0.0,0.1492537313
1,1,0.5794392523,0.4705882353,0.4117647059,0.0,0.0,0.0,0.0,0.0,0.01960784314,0.09803921569
1,1,0.5523809524,0.6129032258,0.3548387097,0.0,0.0,0.0,0.0,0.0,0.0,0.03225806452
1,1,0.7457627119,0.421875,0.34375,0.0,0.015625,0.0,0.0,0.0,0.0,0.21875
1,1,0.7666666667,0.4852941176,0.3382352941,0.0,0.01470588235,0.0,0.0,0.0,0.0,0.1617647059
1,1,0.6896551724,0.453125,0.359375,0.0,0.0,0.0,0.0,0.0,0.0,0.1875
1,1,0.7457627119,0.5076923077,0.3384615385,0.0,0.01538461538,0.0,0.0,0.0,0.0,0.1384615385
1,1,0.7666666667,0.5072463768,0.3623188406,0.0,0.01449275362,0.0,0.0,0.0,0.0,0.115942029
1,1,0.7540983607,0.4637681159,0.3333333333,0.0,0.01449275362,0.0,0.0,0.0,0.0,0.1884057971
1,1,0.6181818182,0.4528301887,0.4528301887,0.0,0.0,0.0,0.0,0.0,0.0,0.09433962264
1,1,0.6956521739,0.4461538462,0.3846153846,0.0,0.0,0.0,0.0,0.0,0.0,0.1692307692
1,1,0.724137931,0.4,0.3090909091,0.0,0.01818181818,0.0,0.0,0.0,0.0,0.2727272727
1,1,0.5925925926,0.4347826087,0.4130434783,0.0,0.0,0.0,0.0,0.0,0.02173913043,0.1304347826
1,1,0.6486486486,0.4583333333,0.2916666667,0.0,0.02083333333,0.0,0.0,0.0,0.0,0.2291666667
1,1,0.7333333333,0.5079365079,0.2857142857,0.0,0.01587301587,0.0,0.0,0.0,0.0,0.1904761905
1,1,0.7438016529,0.5135135135,0.3108108108,0.0,0.0,0.0,0.0,0.0,0.0,0.1756756757
1,1,0.7457627119,0.4615384615,0.3692307692,0.0,0.01538461538,0.0,0.0,0.0,0.0,0.1538461538
1,1,0.735042735,0.4137931034,0.2931034483,0.0,0.01724137931,0.0,0.0,0.0,0.0,0.275862069
1,1,0.7540983607,0.4647887324,0.338028169,0.0,0.01408450704,0.0,0.0,0.0,0.0,0.1830985915
1,1,0.6181818182,0.5263157895,0.3859649123,0.0,0.0,0.0,0.0,0.0,0.0,0.08771929825
1,1,0.75,0.5,0.3142857143,0.0,0.01428571429,0.0,0.0,0.0,0.0,0.1714285714
1,1,0.7540983607,0.5,0.3055555556,0.0,0.01388888889,0.0,0.0,0.0,0.0,0.1805555556
1,1,0.7304347826,0.4,0.3090909091,0.0,0.01818181818,0.0,0.0,0.0,0.0,0.2727272727
1,1,0.6666666667,0.5084745763,0.3389830508,0.0,0.0,0.0,0.0,0.0,0.0,0.1525423729
1,1,0.7642276423,0.5,0.3571428571,0.0,0.01428571429,0.0,0.0,0.0,0.0,0.1285714286
1,1,0.7666666667,0.5072463768,0.3333333333,0.0,0.01449275362,0.0,0.0,0.0,0.0,0.1449275362
1,1,0.7226890756,0.4142857143,0.3285714286,0.0,0.0,0.0,0.0,0.0,0.0,0.2571428571
1,1,0.7068965517,0.4576271186,0.3050847458,0.0,0.0,0.0,0.0,0.0,0.0,0.2372881356
1,1,0.623853211,0.4583333333,0.2916666667,0.0,0.0,0.0,0.0,0.0,0.0,0.25
1,1,0.7704918033,0.5,0.3529411765,0.0,0.01470588235,0.0,0.0,0.0,0.0,0.1323529412
1,1,0.5794392523,0.5102040816,0.4081632653,0.0,0.0,0.0,0.0,0.0,0.0,0.08163265306
1,1,0.7521367521,0.4927536232,0.347826087,0.0,0.01449275362,0.0,0.0,0.0,0.0,0.1449275362
1,1,0.75,0.5373134328,0.3582089552,0.0,0.01492537313,0.0,0.0,0.0,0.0,0.08955223881
1,1,0.6666666667,0.4561403509,0.3333333333,0.0,0.01754385965,0.0,0.0,0.0,0.0,0.1929824561
1,1,0.6842105263,0.4339622642,0.2830188679,0.0,0.01886792453,0.0,0.0,0.0,0.0,0.2641509434
1,1,0.756302521,0.4769230769,0.3538461538,0.0,0.01538461538,0.0,0.0,0.0,0.0,0.1538461538
1,1,0.7768595041,0.5294117647,0.3382352941,0.0,0.01470588235,0.0,0.0,0.0,0.0,0.1176470588
1,1,0.756302521,0.4696969697,0.3636363636,0.0,0.01515151515,0.0,0.0,0.0,0.0,0.1515151515
1,1,0.6545454545,0.4583333333,0.2916666667,0.0,0.02083333333,0.0,0.0,0.0,0.0,0.2291666667
1,1,0.7438016529,0.4852941176,0.3235294118,0.0,0.01470588235,0.0,0.0,0.0,0.0,0.1764705882
1,1,0.7966101695,0.4507042254,0.338028169,0.0,0.01408450704,0.0,0.0,0.0,0.0,0.1971830986
1,1,0.6111111111,0.4615384615,0.4615384615,0.0,0.0,0.0,0.0,0.0,0.01923076923,0.05769230769
1,1,0.75,0.4428571429,0.3428571429,0.0,0.01428571429,0.0,0.0,0.0,0.0,0.2
1,1,0.724137931,0.4,0.3666666667,0.0,0.01666666667,0.0,0.0,0.0,0.0,0.2166666667
1,1,0.7394957983,0.5238095238,0.3333333333,0.0,0.01587301587,0.0,0.0,0.0,0.0,0.126984127
1,1,0.756302521,0.4923076923,0.3692307692,0.0,0.01538461538,0.0,0.0,0.0,0.0,0.1230769231
1,1,0.7540983607,0.5,0.3243243243,0.0,0.01351351351,0.0,0.0,0.0,0.0,0.1621621622
1,1,0.6956521739,0.5081967213,0.4098360656,0.0,0.0,0.0,0.0,0.0,0.0,0.08196721311
1,1,0.7222222222,0.4,0.28,0.0,0.02,0.0,0.0,0.0,0.0,0.3
1,1,0.7540983607,0.5135135135,0.3108108108,0.0,0.01351351351,0.0,0.0,0.0,0.0,0.1621621622
1,1,0.7666666667,0.4857142857,0.3571428571,0.0,0.01428571429,0.0,0.0,0.0,0.0,0.1428571429
1,1,0.756302521,0.5072463768,0.347826087,0.0,0.01449275362,0.0,0.0,0.0,0.0,0.1304347826
1,1,0.6111111111,0.4545454545,0.2727272727,0.0,0.02272727273,0.0,0.0,0.0,0.0,0.25
1,1,0.6956521739,0.4915254237,0.406779661,0.0,0.0,0.0,0.0,0.0,0.0,0.1016949153
1,1,0.7704918033,0.5074626866,0.328358209,0.0,0.01492537313,0.0,0.0,0.0,0.0,0.1492537313
1,1,0.7438016529,0.4918032787,0.2950819672,0.0,0.01639344262,0.0,0.0,0.0,0.0,0.1967213115
1,1,0.5925925926,0.44,0.36,0.0,0.0,0.0,0.0,0.0,0.0,0.2
1,1,0.7226890756,0.5671641791,0.2537313433,0.0,0.01492537313,0.0,0.0,0.0,0.0,0.1641791045
1,1,0.756302521,0.4848484848,0.3484848485,0.0,0.01515151515,0.0,0.0,0.0,0.0,0.1515151515
1,1,0.7741935484,0.546875,0.296875,0.0,0.0,0.0,0.0,0.0,0.0,0.15625
1,1,0.7768595041,0.5072463768,0.347826087,0.0,0.01449275362,0.0,0.0,0.0,0.0,0.1304347826
1,1,0.7540983607,0.4109589041,0.3424657534,0.0,0.0,0.0,0.0,0.0,0.0,0.2465753425
1,1,0.7333333333,0.4927536232,0.347826087,0.0,0.0,0.0,0.0,0.0,0.0,0.1594202899
1,1,0.7394957983,0.3965517241,0.2931034483,0.0,0.01724137931,0.0,0.0,0.0,0.0,0.2931034483
1,1,0.7666666667,0.4925373134,0.3432835821,0.0,0.01492537313,0.0,0.0,0.0,0.0,0.1492537313
1,1,0.747826087,0.4107142857,0.3035714286,0.0,0.01785714286,0.0,0.0,0.0,0.0,0.2678571429
1,1,0.7333333333,0.5,0.2857142857,0.0,0.01428571429,0.0,0.0,0.0,0.0,0.2
1,1,0.7457627119,0.4696969697,0.3484848485,0.0,0.01515151515,0.0,0.0,0.0,0.0,0.1666666667
1,1,0.735042735,0.4107142857,0.3035714286,0.0,0.01785714286,0.0,0.0,0.0,0.0,0.2678571429
1,1,0.75,0.4109589041,0.3424657534,0.0,0.0,0.0,0.0,0.0,0.0,0.2465753425
1,1,0.7068965517,0.5081967213,0.393442623,0.0,0.0,0.0,0.0,0.0,0.0,0.09836065574
1,1,0.6896551724,0.5084745763,0.3898305085,0.0,0.0,0.0,0.0,0.0,0.0,0.1016949153
1,1,0.7438016529,0.4057971014,0.3333333333,0.0,0.01449275362,0.0,0.0,0.0,0.0,0.2463768116
1,1,0.7666666667,0.4925373134,0.3582089552,0.0,0.01492537313,0.0,0.0,0.0,0.0,0.1343283582
1,1,0.6964285714,0.4423076923,0.3076923077,0.0,0.0,0.0,0.0,0.0,0.0,0.25
1,1,0.7226890756,0.515625,0.296875,0.0,0.015625,0.0,0.0,0.0,0.0,0.171875
1,1,0.75,0.4084507042,0.338028169,0.0,0.0,0.0,0.0,0.0,0.0,0.2535211268
1,1,0.75,0.5074626866,0.3582089552,0.0,0.01492537313,0.0,0.0,0.0,0.0,0.1194029851
1,1,0.5384615385,0.4565217391,0.4130434783,0.0,0.0,0.0,0.0,0.0,0.0,0.1304347826
1,1,0.7704918033,0.5072463768,0.347826087,0.0,0.01449275362,0.0,0.0,0.0,0.0,0.1304347826
1,1,0.756302521,0.484375,0.359375,0.0,0.015625,0.0,0.0,0.0,0.0,0.140625
1,1,0.7540983607,0.4202898551,0.3188405797,0.0,0.01449275362,0.0,0.0,0.0,0.0,0.2463768116
1,1,0.7333333333,0.4057971014,0.3333333333,0.0,0.0,0.0,0.0,0.0,0.0,0.2608695652
1,1,0.7457627119,0.4307692308,0.3384615385,0.0,0.01538461538,0.0,0.0,0.0,0.0,0.2153846154
1,1,0.756302521,0.4852941176,0.3529411765,0.0,0.01470588235,0.0,0.0,0.0,0.0,0.1470588235
1,1,0.7521367521,0.4307692308,0.3384615385,0.0,0.01538461538,0.0,0.0,0.0,0.0,0.2153846154
1,1,0.756302521,0.4696969697,0.3636363636,0.0,0.01515151515,0.0,0.0,0.0,0.0,0.1515151515
1,1,0.7642276423,0.4931506849,0.3287671233,0.0,0.0,0.0,0.0,0.0,0.0,0.1780821918
1,1,0.7192982456,0.4285714286,0.2857142857,0.0,0.01785714286,0.0,0.0,0.0,0.0,0.2678571429
1,1,0.7540983607,0.53125,0.28125,0.0,0.015625,0.0,0.0,0.0,0.0,0.171875
1,1,0.724137931,0.4098360656,0.3606557377,0.0,0.01639344262,0.0,0.0,0.0,0.0,0.2131147541
1,1,0.7768595041,0.5,0.3529411765,0.0,0.01470588235,0.0,0.0,0.0,0.0,0.1323529412
1,1,0.7394957983,0.4852941176,0.3235294118,0.0,0.01470588235,0.0,0.0,0.0,0.0,0.1764705882
1,1,0.735042735,0.4107142857,0.3035714286,0.0,0.01785714286,0.0,0.0,0.0,0.0,0.2678571429
1,1,0.7226890756,0.453125,0.359375,0.0,0.0,0.0,0.0,0.0,0.0,0.1875
1,1,0.724137931,0.46875,0.359375,0.0,0.015625,0.0,0.0,0.0,0.0,0.15625
1,1,0.6486486486,0.4583333333,0.2916666667,0.0,0.02083333333,0.0,0.0,0.0,0.0,0.2291666667
1,1,0.7118644068,0.5423728814,0.2711864407,0.0,0.01694915254,0.0,0.0,0.0,0.0,0.1694915254
1,1,0.7438016529,0.4714285714,0.3142857143,0.0,0.01428571429,0.0,0.0,0.0,0.0,0.2
1,1,0.7079646018,0.4259259259,0.3148148148,0.0,0.01851851852,0.0,0.0,0.0,0.0,0.2407407407
1,1,0.7457627119,0.4696969697,0.3484848485,0.0,0.01515151515,0.0,0.0,0.0,0.0,0.1666666667
1,1,0.7603305785,0.4545454545,0.3333333333,0.0,0.01515151515,0.0,0.0,0.0,0.0,0.196969697
1,1,0.756302521,0.484375,0.359375,0.0,0.015625,0.0,0.0,0.0,0.0,0.140625
1,1,0.7457627119,0.484375,0.359375,0.0,0.015625,0.0,0.0,0.0,0.0,0.140625
1,1,0.6545454545,0.4920634921,0.3333333333,0.0,0.03174603175,0.0,0.0,0.0,0.0,0.1428571429
1,1,0.7603305785,0.5384615385,0.2923076923,0.0,0.01538461538,0.0,0.0,0.0,0.0,0.1538461538
1,1,0.756302521,0.4848484848,0.3484848485,0.0,0.01515151515,0.0,0.0,0.0,0.0,0.1515151515
1,1,0.6428571429,0.65625,0.25,0.0,0.0,0.0,0.0,0.0,0.03125,0.0625
1,1,0.7666666667,0.4705882353,0.3676470588,0.0,0.01470588235,0.0,0.0,0.0,0.0,0.1470588235
1,1,0.7768595041,0.5142857143,0.3285714286,0.0,0.01428571429,0.0,0.0,0.0,0.0,0.1428571429
1,1,0.6666666667,0.7333333333,0.2333333333,0.0,0.0,0.0,0.0,0.0,0.0,0.03333333333
1,1,0.7704918033,0.5070422535,0.3521126761,0.0,0.01408450704,0.0,0.0,0.0,0.0,0.1267605634
1,1,0.7603305785,0.5076923077,0.3384615385,0.0,0.01538461538,0.0,0.0,0.0,0.0,0.1384615385
1,1,0.7333333333,0.4852941176,0.3382352941,0.0,0.0,0.0,0.0,0.0,0.0,0.1764705882
1,1,0.75,0.4927536232,0.3188405797,0.0,0.01449275362,0.0,0.0,0.0,0.0,0.1739130435
1,1,0.7438016529,0.4246575342,0.3424657534,0.0,0.0,0.0,0.0,0.0,0.0,0.2328767123
1,1,0.5794392523,0.4339622642,0.4528301887,0.0,0.0,0.0,0.0,0.0,0.0,0.1132075472
1,1,0.7642276423,0.5384615385,0.2769230769,0.0,0.01538461538,0.0,0.0,0.0,0.0,0.1692307692
1,1,0.623853211,0.4285714286,0.3928571429,0.0,0.0,0.0,0.0,0.0,0.0,0.1785714286
1,1,0.7741935484,0.5070422535,0.3521126761,0.0,0.01408450704,0.0,0.0,0.0,0.0,0.1267605634
1,1,0.7627118644,0.5,0.3484848485,0.0,0.01515151515,0.0,0.0,0.0,0.0,0.1363636364
1,1,0.7666666667,0.5074626866,0.3432835821,0.0,0.01492537313,0.0,0.0,0.0,0.0,0.1343283582
1,1,0.6896551724,0.5428571429,0.3285714286,0.0,0.01428571429,0.0,0.0,0.0,0.0,0.1142857143
1,1,0.7438016529,0.5,0.3,0.0,0.01428571429,0.0,0.0,0.0,0.0,0.1857142857
1,1,0.7627118644,0.5,0.3484848485,0.0,0.01515151515,0.0,0.0,0.0,0.0,0.1363636364
1,1,0.75,0.5,0.3333333333,0.0,0.01515151515,0.0,0.0,0.0,0.0,0.1515151515
1,1,0.6306306306,0.7857142857,0.1785714286,0.0,0.0,0.0,0.0,0.0,0.0,0.03571428571
1,1,0.735042735,0.4838709677,0.3387096774,0.0,0.01612903226,0.0,0.0,0.0,0.0,0.1612903226
1,1,0.7704918033,0.5147058824,0.3382352941,0.0,0.01470588235,0.0,0.0,0.0,0.0,0.1323529412
1,1,0.7179487179,0.3770491803,0.4098360656,0.0,0.0,0.0,0.0,0.0,0.0,0.2131147541
1,1,0.7741935484,0.5138888889,0.3472222222,0.0,0.01388888889,0.0,0.0,0.0,0.0,0.125
1,1,0.6725663717,0.484375,0.390625,0.0,0.0,0.0,0.0,0.0,0.0,0.125
1,1,0.735042735,0.4920634921,0.3492063492,0.0,0.01587301587,0.0,0.0,0.0,0.0,0.1428571429
1,1,0.756302521,0.46875,0.359375,0.0,0.015625,0.0,0.0,0.0,0.0,0.15625
1,1,0.7704918033,0.5,0.3529411765,0.0,0.01470588235,0.0,0.0,0.0,0.0,0.1323529412
1,1,0.7226890756,0.5074626866,0.3432835821,0.0,0.0,0.0,0.0,0.0,0.0,0.1492537313
1,1,0.7288135593,0.4166666667,0.2833333333,0.0,0.01666666667,0.0,0.0,0.0,0.0,0.2833333333
1,1,0.7118644068,0.5081967213,0.2950819672,0.0,0.01639344262,0.0,0.0,0.0,0.0,0.1803278689
1,1,0.7603305785,0.5074626866,0.3582089552,0.0,0.01492537313,0.0,0.0,0.0,0.0,0.1194029851
1,1,0.7068965517,0.5166666667,0.2833333333,0.0,0.01666666667,0.0,0.0,0.0,0.0,0.1833333333
1,1,0.7540983607,0.5,0.3055555556,0.0,0.01388888889,0.0,0.0,0.0,0.0,0.1805555556
1,1,0.7804878049,0.5,0.3714285714,0.0,0.01428571429,0.0,0.0,0.0,0.0,0.1142857143
1,1,0.8,0.4931506849,0.3561643836,0.0,0.01369863014,0.0,0.0,0.0,0.0,0.1369863014
1,1,0.6666666667,0.453125,0.375,0.0,0.0,0.0,0.0,0.0,0.0,0.171875
1,1,0.7741935484,0.4657534247,0.3287671233,0.0,0.01369863014,0.0,0.0,0.0,0.0,0.1917808219
1,1,0.75,0.4637681159,0.347826087,0.0,0.01449275362,0.0,0.0,0.0,0.0,0.1739130435
1,1,0.75,0.4931506849,0.3150684932,0.0,0.01369863014,0.0,0.0,0.0,0.0,0.1780821918
1,1,0.6111111111,0.4761904762,0.2857142857,0.0,0.02380952381,0.0,0.0,0.0,0.0,0.2142857143
1,1,0.7438016529,0.4857142857,0.3285714286,0.0,0.01428571429,0.0,0.0,0.0,0.0,0.1714285714
1,1,0.7457627119,0.4769230769,0.3538461538,0.0,0.01538461538,0.0,0.0,0.0,0.0,0.1538461538
1,1,0.7540983607,0.4428571429,0.3428571429,0.0,0.01428571429,0.0,0.0,0.0,0.0,0.2
1,1,0.6896551724,0.5,0.3214285714,0.0,0.01785714286,0.0,0.0,0.0,0.0,0.1607142857
1,1,0.5925925926,0.6129032258,0.3548387097,0.0,0.0,0.0,0.0,0.0,0.0,0.03225806452
1,1,0.7704918033,0.4852941176,0.3529411765,0.0,0.01470588235,0.0,0.0,0.0,0.0,0.1470588235
1,1,0.7521367521,0.5322580645,0.2903225806,0.0,0.01612903226,0.0,0.0,0.0,0.0,0.1612903226
1,1,0.7731092437,0.4925373134,0.3432835821,0.0,0.01492537313,0.0,0.0,0.0,0.0,0.1492537313
1,1,0.7304347826,0.4310344828,0.2931034483,0.0,0.01724137931,0.0,0.0,0.0,0.0,0.2586206897
1,1,0.7288135593,0.4626865672,0.3432835821,0.0,0.0,0.0,0.0,0.0,0.0,0.1940298507
1,1,0.6111111111,0.4545454545,0.2727272727,0.0,0.02272727273,0.0,0.0,0.0,0.0,0.25
1,1,0.7413793103,0.4285714286,0.3333333333,0.0,0.01587301587,0.0,0.0,0.0,0.0,0.2222222222
1,1,0.756302521,0.5074626866,0.3582089552,0.0,0.01492537313,0.0,0.0,0.0,0.0,0.1194029851
1,1,0.7741935484,0.5138888889,0.3611111111,0.0,0.01388888889,0.0,0.0,0.0,0.0,0.1111111111
1,1,0.7642276423,0.4583333333,0.3333333333,0.0,0.01388888889,0.0,0.0,0.0,0.0,0.1944444444
1,1,0.756302521,0.4776119403,0.3432835821,0.0,0.01492537313,0.0,0.0,0.0,0.0,0.1641791045
1,1,0.7413793103,0.4107142857,0.3035714286,0.0,0.01785714286,0.0,0.0,0.0,0.0,0.2678571429
1,1,0.6181818182,0.6216216216,0.3513513514,0.0,0.0,0.0,0.0,0.0,0.0,0.02702702703
1,1,0.7433628319,0.5172413793,0.3275862069,0.0,0.01724137931,0.0,0.0,0.0,0.0,0.1379310345
1,1,0.7704918033,0.5223880597,0.3432835821,0.0,0.01492537313,0.0,0.0,0.0,0.0,0.1194029851
1,1,0.7304347826,0.4181818182,0.2909090909,0.0,0.01818181818,0.0,0.0,0.0,0.0,0.2727272727
1,1,0.7079646018,0.4230769231,0.2884615385,0.0,0.01923076923,0.0,0.0,0.0,0.0,0.2692307692
1,1,0.756302521,0.4769230769,0.3692307692,0.0,0.01538461538,0.0,0.0,0.0,0.0,0.1384615385
1,1,0.6782608696,0.4788732394,0.3661971831,0.0,0.0,0.0,0.0,0.0,0.0,0.1549295775
1,1,0.6181818182,0.6052631579,0.3684210526,0.0,0.0,0.0,0.0,0.0,0.02631578947,0.0
1,1,0.7068965517,0.4833333333,0.4,0.0,0.0,0.0,0.0,0.0,0.0,0.1166666667
1,1,0.6782608696,0.4375,0.375,0.0,0.015625,0.0,0.0,0.0,0.0,0.171875
1,1,0.7768595041,0.4705882353,0.3529411765,0.0,0.01470588235,0.0,0.0,0.0,0.0,0.1617647059
1,1,0.7666666667,0.4776119403,0.3432835821,0.0,0.01492537313,0.0,0.0,0.0,0.0,0.1641791045
1,1,0.756302521,0.4696969697,0.3484848485,0.0,0.01515151515,0.0,0.0,0.0,0.0,0.1666666667
1,1,0.7540983607,0.5070422535,0.323943662,0.0,0.0,0.0,0.0,0.0,0.0,0.1690140845
1,1,0.735042735,0.4677419355,0.3709677419,0.0,0.01612903226,0.0,0.0,0.0,0.0,0.1451612903
1,1,0.7394957983,0.3943661972,0.3521126761,0.0,0.0,0.0,0.0,0.0,0.0,0.2535211268
1,1,0.7768595041,0.5,0.3529411765,0.0,0.01470588235,0.0,0.0,0.0,0.0,0.1323529412
1,1,0.6846846847,0.4375,0.2708333333,0.0,0.02083333333,0.0,0.0,0.0,0.0,0.2708333333
1,1,0.7288135593,0.5507246377,0.2753623188,0.0,0.01449275362,0.0,0.0,0.0,0.0,0.1594202899
1,1,0.7540983607,0.5,0.2903225806,0.0,0.01612903226,0.0,0.0,0.0,0.0,0.1935483871
1,1,0.6181818182,0.4285714286,0.4285714286,0.0,0.0,0.0,0.0,0.0,0.01785714286,0.125
1,1,0.7079646018,0.4259259259,0.2962962963,0.0,0.01851851852,0.0,0.0,0.0,0.0,0.2592592593
1,1,0.7008547009,0.3898305085,0.406779661,0.0,0.0,0.0,0.0,0.0,0.0,0.2033898305
1,1,0.7603305785,0.4833333333,0.3,0.0,0.01666666667,0.0,0.0,0.0,0.0,0.2
1,1,0.7666666667,0.5074626866,0.3432835821,0.0,0.01492537313,0.0,0.0,0.0,0.0,0.1343283582
1,1,0.7192982456,0.4363636364,0.2909090909,0.0,0.01818181818,0.0,0.0,0.0,0.0,0.2545454545
1,1,0.5925925926,0.4807692308,0.4230769231,0.0,0.0,0.0,0.0,0.0,0.0,0.09615384615
1,1,0.6902654867,0.4464285714,0.2857142857,0.0,0.0,0.0,0.0,0.0,0.0,0.2678571429
1,1,0.7226890756,0.4347826087,0.3333333333,0.0,0.0,0.0,0.0,0.0,0.0,0.231884058
1,1,0.7226890756,0.4057971014,0.3188405797,0.0,0.01449275362,0.0,0.0,0.0,0.0,0.2608695652
1,1,0.6111111111,0.5625,0.375,0.0,0.0,0.0,0.0,0.0,0.0,0.0625
1,1,0.7438016529,0.5862068966,0.275862069,0.0,0.01724137931,0.0,0.0,0.0,0.0,0.1206896552
1,1,0.7304347826,0.4285714286,0.3035714286,0.0,0.0,0.0,0.0,0.0,0.0,0.2678571429
1,1,0.7642276423,0.4864864865,0.3378378378,0.0,0.0,0.0,0.0,0.0,0.0,0.1756756757
1,1,0.6055045872,0.4615384615,0.3653846154,0.0,0.0,0.0,0.0,0.0,0.0,0.1730769231
1,1,0.7603305785,0.4931506849,0.3287671233,0.0,0.0,0.0,0.0,0.0,0.0,0.1780821918
1,1,0.756302521,0.4776119403,0.3582089552,0.0,0.01492537313,0.0,0.0,0.0,0.0,0.1492537313
1,1,0.7008547009,0.4285714286,0.3968253968,0.0,0.0,0.0,0.0,0.0,0.0,0.1746031746
1,1,0.7333333333,0.5,0.3428571429,0.0,0.01428571429,0.0,0.0,0.0,0.0,0.1428571429
1,1,0.7666666667,0.5,0.3529411765,0.0,0.01470588235,0.0,0.0,0.0,0.0,0.1323529412
1,1,0.7666666667,0.5147058824,0.3235294118,0.0,0.01470588235,0.0,0.0,0.0,0.0,0.1470588235
1,1,0.7666666667,0.4852941176,0.3529411765,0.0,0.01470588235,0.0,0.0,0.0,0.0,0.1470588235
1,1,0.7368421053,0.4181818182,0.2909090909,0.0,0.01818181818,0.0,0.0,0.0,0.0,0.2727272727
1,1,0.7768595041,0.5,0.3285714286,0.0,0.01428571429,0.0,0.0,0.0,0.0,0.1571428571
1,1,0.6730769231,0.7096774194,0.2580645161,0.0,0.0,0.0,0.0,0.0,0.0,0.03225806452
1,1,0.7603305785,0.5151515152,0.3333333333,0.0,0.01515151515,0.0,0.0,0.0,0.0,0.1363636364
1,1,0.7333333333,0.4925373134,0.328358209,0.0,0.01492537313,0.0,0.0,0.0,0.0,0.1641791045
1,1,0.7394957983,0.5,0.2833333333,0.0,0.01666666667,0.0,0.0,0.0,0.0,0.2
1,1,0.7130434783,0.4150943396,0.3018867925,0.0,0.01886792453,0.0,0.0,0.0,0.0,0.2641509434
1,1,0.7288135593,0.5,0.2678571429,0.0,0.01785714286,0.0,0.0,0.0,0.0,0.2142857143
1,1,0.7804878049,0.5,0.3714285714,0.0,0.01428571429,0.0,0.0,0.0,0.0,0.1142857143
1,1,0.5925925926,0.4782608696,0.4782608696,0.0,0.0,0.0,0.0,0.0,0.02173913043,0.02173913043
1,1,0.7192982456,0.4259259259,0.2962962963,0.0,0.01851851852,0.0,0.0,0.0,0.0,0.2592592593
1,1,0.7413793103,0.4137931034,0.2931034483,0.0,0.01724137931,0.0,0.0,0.0,0.0,0.275862069
1,1,0.7457627119,0.4769230769,0.3538461538,0.0,0.01538461538,0.0,0.0,0.0,0.0,0.1538461538
1,1,0.7333333333,0.4927536232,0.3043478261,0.0,0.01449275362,0.0,0.0,0.0,0.0,0.1884057971
1,1,0.5925925926,0.42,0.4,0.0,0.0,0.0,0.0,0.0,0.0,0.18
1,1,0.735042735,0.4107142857,0.3035714286,0.0,0.01785714286,0.0,0.0,0.0,0.0,0.2678571429
1,1,0.7438016529,0.4285714286,0.3142857143,0.0,0.0,0.01428571429,0.0,0.0,0.0,0.2428571429
1,1,0.6842105263,0.5714285714,0.4,0.0,0.0,0.0,0.0,0.0,0.0,0.02857142857
1,1,0.7666666667,0.4925373134,0.3582089552,0.0,0.01492537313,0.0,0.0,0.0,0.0,0.1343283582
1,1,0.7413793103,0.4210526316,0.298245614,0.0,0.01754385965,0.0,0.0,0.0,0.0,0.2631578947
1,1,0.7256637168,0.4038461538,0.2884615385,0.0,0.01923076923,0.0,0.0,0.0,0.0,0.2884615385
1,1,0.75,0.5076923077,0.3230769231,0.0,0.01538461538,0.0,0.0,0.0,0.0,0.1538461538
1,1,0.7704918033,0.552238806,0.328358209,0.0,0.01492537313,0.0,0.0,0.0,0.0,0.1044776119
1,1,0.756302521,0.4848484848,0.3484848485,0.0,0.01515151515,0.0,0.0,0.0,0.0,0.1515151515
1,1,0.7130434783,0.4666666667,0.35,0.0,0.01666666667,0.0,0.0,0.0,0.0,0.1666666667
1,1,0.75,0.4461538462,0.3384615385,0.0,0.01538461538,0.0,0.0,0.0,0.0,0.2
1,1,0.7288135593,0.462962963,0.2592592593,0.0,0.0,0.0,0.0,0.0,0.0,0.2777777778
1,1,0.7540983607,0.5,0.3243243243,0.0,0.01351351351,0.0,0.0,0.0,0.0,0.1621621622
1,1,0.7768595041,0.4852941176,0.3382352941,0.0,0.01470588235,0.0,0.0,0.0,0.0,0.1617647059
1,1,0.7333333333,0.4852941176,0.3382352941,0.0,0.0,0.0,0.0,0.0,0.0,0.1764705882
1,1,0.5925925926,0.4705882353,0.4117647059,0.0,0.0,0.0,0.0,0.0,0.0,0.1176470588
1,1,0.7333333333,0.4927536232,0.347826087,0.0,0.0,0.0,0.0,0.0,0.0,0.1594202899
1,1,0.7333333333,0.515625,0.28125,0.0,0.015625,0.0,0.0,0.0,0.0,0.1875
1,1,0.7333333333,0.53125,0.265625,0.0,0.015625,0.0,0.0,0.0,0.0,0.1875
1,1,0.7226890756,0.552238806,0.2686567164,0.0,0.01492537313,0.0,0.0,0.0,0.0,0.1641791045
1,1,0.7304347826,0.4,0.3090909091,0.0,0.01818181818,0.0,0.0,0.0,0.0,0.2727272727
1,1,0.7333333333,0.5072463768,0.2898550725,0.0,0.01449275362,0.0,0.0,0.0,0.0,0.1884057971
1,1,0.7768595041,0.4925373134,0.3731343284,0.0,0.01492537313,0.0,0.0,0.0,0.0,0.1194029851
1,1,0.7288135593,0.4090909091,0.3333333333,0.0,0.0,0.0,0.0,0.0,0.0,0.2575757576
1,1,0.6956521739,0.5,0.4032258065,0.0,0.0,0.0,0.0,0.0,0.0,0.09677419355
1,1,0.7192982456,0.4259259259,0.2962962963,0.0,0.01851851852,0.0,0.0,0.0,0.0,0.2592592593
1,1,0.756302521,0.4776119403,0.3432835821,0.0,0.01492537313,0.0,0.0,0.0,0.0,0.1641791045
1,1,0.7333333333,0.4142857143,0.3428571429,0.0,0.0,0.0,0.0,0.0,0.0,0.2428571429
1,1,0.75,0.4929577465,0.3098591549,0.0,0.01408450704,0.0,0.0,0.0,0.0,0.1830985915
1,1,0.7394957983,0.5079365079,0.3333333333,0.0,0.01587301587,0.0,0.0,0.0,0.0,0.1428571429
1,1,0.7457627119,0.4696969697,0.3484848485,0.0,0.01515151515,0.0,0.0,0.0,0.0,0.1666666667
1,1,0.7741935484,0.5211267606,0.3521126761,0.0,0.01408450704,0.0,0.0,0.0,0.0,0.1126760563
1,1,0.6363636364,0.6129032258,0.3870967742,0.0,0.0,0.0,0.0,0.0,0.0,0.0
1,1,0.7540983607,0.4166666667,0.3333333333,0.0,0.0,0.0,0.0,0.0,0.0,0.25
1,1,0.6666666667,0.4107142857,0.3928571429,0.0,0.0,0.0,0.0,0.0,0.0,0.1964285714
1,1,0.7438016529,0.4027777778,0.3472222222,0.0,0.0,0.0,0.0,0.0,0.0,0.25
1,1,0.7394957983,0.5,0.3108108108,0.0,0.0,0.0,0.0,0.0,0.0,0.1891891892
1,1,0.75,0.4923076923,0.3384615385,0.0,0.01538461538,0.0,0.0,0.0,0.0,0.1538461538
1,1,0.7079646018,0.4444444444,0.2962962963,0.0,0.0,0.0,0.0,0.0,0.0,0.2592592593
1,1,0.7603305785,0.5625,0.28125,0.0,0.015625,0.0,0.0,0.0,0.0,0.140625
1,1,0.7704918033,0.5454545455,0.3333333333,0.0,0.01515151515,0.0,0.0,0.0,0.0,0.1060606061
1,1,0.7642276423,0.4933333333,0.3333333333,0.0,0.0,0.0,0.0,0.0,0.0,0.1733333333
1,1,0.7333333333,0.5072463768,0.3043478261,0.0,0.01449275362,0.0,0.0,0.0,0.0,0.1739130435
1,1,0.75,0.5076923077,0.3384615385,0.0,0.01538461538,0.0,0.0,0.0,0.0,0.1384615385
1,1,0.7768595041,0.5070422535,0.3521126761,0.0,0.01408450704,0.0,0.0,0.0,0.0,0.1267605634
1,1,0.7666666667,0.4923076923,0.3846153846,0.0,0.01538461538,0.0,0.0,0.0,0.0,0.1076923077
1,1,0.7731092437,0.5,0.3676470588,0.0,0.01470588235,0.0,0.0,0.0,0.0,0.1176470588
1,1,0.7704918033,0.5070422535,0.3521126761,0.0,0.01408450704,0.0,0.0,0.0,0.0,0.1267605634
1,1,0.756302521,0.5,0.34375,0.0,0.015625,0.0,0.0,0.0,0.0,0.140625
1,1,0.6548672566,0.4666666667,0.3666666667,0.0,0.01666666667,0.0,0.0,0.0,0.0,0.15
1,1,0.5294117647,0.6333333333,0.3333333333,0.0,0.0,0.0,0.0,0.0,0.0,0.03333333333
1,1,0.7741935484,0.5070422535,0.3521126761,0.0,0.01408450704,0.0,0.0,0.0,0.0,0.1267605634
1,1,0.7226890756,0.5588235294,0.2647058824,0.0,0.01470588235,0.0,0.0,0.0,0.0,0.1617647059
1,1,0.7704918033,0.5072463768,0.3623188406,0.0,0.01449275362,0.0,0.0,0.0,0.0,0.115942029
1,1,0.7457627119,0.4126984127,0.3492063492,0.0,0.01587301587,0.0,0.0,0.0,0.0,0.2222222222
1,1,0.735042735,0.5,0.3484848485,0.0,0.01515151515,0.0,0.0,0.0,0.0,0.1363636364
1,1,0.7394957983,0.4029850746,0.328358209,0.0,0.01492537313,0.0,0.0,0.0,0.0,0.2537313433
1,1,0.7226890756,0.4264705882,0.3235294118,0.0,0.01470588235,0.0,0.0,0.0,0.0,0.2352941176
1,1,0.7333333333,0.5238095238,0.3015873016,0.0,0.01587301587,0.0,0.0,0.0,0.0,0.1587301587
1,1,0.756302521,0.4153846154,0.3538461538,0.0,0.01538461538,0.0,0.0,0.0,0.0,0.2153846154
1,1,0.7179487179,0.4444444444,0.3492063492,0.0,0.0,0.0,0.0,0.0,0.0,0.2063492063
1,1,0.7079646018,0.4230769231,0.2884615385,0.0,0.01923076923,0.0,0.0,0.0,0.0,0.2692307692
1,1,0.701754386,0.4642857143,0.3392857143,0.0,0.01785714286,0.0,0.0,0.0,0.0,0.1785714286
1,1,0.735042735,0.5161290323,0.3387096774,0.0,0.01612903226,0.0,0.0,0.0,0.0,0.1290322581
1,1,0.7603305785,0.4769230769,0.3538461538,0.0,0.01538461538,0.0,0.0,0.0,0.0,0.1538461538
1,1,0.7438016529,0.5230769231,0.2769230769,0.0,0.01538461538,0.0,0.0,0.0,0.0,0.1846153846
1,1,0.75,0.5223880597,0.3134328358,0.0,0.01492537313,0.0,0.0,0.0,0.0,0.1492537313
1,1,0.756302521,0.4328358209,0.3432835821,0.0,0.01492537313,0.0,0.0,0.0,0.0,0.2089552239
1,1,0.5925925926,0.4259259259,0.4259259259,0.0,0.0,0.0,0.0,0.0,0.0,0.1481481481
1,1,0.7192982456,0.4339622642,0.3018867925,0.0,0.01886792453,0.0,0.0,0.0,0.0,0.2452830189
1,1,0.7603305785,0.5074626866,0.3134328358,0.0,0.01492537313,0.0,0.0,0.0,0.0,0.1641791045
1,1,0.7438016529,0.4920634921,0.3015873016,0.0,0.01587301587,0.0,0.0,0.0,0.0,0.1904761905
1,1,0.7603305785,0.4918032787,0.2950819672,0.0,0.01639344262,0.0,0.0,0.0,0.0,0.1967213115
1,1,0.6782608696,0.5,0.4,0.0,0.0,0.0,0.0,0.0,0.0,0.1
1,1,0.7603305785,0.5322580645,0.2903225806,0.0,0.01612903226,0.0,0.0,0.0,0.0,0.1612903226
1,1,0.7333333333,0.4179104478,0.328358209,0.0,0.01492537313,0.0,0.0,0.0,0.0,0.2388059701
1,1,0.7192982456,0.4363636364,0.3090909091,0.0,0.01818181818,0.0,0.0,0.0,0.0,0.2363636364
1,1,0.7192982456,0.4259259259,0.2962962963,0.0,0.01851851852,0.0,0.0,0.0,0.0,0.2592592593
1,1,0.75,0.5,0.3142857143,0.0,0.01428571429,0.0,0.0,0.0,0.0,0.1714285714
1,1,0.6607142857,0.4237288136,0.4406779661,0.0,0.0,0.0,0.0,0.0,0.0,0.1355932203
1,1,0.7540983607,0.4918032787,0.2950819672,0.0,0.01639344262,0.0,0.0,0.0,0.0,0.1967213115
1,1,0.7704918033,0.5072463768,0.347826087,0.0,0.01449275362,0.0,0.0,0.0,0.0,0.1304347826
1,1,0.7192982456,0.4285714286,0.2857142857,0.0,0.01785714286,0.0,0.0,0.0,0.0,0.2678571429
1,1,0.7413793103,0.435483871,0.3225806452,0.0,0.01612903226,0.0,0.0,0.0,0.0,0.2258064516
1,1,0.6666666667,0.5652173913,0.3913043478,0.0,0.0,0.0,0.0,0.0,0.0,0.04347826087
1,1,0.7413793103,0.4310344828,0.3103448276,0.0,0.0,0.0,0.0,0.0,0.0,0.2586206897
1,1,0.7603305785,0.515625,0.328125,0.0,0.015625,0.0,0.0,0.0,0.0,0.140625
1,1,0.7457627119,0.4776119403,0.3582089552,0.0,0.01492537313,0.0,0.0,0.0,0.0,0.1492537313
1,1,0.6964285714,0.431372549,0.2941176471,0.0,0.01960784314,0.0,0.0,0.0,0.0,0.2549019608
1,1,0.7179487179,0.45,0.3666666667,0.0,0.01666666667,0.0,0.0,0.0,0.0,0.1666666667
1,1,0.756302521,0.4776119403,0.3582089552,0.0,0.01492537313,0.0,0.0,0.0,0.0,0.1492537313
1,1,0.7457627119,0.4925373134,0.3432835821,0.0,0.01492537313,0.0,0.0,0.0,0.0,0.1492537313
1,1,0.7333333333,0.4242424242,0.3181818182,0.0,0.0,0.0,0.0,0.0,0.0,0.2575757576
1,1,0.7540983607,0.4647887324,0.338028169,0.0,0.01408450704,0.0,0.0,0.0,0.0,0.1830985915
1,1,0.7192982456,0.4259259259,0.2962962963,0.0,0.01851851852,0.0,0.0,0.0,0.0,0.2592592593
1,1,0.756302521,0.5,0.3636363636,0.0,0.01515151515,0.0,0.0,0.0,0.0,0.1212121212
1,1,0.7118644068,0.5245901639,0.2786885246,0.0,0.01639344262,0.0,0.0,0.0,0.0,0.1803278689
1,1,0.75,0.4084507042,0.338028169,0.0,0.0,0.0,0.0,0.0,0.0,0.2535211268
1,1,0.7457627119,0.4242424242,0.3484848485,0.0,0.01515151515,0.0,0.0,0.0,0.0,0.2121212121
1,1,0.7603305785,0.552238806,0.3432835821,0.0,0.01492537313,0.0,0.0,0.0,0.0,0.08955223881
1,1,0.7192982456,0.4259259259,0.2962962963,0.0,0.01851851852,0.0,0.0,0.0,0.0,0.2592592593
1,1,0.7226890756,0.552238806,0.2686567164,0.0,0.01492537313,0.0,0.0,0.0,0.0,0.1641791045
1,1,0.7179487179,0.4576271186,0.2542372881,0.0,0.01694915254,0.0,0.0,0.0,0.0,0.2711864407
1,1,0.7008547009,0.5,0.3870967742,0.0,0.0,0.0,0.0,0.0,0.0,0.1129032258
1,1,0.7438016529,0.5084745763,0.3050847458,0.0,0.01694915254,0.0,0.0,0.0,0.0,0.1694915254
1,1,0.7438016529,0.5,0.3194444444,0.0,0.01388888889,0.0,0.0,0.0,0.0,0.1666666667
1,1,0.7333333333,0.4142857143,0.3428571429,0.0,0.0,0.0,0.0,0.0,0.0,0.2428571429
1,1,0.7741935484,0.5735294118,0.2794117647,0.0,0.01470588235,0.0,0.0,0.0,0.0,0.1323529412
1,1,0.6055045872,0.724137931,0.2413793103,0.0,0.0,0.0,0.0,0.0,0.0,0.03448275862
1,1,0.7226890756,0.4285714286,0.3285714286,0.0,0.01428571429,0.0,0.0,0.0,0.0,0.2285714286
1,1,0.7540983607,0.4918032787,0.2950819672,0.0,0.01639344262,0.0,0.0,0.0,0.0,0.1967213115
1,1,0.7079646018,0.4150943396,0.3018867925,0.0,0.01886792453,0.0,0.0,0.0,0.0,0.2641509434
1,1,0.7704918033,0.5072463768,0.347826087,0.0,0.01449275362,0.0,0.0,0.0,0.0,0.1304347826
1,1,0.7768595041,0.5074626866,0.3432835821,0.0,0.01492537313,0.0,0.0,0.0,0.0,0.1343283582
1,1,0.6486486486,0.5263157895,0.4210526316,0.0,0.0,0.0,0.0,0.0,0.0,0.05263157895
1,1,0.7521367521,0.4307692308,0.3384615385,0.0,0.01538461538,0.0,0.0,0.0,0.0,0.2153846154
1,1,0.7768595041,0.4705882353,0.3529411765,0.0,0.01470588235,0.0,0.0,0.0,0.0,0.1617647059
1,1,0.6486486486,0.5,0.3392857143,0.0,0.01785714286,0.0,0.0,0.0,0.0,0.1428571429
1,1,0.784,0.5068493151,0.3287671233,0.0,0.01369863014,0.0,0.0,0.0,0.0,0.1506849315
1,1,0.7704918033,0.5072463768,0.347826087,0.0,0.01449275362,0.0,0.0,0.0,0.0,0.1304347826
1,1,0.7666666667,0.4925373134,0.3582089552,0.0,0.01492537313,0.0,0.0,0.0,0.0,0.1343283582
1,1,0.756302521,0.4776119403,0.3582089552,0.0,0.01492537313,0.0,0.0,0.0,0.0,0.1492537313
1,1,0.756302521,0.5,0.3484848485,0.0,0.01515151515,0.0,0.0,0.0,0.0,0.1363636364
1,1,0.7741935484,0.4583333333,0.3333333333,0.0,0.01388888889,0.0,0.0,0.0,0.0,0.1944444444
1,1,0.7457627119,0.484375,0.34375,0.0,0.015625,0.0,0.0,0.0,0.0,0.15625
1,1,0.6181818182,0.6176470588,0.3235294118,0.0,0.0,0.0,0.0,0.0,0.02941176471,0.02941176471
1,1,0.7642276423,0.4931506849,0.3287671233,0.0,0.0,0.0,0.0,0.0,0.0,0.1780821918
1,1,0.5660377358,0.7826086957,0.2173913043,0.0,0.0,0.0,0.0,0.0,0.0,0.0
1,1,0.7741935484,0.5384615385,0.2769230769,0.0,0.01538461538,0.0,0.0,0.0,0.0,0.1692307692
1,1,0.7192982456,0.4363636364,0.2909090909,0.0,0.01818181818,0.0,0.0,0.0,0.0,0.2545454545
1,1,0.7540983607,0.4788732394,0.338028169,0.0,0.0,0.0,0.0,0.0,0.0,0.1830985915
1,1,0.7256637168,0.4385964912,0.298245614,0.0,0.0,0.0,0.0,0.0,0.0,0.2631578947
1,1,0.7008547009,0.4098360656,0.3770491803,0.0,0.0,0.0,0.0,0.0,0.0,0.2131147541
1,1,0.5794392523,0.4230769231,0.3846153846,0.0,0.0,0.01923076923,0.0,0.0,0.07692307692,0.09615384615
1,1,0.6782608696,0.453125,0.375,0.0,0.0,0.0,0.0,0.0,0.0,0.171875
1,1,0.7666666667,0.4927536232,0.347826087,0.0,0.01449275362,0.0,0.0,0.0,0.0,0.1449275362
1,1,0.7741935484,0.5070422535,0.3521126761,0.0,0.01408450704,0.0,0.0,0.0,0.0,0.1267605634
1,1,0.75,0.4545454545,0.3333333333,0.0,0.01515151515,0.0,0.0,0.0,0.0,0.196969697
1,1,0.7540983607,0.5068493151,0.301369863,0.0,0.01369863014,0.0,0.0,0.0,0.0,0.1780821918
1,1,0.7394957983,0.4444444444,0.2857142857,0.0,0.0,0.0,0.0,0.0,0.0,0.2698412698
1,1,0.7192982456,0.4339622642,0.3018867925,0.0,0.01886792453,0.0,0.0,0.0,0.0,0.2452830189
1,1,0.7540983607,0.5070422535,0.3098591549,0.0,0.01408450704,0.0,0.0,0.0,0.0,0.1690140845
1,1,0.7768595041,0.4852941176,0.3382352941,0.0,0.01470588235,0.0,0.0,0.0,0.0,0.1617647059
1,1,0.7368421053,0.4074074074,0.2962962963,0.0,0.01851851852,0.0,0.0,0.0,0.0,0.2777777778
1,1,0.7413793103,0.4107142857,0.3035714286,0.0,0.01785714286,0.0,0.0,0.0,0.0,0.2678571429
1,1,0.7457627119,0.4769230769,0.3384615385,0.0,0.01538461538,0.0,0.0,0.0,0.0,0.1692307692
1,1,0.7666666667,0.4507042254,0.338028169,0.0,0.01408450704,0.0,0.0,0.0,0.0,0.1971830986
1,1,0.7226890756,0.5147058824,0.3088235294,0.0,0.01470588235,0.0,0.0,0.0,0.0,0.1617647059
1,1,0.7333333333,0.5,0.3428571429,0.0,0.01428571429,0.0,0.0,0.0,0.0,0.1428571429
1,1,0.7192982456,0.4363636364,0.3090909091,0.0,0.0,0.0,0.0,0.0,0.0,0.2545454545
1,1,0.756302521,0.4776119403,0.3432835821,0.0,0.01492537313,0.0,0.0,0.0,0.0,0.1641791045
1,1,0.7333333333,0.515625,0.28125,0.0,0.015625,0.0,0.0,0.0,0.0,0.1875
1,1,0.7333333333,0.4927536232,0.3333333333,0.0,0.01449275362,0.0,0.0,0.0,0.0,0.1594202899
1,1,0.7704918033,0.5,0.3529411765,0.0,0.01470588235,0.0,0.0,0.0,0.0,0.1323529412
1,1,0.7704918033,0.5072463768,0.3623188406,0.0,0.01449275362,0.0,0.0,0.0,0.0,0.115942029
1,1,0.7333333333,0.4615384615,0.3538461538,0.0,0.01538461538,0.0,0.0,0.0,0.0,0.1692307692
1,1,0.7333333333,0.4225352113,0.323943662,0.0,0.01408450704,0.0,0.0,0.0,0.0,0.2394366197
1,1,0.7179487179,0.4264705882,0.3382352941,0.0,0.0,0.0,0.0,0.0,0.0,0.2352941176
1,1,0.7333333333,0.5161290323,0.2741935484,0.0,0.01612903226,0.0,0.0,0.0,0.0,0.1935483871
1,1,0.7457627119,0.453125,0.328125,0.0,0.015625,0.0,0.0,0.0,0.0,0.203125
1,1,0.7521367521,0.406779661,0.3050847458,0.0,0.01694915254,0.0,0.0,0.0,0.0,0.2711864407
1,1,0.7288135593,0.5072463768,0.3043478261,0.0,0.0,0.01449275362,0.0,0.0,0.0,0.1739130435
1,1,0.7804878049,0.4927536232,0.3333333333,0.0,0.01449275362,0.0,0.0,0.0,0.0,0.1594202899
1,1,0.7666666667,0.4925373134,0.3582089552,0.0,0.01492537313,0.0,0.0,0.0,0.0,0.1343283582
1,1,0.7394957983,0.4225352113,0.323943662,0.0,0.01408450704,0.0,0.0,0.0,0.0,0.2394366197
1,1,0.7068965517,0.5084745763,0.3050847458,0.0,0.01694915254,0.0,0.0,0.0,0.0,0.1694915254
1,1,0.7457627119,0.4242424242,0.3484848485,0.0,0.01515151515,0.0,0.0,0.0,0.0,0.2121212121
1,1,0.7457627119,0.515625,0.34375,0.0,0.015625,0.0,0.0,0.0,0.0,0.125
1,1,0.7833333333,0.5,0.3428571429,0.0,0.01428571429,0.0,0.0,0.0,0.0,0.1428571429
1,1,0.7457627119,0.4761904762,0.3333333333,0.0,0.01587301587,0.0,0.0,0.0,0.0,0.1746031746
1,1,0.75,0.4931506849,0.3287671233,0.0,0.01369863014,0.0,0.0,0.0,0.0,0.1643835616
1,1,0.7333333333,0.5161290323,0.2741935484,0.0,0.01612903226,0.0,0.0,0.0,0.0,0.1935483871
1,1,0.5660377358,0.4489795918,0.387755102,0.0,0.0,0.02040816327,0.0,0.0,0.0612244898,0.08163265306
1,1,0.7008547009,0.5,0.4,0.0,0.0,0.0,0.0,0.0,0.0,0.1
1,1,0.6111111111,0.4615384615,0.4230769231,0.0,0.0,0.0,0.0,0.0,0.0,0.1153846154
1,1,0.756302521,0.4776119403,0.3432835821,0.0,0.01492537313,0.0,0.0,0.0,0.0,0.1641791045
1,1,0.7118644068,0.3833333333,0.4166666667,0.0,0.0,0.0,0.0,0.0,0.0,0.2
1,1,0.7666666667,0.4411764706,0.3382352941,0.0,0.01470588235,0.0,0.0,0.0,0.0,0.2058823529
1,1,0.7333333333,0.4929577465,0.3098591549,0.0,0.01408450704,0.0,0.0,0.0,0.0,0.1830985915
1,1,0.7226890756,0.4776119403,0.3134328358,0.0,0.01492537313,0.0,0.0,0.0,0.0,0.1940298507
1,1,0.7666666667,0.5,0.3676470588,0.0,0.01470588235,0.0,0.0,0.0,0.0,0.1176470588
1,1,0.7666666667,0.5,0.3529411765,0.0,0.01470588235,0.0,0.0,0.0,0.0,0.1323529412
1,1,0.7438016529,0.4545454545,0.3333333333,0.0,0.0,0.01515151515,0.0,0.0,0.0,0.196969697
1,1,0.6486486486,0.4583333333,0.2916666667,0.0,0.02083333333,0.0,0.0,0.0,0.0,0.2291666667
1,1,0.6111111111,0.4390243902,0.2682926829,0.0,0.0243902439,0.0,0.0,0.0,0.0,0.2682926829
1,1,0.735042735,0.4210526316,0.298245614,0.0,0.01754385965,0.0,0.0,0.0,0.0,0.2631578947
1,1,0.7192982456,0.4363636364,0.2909090909,0.0,0.01818181818,0.0,0.0,0.0,0.0,0.2545454545
1,1,0.7438016529,0.5,0.3428571429,0.0,0.0,0.0,0.0,0.0,0.0,0.1571428571
1,1,0.7627118644,0.4923076923,0.3384615385,0.0,0.01538461538,0.0,0.0,0.0,0.0,0.1538461538
1,1,0.7666666667,0.4848484848,0.3333333333,0.0,0.01515151515,0.0,0.0,0.0,0.0,0.1666666667
1,1,0.7333333333,0.4285714286,0.3,0.0,0.01428571429,0.0,0.0,0.0,0.0,0.2571428571
1,1,0.7333333333,0.5238095238,0.2698412698,0.0,0.01587301587,0.0,0.0,0.0,0.0,0.1904761905
1,1,0.6842105263,0.7058823529,0.2352941176,0.0,0.02941176471,0.0,0.0,0.0,0.0,0.02941176471
1,1,0.7438016529,0.4166666667,0.3194444444,0.0,0.01388888889,0.0,0.0,0.0,0.0,0.25
1,1,0.7741935484,0.4933333333,0.3333333333,0.0,0.0,0.0,0.0,0.0,0.0,0.1733333333
1,1,0.7540983607,0.4918032787,0.3114754098,0.0,0.01639344262,0.0,0.0,0.0,0.0,0.1803278689
1,1,0.724137931,0.484375,0.359375,0.0,0.015625,0.0,0.0,0.0,0.0,0.140625
1,1,0.7333333333,0.447761194,0.3432835821,0.0,0.0,0.0,0.0,0.0,0.0,0.2089552239
1,1,0.735042735,0.406779661,0.3220338983,0.0,0.01694915254,0.0,0.0,0.0,0.0,0.2542372881
1,1,0.7438016529,0.5409836066,0.2786885246,0.0,0.01639344262,0.0,0.0,0.0,0.0,0.1639344262
1,1,0.7704918033,0.5070422535,0.3521126761,0.0,0.01408450704,0.0,0.0,0.0,0.0,0.1267605634
1,1,0.75,0.515625,0.328125,0.0,0.015625,0.0,0.0,0.0,0.0,0.140625
1,1,0.7288135593,0.45,0.2666666667,0.0,0.01666666667,0.0,0.0,0.0,0.0,0.2666666667
1,1,0.7079646018,0.4444444444,0.2962962963,0.0,0.01851851852,0.0,0.0,0.0,0.0,0.2407407407
1,1,0.7521367521,0.4920634921,0.3333333333,0.0,0.01587301587,0.0,0.0,0.0,0.0,0.1587301587
1,1,0.7666666667,0.4925373134,0.3432835821,0.0,0.01492537313,0.0,0.0,0.0,0.0,0.1492537313
1,1,0.7642276423,0.5846153846,0.2615384615,0.0,0.01538461538,0.0,0.0,0.0,0.0,0.1384615385
1,1,0.784,0.5,0.3714285714,0.0,0.01428571429,0.0,0.0,0.0,0.0,0.1142857143
1,1,0.7457627119,0.5,0.34375,0.0,0.015625,0.0,0.0,0.0,0.0,0.140625
1,1,0.756302521,0.5,0.3484848485,0.0,0.01515151515,0.0,0.0,0.0,0.0,0.1363636364
1,1,0.6055045872,0.7777777778,0.2222222222,0.0,0.0,0.0,0.0,0.0,0.0,0.0
1,1,0.7666666667,0.5,0.3676470588,0.0,0.01470588235,0.0,0.0,0.0,0.0,0.1176470588
1,1,0.5242718447,0.5434782609,0.3695652174,0.0,0.0,0.0,0.0,0.0,0.02173913043,0.0652173913
1,1,0.7438016529,0.4927536232,0.3188405797,0.0,0.01449275362,0.0,0.0,0.0,0.0,0.1739130435
1,1,0.6782608696,0.4482758621,0.3448275862,0.0,0.01724137931,0.0,0.0,0.0,0.0,0.1896551724
1,1,0.7804878049,0.4861111111,0.3611111111,0.0,0.01388888889,0.0,0.0,0.0,0.0,0.1388888889
1,1,0.7603305785,0.4918032787,0.2950819672,0.0,0.01639344262,0.0,0.0,0.0,0.0,0.1967213115
1,1,0.6896551724,0.6086956522,0.3695652174,0.0,0.0,0.0,0.0,0.0,0.0,0.02173913043
1,1,0.6548672566,0.4666666667,0.3833333333,0.0,0.0,0.0,0.0,0.0,0.0,0.15
1,1,0.756302521,0.4848484848,0.3333333333,0.0,0.01515151515,0.0,0.0,0.0,0.0,0.1666666667
1,1,0.7333333333,0.447761194,0.3582089552,0.0,0.0,0.0,0.0,0.0,0.0,0.1940298507
1,1,0.7333333333,0.5,0.3064516129,0.0,0.01612903226,0.0,0.0,0.0,0.0,0.1774193548
1,1,0.7192982456,0.4259259259,0.2962962963,0.0,0.01851851852,0.0,0.0,0.0,0.0,0.2592592593
1,1,0.3870967742,0.9090909091,0.09090909091,0.0,0.0,0.0,0.0,0.0,0.0,0.0
1,1,0.7333333333,0.4545454545,0.3484848485,0.0,0.0,0.0,0.0,0.0,0.0,0.196969697
1,1,0.7666666667,0.5,0.3676470588,0.0,0.01470588235,0.0,0.0,0.0,0.0,0.1176470588
1,1,0.5576923077,0.8095238095,0.1428571429,0.0,0.04761904762,0.0,0.0,0.0,0.0,0.0
1,1,0.7540983607,0.5,0.3055555556,0.0,0.01388888889,0.0,0.0,0.0,0.0,0.1805555556
1,1,0.7666666667,0.5,0.3676470588,0.0,0.01470588235,0.0,0.0,0.0,0.0,0.1176470588
1,1,0.735042735,0.4210526316,0.298245614,0.0,0.01754385965,0.0,0.0,0.0,0.0,0.2631578947
1,1,0.756302521,0.5,0.3636363636,0.0,0.01515151515,0.0,0.0,0.0,0.0,0.1212121212
1,1,0.7288135593,0.46875,0.34375,0.0,0.015625,0.0,0.0,0.0,0.0,0.171875
1,1,0.756302521,0.4852941176,0.3529411765,0.0,0.01470588235,0.0,0.0,0.0,0.0,0.1470588235
1,1,0.6181818182,0.4814814815,0.4074074074,0.0,0.0,0.0,0.0,0.0,0.0,0.1111111111
1,1,0.7603305785,0.4545454545,0.3333333333,0.0,0.01515151515,0.0,0.0,0.0,0.0,0.196969697
1,1,0.5576923077,0.8518518519,0.1481481481,0.0,0.0,0.0,0.0,0.0,0.0,0.0
1,1,0.7521367521,0.5245901639,0.2950819672,0.0,0.01639344262,0.0,0.0,0.0,0.0,0.1639344262
1,1,0.784,0.5352112676,0.3521126761,0.0,0.01408450704,0.0,0.0,0.0,0.0,0.0985915493
1,1,0.7226890756,0.4242424242,0.3636363636,0.0,0.0,0.0,0.0,0.0,0.0,0.2121212121
1,1,0.7413793103,0.4137931034,0.2931034483,0.0,0.01724137931,0.0,0.0,0.0,0.0,0.275862069
1,1,0.7457627119,0.4242424242,0.3484848485,0.0,0.01515151515,0.0,0.0,0.0,0.0,0.2121212121
1,1,0.756302521,0.5,0.3333333333,0.0,0.01515151515,0.0,0.0,0.0,0.0,0.1515151515
1,1,0.4646464646,0.5151515152,0.4242424242,0.0,0.0,0.0,0.0,0.0,0.0,0.06060606061
1,1,0.7438016529,0.4246575342,0.3424657534,0.0,0.0,0.0,0.0,0.0,0.0,0.2328767123
1,1,0.7540983607,0.5454545455,0.2727272727,0.0,0.01515151515,0.0,0.0,0.0,0.0,0.1666666667
1,1,0.75,0.447761194,0.328358209,0.0,0.01492537313,0.0,0.0,0.0,0.0,0.2089552239
1,1,0.7304347826,0.4181818182,0.2909090909,0.0,0.01818181818,0.0,0.0,0.0,0.0,0.2727272727
1,1,0.7457627119,0.5,0.3484848485,0.0,0.01515151515,0.0,0.0,0.0,0.0,0.1363636364
1,1,0.5925925926,0.5178571429,0.375,0.0,0.0,0.0,0.0,0.0,0.0,0.1071428571
1,1,0.6896551724,0.4461538462,0.3692307692,0.0,0.0,0.0,0.0,0.0,0.0,0.1846153846
1,1,0.7833333333,0.4929577465,0.3521126761,0.0,0.01408450704,0.0,0.0,0.0,0.0,0.1408450704
1,1,0.7642276423,0.53125,0.296875,0.0,0.015625,0.0,0.0,0.0,0.0,0.15625
1,1,0.7192982456,0.4259259259,0.2962962963,0.0,0.01851851852,0.0,0.0,0.0,0.0,0.2592592593
1,1,0.784,0.5205479452,0.3424657534,0.0,0.01369863014,0.0,0.0,0.0,0.0,0.1232876712
1,1,0.7394957983,0.515625,0.34375,0.0,0.015625,0.0,0.0,0.0,0.0,0.125
1,1,0.756302521,0.4776119403,0.3432835821,0.0,0.01492537313,0.0,0.0,0.0,0.0,0.1641791045
1,1,0.6055045872,0.5806451613,0.4193548387,0.0,0.0,0.0,0.0,0.0,0.0,0.0
1,1,0.7333333333,0.5517241379,0.2931034483,0.0,0.01724137931,0.0,0.0,0.0,0.0,0.1379310345
1,1,0.735042735,0.4307692308,0.3384615385,0.0,0.01538461538,0.0,0.0,0.0,0.0,0.2153846154
1,1,0.7304347826,0.4181818182,0.3090909091,0.0,0.01818181818,0.0,0.0,0.0,0.0,0.2545454545
1,1,0.7413793103,0.4107142857,0.3035714286,0.0,0.01785714286,0.0,0.0,0.0,0.0,0.2678571429
1,1,0.735042735,0.484375,0.359375,0.0,0.015625,0.0,0.0,0.0,0.0,0.140625
1,1,0.7368421053,0.4181818182,0.2909090909,0.0,0.01818181818,0.0,0.0,0.0,0.0,0.2727272727
1,1,0.7438016529,0.5072463768,0.3188405797,0.0,0.01449275362,0.0,0.0,0.0,0.0,0.1594202899
1,1,0.7666666667,0.5,0.3529411765,0.0,0.01470588235,0.0,0.0,0.0,0.0,0.1323529412
1,1,0.5660377358,0.7777777778,0.2222222222,0.0,0.0,0.0,0.0,0.0,0.0,0.0
1,1,0.6548672566,0.7777777778,0.1944444444,0.0,0.0,0.0,0.0,0.0,0.0,0.02777777778
1,1,0.7192982456,0.4259259259,0.2962962963,0.0,0.01851851852,0.0,0.0,0.0,0.0,0.2592592593
1,1,0.747826087,0.4035087719,0.298245614,0.0,0.01754385965,0.0,0.0,0.0,0.0,0.2807017544
1,1,0.7603305785,0.5151515152,0.3484848485,0.0,0.01515151515,0.0,0.0,0.0,0.0,0.1212121212
1,1,0.7768595041,0.5,0.3382352941,0.0,0.01470588235,0.0,0.0,0.0,0.0,0.1470588235
1,1,0.7457627119,0.4923076923,0.3692307692,0.0,0.01538461538,0.0,0.0,0.0,0.0,0.1230769231
1,1,0.7603305785,0.5322580645,0.2903225806,0.0,0.01612903226,0.0,0.0,0.0,0.0,0.1612903226
1,1,0.724137931,0.4074074074,0.2962962963,0.0,0.01851851852,0.0,0.0,0.0,0.0,0.2777777778
1,1,0.7413793103,0.4107142857,0.3035714286,0.0,0.01785714286,0.0,0.0,0.0,0.0,0.2678571429
1,1,0.6306306306,0.5573770492,0.393442623,0.0,0.0,0.0,0.0,0.0,0.0,0.04918032787
1,1,0.6842105263,0.4339622642,0.2830188679,0.0,0.01886792453,0.0,0.0,0.0,0.0,0.2641509434
1,1,0.7741935484,0.5483870968,0.2741935484,0.0,0.01612903226,0.0,0.0,0.0,0.0,0.1612903226
1,1,0.6111111111,0.4651162791,0.2790697674,0.0,0.02325581395,0.0,0.0,0.0,0.0,0.2325581395
1,1,0.7603305785,0.447761194,0.3432835821,0.0,0.01492537313,0.0,0.0,0.0,0.0,0.1940298507
1,1,0.7457627119,0.4923076923,0.3692307692,0.0,0.01538461538,0.0,0.0,0.0,0.0,0.1230769231
1,1,0.6782608696,0.4677419355,0.3709677419,0.0,0.0,0.0,0.0,0.0,0.0,0.1612903226
1,1,0.7192982456,0.4310344828,0.2931034483,0.0,0.01724137931,0.0,0.0,0.0,0.0,0.2586206897
1,1,0.7438016529,0.4202898551,0.3188405797,0.0,0.01449275362,0.0,0.0,0.0,0.0,0.2463768116
1,1,0.7192982456,0.4259259259,0.2962962963,0.0,0.01851851852,0.0,0.0,0.0,0.0,0.2592592593
1,1,0.75,0.4923076923,0.3384615385,0.0,0.0,0.0,0.0,0.0,0.0,0.1692307692
1,1,0.7457627119,0.4,0.3,0.0,0.01666666667,0.0,0.0,0.0,0.0,0.2833333333
1,1,0.7666666667,0.5,0.3333333333,0.0,0.01515151515,0.0,0.0,0.0,0.0,0.1515151515
1,1,0.7438016529,0.5,0.3142857143,0.0,0.01428571429,0.0,0.0,0.0,0.0,0.1714285714
1,1,0.7833333333,0.5,0.3428571429,0.0,0.01428571429,0.0,0.0,0.0,0.0,0.1428571429
1,1,0.7333333333,0.4852941176,0.3382352941,0.0,0.0,0.0,0.0,0.0,0.0,0.1764705882
1,1,0.7457627119,0.4776119403,0.3582089552,0.0,0.01492537313,0.0,0.0,0.0,0.0,0.1492537313
1,1,0.784,0.5277777778,0.3333333333,0.0,0.01388888889,0.0,0.0,0.0,0.0,0.125
1,1,0.724137931,0.4181818182,0.2909090909,0.0,0.01818181818,0.0,0.0,0.0,0.0,0.2727272727
1,1,0.7333333333,0.4166666667,0.3333333333,0.0,0.01388888889,0.0,0.0,0.0,0.0,0.2361111111
1,1,0.7704918033,0.53125,0.34375,0.0,0.015625,0.0,0.0,0.0,0.0,0.109375
1,1,0.7603305785,0.5142857143,0.3285714286,0.0,0.01428571429,0.0,0.0,0.0,0.0,0.1428571429
1,1,0.7333333333,0.3714285714,0.3571428571,0.0,0.0,0.0,0.0,0.0,0.0,0.2714285714
1,1,0.756302521,0.4696969697,0.3484848485,0.0,0.01515151515,0.0,0.0,0.0,0.0,0.1666666667
1,1,0.7457627119,0.4754098361,0.3442622951,0.0,0.01639344262,0.0,0.0,0.0,0.0,0.1639344262
1,1,0.7603305785,0.5322580645,0.2741935484,0.0,0.01612903226,0.0,0.0,0.0,0.0,0.1774193548
1,1,0.7666666667,0.5285714286,0.3285714286,0.0,0.01428571429,0.0,0.0,0.0,0.0,0.1285714286
1,1,0.7540983607,0.5072463768,0.3333333333,0.0,0.01449275362,0.0,0.0,0.0,0.0,0.1449275362
1,1,0.7804878049,0.4929577465,0.3521126761,0.0,0.01408450704,0.0,0.0,0.0,0.0,0.1408450704
1,1,0.7226890756,0.4153846154,0.3384615385,0.0,0.01538461538,0.0,0.0,0.0,0.0,0.2307692308
1,1,0.7457627119,0.5076923077,0.3538461538,0.0,0.0,0.0,0.0,0.0,0.0,0.1384615385
1,1,0.735042735,0.5,0.3636363636,0.0,0.01515151515,0.0,0.0,0.0,0.0,0.1212121212
1,1,0.7288135593,0.4411764706,0.3382352941,0.0,0.0,0.0,0.0,0.0,0.0,0.2205882353
1,1,0.6666666667,0.4385964912,0.3684210526,0.0,0.0,0.0,0.0,0.0,0.0,0.1929824561
1,1,0.75,0.5245901639,0.2786885246,0.0,0.01639344262,0.0,0.0,0.0,0.0,0.1803278689
1,1,0.735042735,0.4210526316,0.3157894737,0.0,0.01754385965,0.0,0.0,0.0,0.0,0.2456140351
1,1,0.7540983607,0.5714285714,0.2698412698,0.0,0.01587301587,0.0,0.0,0.0,0.0,0.1428571429
1,1,0.7741935484,0.5671641791,0.2686567164,0.0,0.01492537313,0.0,0.0,0.0,0.0,0.1492537313
1,1,0.5148514851,0.8823529412,0.05882352941,0.0,0.05882352941,0.0,0.0,0.0,0.0,0.0
1,1,0.756302521,0.4848484848,0.3636363636,0.0,0.01515151515,0.0,0.0,0.0,0.0,0.1363636364
1,1,0.7457627119,0.4857142857,0.3142857143,0.0,0.01428571429,0.0,0.0,0.0,0.0,0.1857142857
1,1,0.7804878049,0.4861111111,0.3611111111,0.0,0.01388888889,0.0,0.0,0.0,0.0,0.1388888889
1,1,0.6422018349,0.48,0.44,0.0,0.0,0.0,0.0,0.0,0.0,0.08
1,1,0.7540983607,0.5,0.3194444444,0.0,0.0,0.0,0.0,0.0,0.0,0.1805555556
1,1,0.7666666667,0.4852941176,0.3529411765,0.0,0.01470588235,0.0,0.0,0.0,0.0,0.1470588235
1,1,0.6095238095,0.46,0.44,0.0,0.0,0.0,0.0,0.0,0.0,0.1
1,1,0.7457627119,0.4776119403,0.3582089552,0.0,0.01492537313,0.0,0.0,0.0,0.0,0.1492537313
1,1,0.6896551724,0.5081967213,0.3770491803,0.0,0.0,0.0,0.0,0.0,0.0,0.1147540984
1,1,0.7666666667,0.5072463768,0.3623188406,0.0,0.01449275362,0.0,0.0,0.0,0.0,0.115942029
1,1,0.735042735,0.4035087719,0.298245614,0.0,0.01754385965,0.0,0.0,0.0,0.0,0.2807017544
1,1,0.7118644068,0.4603174603,0.3650793651,0.0,0.01587301587,0.0,0.0,0.0,0.0,0.1587301587
1,1,0.75,0.5079365079,0.3492063492,0.0,0.01587301587,0.0,0.0,0.0,0.0,0.126984127
1,1,0.7704918033,0.5,0.3333333333,0.0,0.01515151515,0.0,0.0,0.0,0.0,0.1515151515
1,1,0.756302521,0.5076923077,0.3384615385,0.0,0.01538461538,0.0,0.0,0.0,0.0,0.1384615385
1,1,0.7192982456,0.4464285714,0.3035714286,0.0,0.0,0.0,0.0,0.0,0.0,0.25
1,1,0.784,0.5138888889,0.3333333333,0.0,0.01388888889,0.0,0.0,0.0,0.0,0.1388888889
1,1,0.75,0.5245901639,0.2786885246,0.0,0.01639344262,0.0,0.0,0.0,0.0,0.1803278689
1,1,0.7226890756,0.515625,0.296875,0.0,0.015625,0.0,0.0,0.0,0.0,0.171875
1,1,0.7457627119,0.4769230769,0.3384615385,0.0,0.01538461538,0.0,0.0,0.0,0.0,0.1692307692
1,1,0.735042735,0.4107142857,0.3035714286,0.0,0.01785714286,0.0,0.0,0.0,0.0,0.2678571429
1,1,0.7540983607,0.5072463768,0.347826087,0.0,0.01449275362,0.0,0.0,0.0,0.0,0.1304347826
1,1,0.5794392523,0.4230769231,0.3846153846,0.0,0.0,0.01923076923,0.0,0.0,0.07692307692,0.09615384615
1,1,0.6111111111,0.4545454545,0.2727272727,0.0,0.02272727273,0.0,0.0,0.0,0.0,0.25
1,1,0.7192982456,0.4363636364,0.2909090909,0.0,0.01818181818,0.0,0.0,0.0,0.0,0.2545454545
1,1,0.7457627119,0.5,0.3636363636,0.0,0.01515151515,0.0,0.0,0.0,0.0,0.1212121212
1,1,0.5436893204,0.5510204082,0.3673469388,0.0,0.0,0.0,0.0,0.0,0.0,0.08163265306
1,1,0.7333333333,0.4142857143,0.3285714286,0.0,0.0,0.0,0.0,0.0,0.0,0.2571428571
1,1,0.75,0.4776119403,0.3432835821,0.0,0.01492537313,0.0,0.0,0.0,0.0,0.1641791045
1,1,0.7796610169,0.5384615385,0.2923076923,0.0,0.01538461538,0.0,0.0,0.0,0.0,0.1538461538
1,1,0.756302521,0.5074626866,0.3582089552,0.0,0.01492537313,0.0,0.0,0.0,0.0,0.1194029851
1,1,0.7008547009,0.5084745763,0.2881355932,0.0,0.01694915254,0.0,0.0,0.0,0.0,0.186440678
1,1,0.7521367521,0.515625,0.34375,0.0,0.015625,0.0,0.0,0.0,0.0,0.125
1,1,0.7603305785,0.5322580645,0.2741935484,0.0,0.01612903226,0.0,0.0,0.0,0.0,0.1774193548
1,1,0.6896551724,0.4615384615,0.3692307692,0.0,0.0,0.0,0.0,0.0,0.0,0.1692307692
1,1,0.75,0.4929577465,0.3098591549,0.0,0.01408450704,0.0,0.0,0.0,0.0,0.1830985915
1,1,0.756302521,0.4776119403,0.3432835821,0.0,0.01492537313,0.0,0.0,0.0,0.0,0.1641791045
1,1,0.7130434783,0.4590163934,0.3606557377,0.0,0.0,0.0,0.0,0.0,0.0,0.1803278689
1,1,0.6725663717,0.4230769231,0.2884615385,0.0,0.01923076923,0.0,0.0,0.0,0.0,0.2692307692
1,1,0.6181818182,0.6285714286,0.2857142857,0.0,0.0,0.0,0.0,0.0,0.02857142857,0.05714285714
1,1,0.7603305785,0.5303030303,0.3484848485,0.0,0.01515151515,0.0,0.0,0.0,0.0,0.1060606061
1,1,0.6181818182,0.6486486486,0.3513513514,0.0,0.0,0.0,0.0,0.0,0.0,0.0
1,1,0.75,0.4848484848,0.3484848485,0.0,0.01515151515,0.0,0.0,0.0,0.0,0.1515151515
1,1,0.7540983607,0.5384615385,0.2923076923,0.0,0.01538461538,0.0,0.0,0.0,0.0,0.1538461538
1,1,0.7118644068,0.5079365079,0.3015873016,0.0,0.01587301587,0.0,0.0,0.0,0.0,0.1746031746
1,1,0.7226890756,0.515625,0.296875,0.0,0.015625,0.0,0.0,0.0,0.0,0.171875
1,1,0.6548672566,0.4482758621,0.3793103448,0.0,0.0,0.0,0.0,0.0,0.0,0.1724137931
1,1,0.7768595041,0.4852941176,0.3382352941,0.0,0.01470588235,0.0,0.0,0.0,0.0,0.1617647059
1,1,0.7666666667,0.5,0.3484848485,0.0,0.01515151515,0.0,0.0,0.0,0.0,0.1363636364
1,1,0.756302521,0.4848484848,0.3484848485,0.0,0.01515151515,0.0,0.0,0.0,0.0,0.1515151515
1,1,0.7704918033,0.5,0.3484848485,0.0,0.01515151515,0.0,0.0,0.0,0.0,0.1363636364
1,1,0.7079646018,0.4150943396,0.3018867925,0.0,0.01886792453,0.0,0.0,0.0,0.0,0.2641509434
1,1,0.701754386,0.5,0.3392857143,0.0,0.01785714286,0.0,0.0,0.0,0.0,0.1428571429
1,1,0.6486486486,0.4583333333,0.2916666667,0.0,0.02083333333,0.0,0.0,0.0,0.0,0.2291666667
1,1,0.7333333333,0.5070422535,0.2957746479,0.0,0.0,0.01408450704,0.0,0.0,0.0,0.1830985915
1,1,0.724137931,0.4426229508,0.262295082,0.0,0.01639344262,0.0,0.0,0.0,0.0,0.2786885246
1,1,0.7741935484,0.5138888889,0.3611111111,0.0,0.01388888889,0.0,0.0,0.0,0.0,0.1111111111
1,1,0.6666666667,0.4590163934,0.3770491803,0.0,0.0,0.0,0.0,0.0,0.0,0.1639344262
1,1,0.724137931,0.5079365079,0.3650793651,0.0,0.01587301587,0.0,0.0,0.0,0.0,0.1111111111
1,1,0.6842105263,0.4117647059,0.2941176471,0.0,0.01960784314,0.0,0.0,0.0,0.0,0.2745098039
1,1,0.7438016529,0.4918032787,0.2950819672,0.0,0.01639344262,0.0,0.0,0.0,0.0,0.1967213115
1,1,0.7741935484,0.5454545455,0.2727272727,0.0,0.01515151515,0.0,0.0,0.0,0.0,0.1666666667
1,1,0.7642276423,0.5070422535,0.3521126761,0.0,0.01408450704,0.0,0.0,0.0,0.0,0.1267605634
1,1,0.7321428571,0.5,0.3448275862,0.0,0.01724137931,0.0,0.0,0.0,0.0,0.1379310345
1,1,0.6181818182,0.6216216216,0.3513513514,0.0,0.0,0.0,0.0,0.0,0.0,0.02702702703
1,1,0.5294117647,0.3488372093,0.4651162791,0.0,0.0,0.0,0.0,0.0,0.0,0.1860465116
1,1,0.7333333333,0.4142857143,0.3428571429,0.0,0.0,0.0,0.0,0.0,0.0,0.2428571429
1,1,0.724137931,0.4590163934,0.2459016393,0.0,0.01639344262,0.0,0.0,0.0,0.0,0.2786885246
1,1,0.6422018349,0.4680851064,0.2978723404,0.0,0.02127659574,0.0,0.0,0.0,0.0,0.2127659574
1,1,0.6896551724,0.4461538462,0.3692307692,0.0,0.01538461538,0.0,0.0,0.0,0.0,0.1692307692
1,1,0.7142857143,0.4230769231,0.2884615385,0.0,0.01923076923,0.0,0.0,0.0,0.0,0.2692307692
1,1,0.7438016529,0.4347826087,0.347826087,0.0,0.01449275362,0.0,0.0,0.0,0.0,0.2028985507
1,1,0.7540983607,0.5625,0.28125,0.0,0.0,0.015625,0.0,0.0,0.0,0.140625
1,1,0.7438016529,0.5070422535,0.3098591549,0.0,0.01408450704,0.0,0.0,0.0,0.0,0.1690140845
1,1,0.7079646018,0.4339622642,0.320754717,0.0,0.01886792453,0.0,0.0,0.0,0.0,0.2264150943
1,1,0.7540983607,0.5,0.3194444444,0.0,0.01388888889,0.0,0.0,0.0,0.0,0.1666666667
1,1,0.7333333333,0.4915254237,0.2881355932,0.0,0.01694915254,0.0,0.0,0.0,0.0,0.2033898305
1,1,0.7768595041,0.4925373134,0.3731343284,0.0,0.01492537313,0.0,0.0,0.0,0.0,0.1194029851
1,1,0.7642276423,0.5070422535,0.3521126761,0.0,0.01408450704,0.0,0.0,0.0,0.0,0.1267605634
1,1,0.756302521,0.4848484848,0.3333333333,0.0,0.01515151515,0.0,0.0,0.0,0.0,0.1666666667
1,1,0.7226890756,0.4264705882,0.3235294118,0.0,0.0,0.0,0.0,0.0,0.0,0.25
1,1,0.7438016529,0.4745762712,0.3050847458,0.0,0.01694915254,0.0,0.0,0.0,0.0,0.2033898305
1,1,0.6428571429,0.8333333333,0.1333333333,0.0,0.0,0.0,0.0,0.0,0.0,0.03333333333
1,1,0.7704918033,0.4852941176,0.3382352941,0.0,0.01470588235,0.0,0.0,0.0,0.0,0.1617647059
1,1,0.7666666667,0.4852941176,0.3529411765,0.0,0.01470588235,0.0,0.0,0.0,0.0,0.1470588235
1,1,0.7741935484,0.5454545455,0.2878787879,0.0,0.01515151515,0.0,0.0,0.0,0.0,0.1515151515
1,1,0.6842105263,0.4444444444,0.2777777778,0.0,0.01851851852,0.0,0.0,0.0,0.0,0.2592592593
1,1,0.7333333333,0.4927536232,0.3043478261,0.0,0.01449275362,0.0,0.0,0.0,0.0,0.1884057971
1,1,0.7540983607,0.4166666667,0.3333333333,0.0,0.0,0.0,0.0,0.0,0.0,0.25
1,1,0.7333333333,0.5070422535,0.3098591549,0.0,0.01408450704,0.0,0.0,0.0,0.0,0.1690140845
1,1,0.5523809524,0.5306122449,0.387755102,0.0,0.0,0.0,0.0,0.0,0.02040816327,0.0612244898
1,1,0.735042735,0.4848484848,0.3636363636,0.0,0.01515151515,0.0,0.0,0.0,0.0,0.1363636364
1,1,0.7333333333,0.5,0.3428571429,0.0,0.01428571429,0.0,0.0,0.0,0.0,0.1428571429
1,1,0.6363636364,0.4827586207,0.4137931034,0.0,0.0,0.0,0.0,0.0,0.01724137931,0.08620689655
1,1,0.7438016529,0.4918032787,0.2950819672,0.0,0.01639344262,0.0,0.0,0.0,0.0,0.1967213115
1,1,0.4042553191,0.347826087,0.4347826087,0.0,0.04347826087,0.0,0.0,0.0,0.0,0.1739130435
1,1,0.6964285714,0.431372549,0.2745098039,0.0,0.01960784314,0.0,0.0,0.0,0.0,0.2745098039
1,1,0.7288135593,0.5161290323,0.2741935484,0.0,0.01612903226,0.0,0.0,0.0,0.0,0.1935483871
1,1,0.6428571429,0.5245901639,0.3770491803,0.0,0.0,0.0,0.0,0.0,0.0,0.09836065574
1,1,0.4646464646,0.487804878,0.3902439024,0.0,0.0,0.0,0.0,0.0,0.0,0.1219512195
1,1,0.7438016529,0.5142857143,0.3142857143,0.0,0.01428571429,0.0,0.0,0.0,0.0,0.1571428571
1,1,0.7457627119,0.515625,0.34375,0.0,0.015625,0.0,0.0,0.0,0.0,0.125
1,1,0.7192982456,0.4339622642,0.3018867925,0.0,0.01886792453,0.0,0.0,0.0,0.0,0.2452830189
1,1,0.5294117647,0.8333333333,0.1666666667,0.0,0.0,0.0,0.0,0.0,0.0,0.0
1,1,0.7288135593,0.5,0.3285714286,0.0,0.01428571429,0.0,0.0,0.0,0.0,0.1571428571
1,1,0.75,0.5,0.328125,0.0,0.015625,0.0,0.0,0.0,0.0,0.15625
1,1,0.7394957983,0.4852941176,0.3382352941,0.0,0.0,0.0,0.0,0.0,0.0,0.1764705882
1,1,0.7333333333,0.4142857143,0.3142857143,0.0,0.01428571429,0.0,0.0,0.0,0.0,0.2571428571
1,1,0.7333333333,0.4637681159,0.347826087,0.0,0.0,0.0,0.0,0.0,0.0,0.1884057971
1,1,0.7333333333,0.4084507042,0.338028169,0.0,0.01408450704,0.0,0.0,0.0,0.0,0.2394366197
1,1,0.7079646018,0.4423076923,0.2884615385,0.0,0.01923076923,0.0,0.0,0.0,0.0,0.25
1,1,0.7272727273,0.3846153846,0.2884615385,0.0,0.01923076923,0.0,0.0,0.0,0.0,0.3076923077
1,1,0.7394957983,0.5230769231,0.2769230769,0.0,0.01538461538,0.0,0.0,0.0,0.0,0.1846153846
1,1,0.7540983607,0.5135135135,0.3108108108,0.0,0.01351351351,0.0,0.0,0.0,0.0,0.1621621622
1,1,0.7438016529,0.4285714286,0.3285714286,0.0,0.0,0.0,0.0,0.0,0.0,0.2428571429
1,1,0.7413793103,0.4035087719,0.298245614,0.0,0.01754385965,0.0,0.0,0.0,0.0,0.2807017544
1,1,0.5904761905,0.4634146341,0.2682926829,0.0,0.0243902439,0.0,0.0,0.0,0.0,0.243902439
1,1,0.6181818182,0.4821428571,0.4464285714,0.0,0.0,0.0,0.0,0.0,0.01785714286,0.05357142857
1,1,0.75,0.5,0.328125,0.0,0.015625,0.0,0.0,0.0,0.0,0.15625
1,1,0.7438016529,0.4027777778,0.3333333333,0.0,0.01388888889,0.0,0.0,0.0,0.0,0.25
1,1,0.6428571429,0.5609756098,0.3902439024,0.0,0.0,0.0,0.0,0.0,0.0243902439,0.0243902439
1,1,0.7666666667,0.4507042254,0.338028169,0.0,0.01408450704,0.0,0.0,0.0,0.0,0.1971830986
1,1,0.7333333333,0.4202898551,0.3188405797,0.0,0.01449275362,0.0,0.0,0.0,0.0,0.2463768116
1,1,0.7333333333,0.3823529412,0.3529411765,0.0,0.0,0.0,0.0,0.0,0.0,0.2647058824
1,1,0.784,0.5,0.3513513514,0.0,0.01351351351,0.0,0.0,0.0,0.0,0.1351351351
1,1,0.7666666667,0.5,0.3676470588,0.0,0.01470588235,0.0,0.0,0.0,0.0,0.1176470588
1,1,0.7521367521,0.4848484848,0.3636363636,0.0,0.01515151515,0.0,0.0,0.0,0.0,0.1363636364
1,1,0.724137931,0.4032258065,0.3548387097,0.0,0.01612903226,0.0,0.0,0.0,0.0,0.2258064516
1,1,0.5523809524,0.4489795918,0.4081632653,0.0,0.0,0.0,0.0,0.0,0.0,0.1428571429
1,1,0.6111111111,0.4651162791,0.2790697674,0.0,0.02325581395,0.0,0.0,0.0,0.0,0.2325581395
1,1,0.7008547009,0.5614035088,0.2631578947,0.0,0.01754385965,0.0,0.0,0.0,0.0,0.1578947368
1,1,0.7288135593,0.5,0.3382352941,0.0,0.0,0.0,0.0,0.0,0.0,0.1617647059
1,1,0.7666666667,0.4925373134,0.3582089552,0.0,0.01492537313,0.0,0.0,0.0,0.0,0.1343283582
1,1,0.7438016529,0.5151515152,0.3333333333,0.0,0.01515151515,0.0,0.0,0.0,0.0,0.1363636364
1,1,0.6363636364,0.4468085106,0.2978723404,0.0,0.02127659574,0.0,0.0,0.0,0.0,0.2340425532
1,1,0.7333333333,0.5074626866,0.2985074627,0.0,0.01492537313,0.0,0.0,0.0,0.0,0.1791044776
1,1,0.6896551724,0.4827586207,0.3275862069,0.0,0.01724137931,0.0,0.0,0.0,0.0,0.1724137931
1,1,0.7333333333,0.4545454545,0.3484848485,0.0,0.0,0.0,0.0,0.0,0.0,0.196969697
1,1,0.756302521,0.4925373134,0.3731343284,0.0,0.01492537313,0.0,0.0,0.0,0.0,0.1194029851
1,1,0.6964285714,0.4,0.3,0.0,0.02,0.0,0.0,0.0,0.0,0.28
1,1,0.7457627119,0.5223880597,0.3432835821,0.0,0.01492537313,0.0,0.0,0.0,0.0,0.1194029851
1,1,0.5925925926,0.4038461538,0.4230769231,0.0,0.0,0.01923076923,0.0,0.0,0.07692307692,0.07692307692
1,1,0.7666666667,0.5076923077,0.3384615385,0.0,0.01538461538,0.0,0.0,0.0,0.0,0.1384615385
1,1,0.6548672566,0.4827586207,0.3793103448,0.0,0.0,0.0,0.0,0.0,0.0,0.1379310345
1,1,0.7868852459,0.4861111111,0.3611111111,0.0,0.01388888889,0.0,0.0,0.0,0.0,0.1388888889
1,1,0.6956521739,0.4259259259,0.2962962963,0.0,0.01851851852,0.0,0.0,0.0,0.0,0.2592592593
1,1,0.756302521,0.4925373134,0.3582089552,0.0,0.01492537313,0.0,0.0,0.0,0.0,0.1343283582
1,1,0.7179487179,0.4852941176,0.3382352941,0.0,0.0,0.0,0.0,0.0,0.0,0.1764705882
1,1,0.7457627119,0.484375,0.34375,0.0,0.015625,0.0,0.0,0.0,0.0,0.15625
1,1,0.7741935484,0.5,0.3428571429,0.0,0.01428571429,0.0,0.0,0.0,0.0,0.1428571429
1,1,0.6168224299,0.4545454545,0.2727272727,0.0,0.02272727273,0.0,0.0,0.0,0.0,0.25
1,1,0.7130434783,0.4259259259,0.2962962963,0.0,0.01851851852,0.0,0.0,0.0,0.0,0.2592592593
1,1,0.7438016529,0.5,0.3108108108,0.0,0.0,0.0,0.0,0.0,0.0,0.1891891892
1,1,0.7666666667,0.5,0.3529411765,0.0,0.01470588235,0.0,0.0,0.0,0.0,0.1323529412
1,1,0.7521367521,0.5238095238,0.3492063492,0.0,0.01587301587,0.0,0.0,0.0,0.0,0.1111111111
1,1,0.7179487179,0.4848484848,0.3484848485,0.0,0.0,0.0,0.0,0.0,0.0,0.1666666667
1,1,0.7118644068,0.5081967213,0.2950819672,0.0,0.01639344262,0.0,0.0,0.0,0.0,0.1803278689
1,1,0.7768595041,0.5070422535,0.3661971831,0.0,0.01408450704,0.0,0.0,0.0,0.0,0.1126760563
1,1,0.7666666667,0.5147058824,0.3676470588,0.0,0.01470588235,0.0,0.0,0.0,0.0,0.1029411765
1,1,0.6666666667,0.4615384615,0.2884615385,0.0,0.0,0.0,0.0,0.0,0.0,0.25
1,1,0.7226890756,0.4444444444,0.3333333333,0.0,0.0,0.01587301587,0.0,0.0,0.0,0.2063492063
1,1,0.7079646018,0.4230769231,0.2884615385,0.0,0.01923076923,0.0,0.0,0.0,0.0,0.2692307692
1,1,0.7741935484,0.5671641791,0.2835820896,0.0,0.01492537313,0.0,0.0,0.0,0.0,0.1343283582
1,1,0.6727272727,0.462962963,0.3703703704,0.0,0.0,0.0,0.0,0.0,0.0,0.1666666667
1,1,0.7368421053,0.4074074074,0.2962962963,0.0,0.01851851852,0.0,0.0,0.0,0.0,0.2777777778
1,1,0.724137931,0.4181818182,0.2909090909,0.0,0.01818181818,0.0,0.0,0.0,0.0,0.2727272727
1,1,0.735042735,0.4210526316,0.298245614,0.0,0.01754385965,0.0,0.0,0.0,0.0,0.2631578947
1,1,0.7704918033,0.4852941176,0.3382352941,0.0,0.01470588235,0.0,0.0,0.0,0.0,0.1617647059
1,1,0.7192982456,0.4259259259,0.2962962963,0.0,0.01851851852,0.0,0.0,0.0,0.0,0.2592592593
1,1,0.724137931,0.4181818182,0.3090909091,0.0,0.01818181818,0.0,0.0,0.0,0.0,0.2545454545
1,1,0.7192982456,0.4181818182,0.2909090909,0.0,0.01818181818,0.0,0.0,0.0,0.0,0.2727272727
1,1,0.7704918033,0.5217391304,0.3623188406,0.0,0.01449275362,0.0,0.0,0.0,0.0,0.1014492754
1,1,0.7068965517,0.4482758621,0.2931034483,0.0,0.0,0.0,0.0,0.0,0.0,0.2586206897
1,1,0.75,0.4307692308,0.2923076923,0.0,0.0,0.0,0.0,0.0,0.0,0.2769230769
1,1,0.6542056075,0.4468085106,0.2978723404,0.0,0.02127659574,0.0,0.0,0.0,0.0,0.2340425532
1,1,0.7540983607,0.5068493151,0.3150684932,0.0,0.01369863014,0.0,0.0,0.0,0.0,0.1643835616
1,1,0.735042735,0.4107142857,0.3035714286,0.0,0.01785714286,0.0,0.0,0.0,0.0,0.2678571429
1,1,0.7079646018,0.4444444444,0.2962962963,0.0,0.0,0.0,0.0,0.0,0.0,0.2592592593
1,1,0.7666666667,0.4852941176,0.3529411765,0.0,0.01470588235,0.0,0.0,0.0,0.0,0.1470588235
1,1,0.7394957983,0.5,0.3382352941,0.0,0.01470588235,0.0,0.0,0.0,0.0,0.1470588235
1,1,0.6111111111,0.4545454545,0.2727272727,0.0,0.02272727273,0.0,0.0,0.0,0.0,0.25
1,1,0.7768595041,0.4925373134,0.3731343284,0.0,0.01492537313,0.0,0.0,0.0,0.0,0.1194029851
1,1,0.75,0.5161290323,0.3387096774,0.0,0.01612903226,0.0,0.0,0.0,0.0,0.1290322581
1,1,0.7118644068,0.4603174603,0.3650793651,0.0,0.01587301587,0.0,0.0,0.0,0.0,0.1587301587
1,1,0.6306306306,0.4838709677,0.3870967742,0.0,0.0,0.0,0.0,0.0,0.0,0.1290322581
1,1,0.7226890756,0.5074626866,0.3432835821,0.0,0.0,0.0,0.0,0.0,0.0,0.1492537313
1,1,0.7804878049,0.53125,0.28125,0.0,0.015625,0.0,0.0,0.0,0.0,0.171875
1,1,0.7438016529,0.5,0.3,0.0,0.01428571429,0.0,0.0,0.0,0.0,0.1857142857
1,1,0.7304347826,0.4074074074,0.2962962963,0.0,0.01851851852,0.0,0.0,0.0,0.0,0.2777777778
1,1,0.6545454545,0.4339622642,0.3396226415,0.0,0.01886792453,0.0,0.0,0.0,0.0,0.2075471698
1,1,0.6666666667,0.625,0.375,0.0,0.0,0.0,0.0,0.0,0.0,0.0
1,1,0.7438016529,0.5142857143,0.3285714286,0.0,0.01428571429,0.0,0.0,0.0,0.0,0.1428571429
1,1,0.7666666667,0.4925373134,0.3582089552,0.0,0.01492537313,0.0,0.0,0.0,0.0,0.1343283582
1,1,0.7333333333,0.5652173913,0.2608695652,0.0,0.01449275362,0.0,0.0,0.0,0.0,0.1594202899
1,1,0.7192982456,0.4363636364,0.2909090909,0.0,0.01818181818,0.0,0.0,0.0,0.0,0.2545454545
1,1,0.7731092437,0.5147058824,0.3382352941,0.0,0.01470588235,0.0,0.0,0.0,0.0,0.1323529412
1,1,0.7333333333,0.4927536232,0.347826087,0.0,0.0,0.0,0.0,0.0,0.0,0.1594202899
1,1,0.6896551724,0.4915254237,0.406779661,0.0,0.0,0.0,0.0,0.0,0.0,0.1016949153
1,1,0.75,0.4923076923,0.3384615385,0.0,0.01538461538,0.0,0.0,0.0,0.0,0.1538461538
1,1,0.756302521,0.4769230769,0.3538461538,0.0,0.01538461538,0.0,0.0,0.0,0.0,0.1538461538
1,1,0.7304347826,0.4107142857,0.3035714286,0.0,0.01785714286,0.0,0.0,0.0,0.0,0.2678571429
1,1,0.7192982456,0.4464285714,0.3035714286,0.0,0.0,0.0,0.0,0.0,0.0,0.25
1,1,0.7603305785,0.5,0.3529411765,0.0,0.01470588235,0.0,0.0,0.0,0.0,0.1323529412
1,1,0.724137931,0.4761904762,0.3650793651,0.0,0.01587301587,0.0,0.0,0.0,0.0,0.1428571429
1,1,0.7333333333,0.447761194,0.3582089552,0.0,0.0,0.0,0.0,0.0,0.0,0.1940298507
1,1,0.6111111111,0.4390243902,0.2682926829,0.0,0.0243902439,0.0,0.0,0.0,0.0,0.2682926829
1,1,0.5849056604,0.8518518519,0.1481481481,0.0,0.0,0.0,0.0,0.0,0.0,0.0
1,1,0.7118644068,0.4925373134,0.3134328358,0.0,0.01492537313,0.0,0.0,0.0,0.0,0.1791044776
1,1,0.7226890756,0.4833333333,0.3,0.0,0.01666666667,0.0,0.0,0.0,0.0,0.2
1,1,0.7457627119,0.453125,0.328125,0.0,0.015625,0.0,0.0,0.0,0.0,0.203125
1,1,0.7226890756,0.5079365079,0.2857142857,0.0,0.01587301587,0.0,0.0,0.0,0.0,0.1904761905
1,1,0.7192982456,0.4363636364,0.3090909091,0.0,0.01818181818,0.0,0.0,0.0,0.0,0.2363636364
1,1,0.7394957983,0.5245901639,0.2950819672,0.0,0.01639344262,0.0,0.0,0.0,0.0,0.1639344262
1,1,0.75,0.4328358209,0.3432835821,0.0,0.01492537313,0.0,0.0,0.0,0.0,0.2089552239
1,1,0.7333333333,0.5072463768,0.347826087,0.0,0.0,0.0,0.0,0.0,0.0,0.1449275362
1,1,0.7540983607,0.4027777778,0.3333333333,0.0,0.0,0.0,0.0,0.0,0.0,0.2638888889
1,1,0.7192982456,0.4259259259,0.2962962963,0.0,0.01851851852,0.0,0.0,0.0,0.0,0.2592592593
1,1,0.7768595041,0.5142857143,0.3571428571,0.0,0.01428571429,0.0,0.0,0.0,0.0,0.1142857143
1,1,0.756302521,0.5076923077,0.3538461538,0.0,0.01538461538,0.0,0.0,0.0,0.0,0.1230769231
1,1,0.7008547009,0.4920634921,0.3968253968,0.0,0.0,0.0,0.0,0.0,0.0,0.1111111111
1,1,0.6964285714,0.4150943396,0.320754717,0.0,0.01886792453,0.0,0.0,0.0,0.0,0.2452830189
1,1,0.724137931,0.5,0.3333333333,0.0,0.01666666667,0.0,0.0,0.0,0.0,0.15
1,1,0.7603305785,0.4848484848,0.3636363636,0.0,0.01515151515,0.0,0.0,0.0,0.0,0.1363636364
1,1,0.7118644068,0.4516129032,0.3870967742,0.0,0.01612903226,0.0,0.0,0.0,0.0,0.1451612903
1,1,0.7457627119,0.4242424242,0.3484848485,0.0,0.01515151515,0.0,0.0,0.0,0.0,0.2121212121
1,1,0.7704918033,0.5625,0.265625,0.0,0.015625,0.0,0.0,0.0,0.0,0.15625
1,1,0.5849056604,0.4230769231,0.3846153846,0.0,0.0,0.01923076923,0.0,0.0,0.07692307692,0.09615384615
1,1,0.7079646018,0.4230769231,0.2884615385,0.0,0.01923076923,0.0,0.0,0.0,0.0,0.2692307692
1,1,0.7768595041,0.5,0.3382352941,0.0,0.01470588235,0.0,0.0,0.0,0.0,0.1470588235
1,1,0.75,0.3582089552,0.4328358209,0.0,0.0,0.0,0.0,0.0,0.0,0.2089552239
1,1,0.756302521,0.484375,0.34375,0.0,0.015625,0.0,0.0,0.0,0.0,0.15625
1,1,0.7130434783,0.4181818182,0.3090909091,0.0,0.01818181818,0.0,0.0,0.0,0.0,0.2545454545
1,1,0.756302521,0.4769230769,0.3538461538,0.0,0.01538461538,0.0,0.0,0.0,0.0,0.1538461538
1,1,0.6306306306,0.4285714286,0.4285714286,0.0,0.0,0.0,0.0,0.0,0.01785714286,0.125
1,1,0.735042735,0.4032258065,0.3548387097,0.0,0.01612903226,0.0,0.0,0.0,0.0,0.2258064516
1,1,0.3333333333,0.45,0.45,0.0,0.0,0.0,0.0,0.0,0.05,0.05
1,1,0.7540983607,0.4179104478,0.3432835821,0.0,0.01492537313,0.0,0.0,0.0,0.0,0.223880597
1,1,0.7394957983,0.4603174603,0.2857142857,0.0,0.0,0.0,0.0,0.0,0.0,0.253968254
1,1,0.7540983607,0.5074626866,0.3582089552,0.0,0.01492537313,0.0,0.0,0.0,0.0,0.1194029851
1,1,0.724137931,0.4181818182,0.3090909091,0.0,0.01818181818,0.0,0.0,0.0,0.0,0.2545454545
1,1,0.7413793103,0.4677419355,0.3387096774,0.0,0.01612903226,0.0,0.0,0.0,0.0,0.1774193548
1,1,0.7642276423,0.546875,0.28125,0.0,0.015625,0.0,0.0,0.0,0.0,0.15625
1,1,0.6111111111,0.4545454545,0.2727272727,0.0,0.02272727273,0.0,0.0,0.0,0.0,0.25
1,1,0.6956521739,0.4655172414,0.2931034483,0.0,0.0,0.0,0.0,0.0,0.0,0.2413793103
1,1,0.7438016529,0.5070422535,0.323943662,0.0,0.01408450704,0.0,0.0,0.0,0.0,0.1549295775
1,1,0.7304347826,0.4074074074,0.2962962963,0.0,0.01851851852,0.0,0.0,0.0,0.0,0.2777777778
1,1,0.724137931,0.4,0.3090909091,0.0,0.01818181818,0.0,0.0,0.0,0.0,0.2727272727
1,1,0.5714285714,0.5192307692,0.4038461538,0.0,0.0,0.0,0.0,0.0,0.0,0.07692307692
1,1,0.6956521739,0.4655172414,0.2931034483,0.0,0.0,0.0,0.0,0.0,0.0,0.2413793103
1,1,0.75,0.4285714286,0.3492063492,0.0,0.01587301587,0.0,0.0,0.0,0.0,0.2063492063
1,1,0.7333333333,0.4857142857,0.3571428571,0.0,0.0,0.0,0.0,0.0,0.0,0.1571428571
1,1,0.7192982456,0.4363636364,0.2909090909,0.0,0.01818181818,0.0,0.0,0.0,0.0,0.2545454545
1,1,0.7394957983,0.5079365079,0.3492063492,0.0,0.01587301587,0.0,0.0,0.0,0.0,0.126984127
1,1,0.7457627119,0.5,0.3484848485,0.0,0.01515151515,0.0,0.0,0.0,0.0,0.1363636364
1,1,0.756302521,0.4848484848,0.3636363636,0.0,0.01515151515,0.0,0.0,0.0,0.0,0.1363636364
1,1,0.7731092437,0.5072463768,0.3623188406,0.0,0.01449275362,0.0,0.0,0.0,0.0,0.115942029
1,1,0.7666666667,0.5,0.3676470588,0.0,0.01470588235,0.0,0.0,0.0,0.0,0.1176470588
1,1,0.7666666667,0.5,0.3529411765,0.0,0.01470588235,0.0,0.0,0.0,0.0,0.1323529412
1,1,0.7704918033,0.5,0.3472222222,0.0,0.01388888889,0.0,0.0,0.0,0.0,0.1388888889
1,1,0.7192982456,0.4259259259,0.2962962963,0.0,0.01851851852,0.0,0.0,0.0,0.0,0.2592592593
1,1,0.7666666667,0.5,0.3529411765,0.0,0.01470588235,0.0,0.0,0.0,0.0,0.1323529412
1,1,0.724137931,0.3928571429,0.3035714286,0.0,0.01785714286,0.0,0.0,0.0,0.0,0.2857142857
1,1,0.7226890756,0.453125,0.359375,0.0,0.0,0.0,0.0,0.0,0.0,0.1875
1,1,0.7304347826,0.4181818182,0.2909090909,0.0,0.01818181818,0.0,0.0,0.0,0.0,0.2727272727
1,1,0.7413793103,0.4925373134,0.3432835821,0.0,0.01492537313,0.0,0.0,0.0,0.0,0.1492537313
1,1,0.7413793103,0.4107142857,0.3035714286,0.0,0.01785714286,0.0,0.0,0.0,0.0,0.2678571429
1,1,0.6782608696,0.4901960784,0.2941176471,0.0,0.01960784314,0.0,0.0,0.0,0.0,0.1960784314
1,1,0.6548672566,0.575,0.4,0.0,0.0,0.0,0.0,0.0,0.0,0.025
1,1,0.7333333333,0.4603174603,0.3492063492,0.0,0.01587301587,0.0,0.0,0.0,0.0,0.1746031746
1,1,0.7288135593,0.3913043478,0.3333333333,0.0,0.01449275362,0.0,0.0,0.0,0.0,0.2608695652
1,1,0.7603305785,0.5384615385,0.3538461538,0.0,0.01538461538,0.0,0.0,0.0,0.0,0.09230769231
1,1,0.5794392523,0.4230769231,0.3846153846,0.0,0.0,0.01923076923,0.0,0.0,0.07692307692,0.09615384615
1,1,0.75,0.4383561644,0.3287671233,0.0,0.0,0.0,0.0,0.0,0.0,0.2328767123
1,1,0.7741935484,0.5070422535,0.3521126761,0.0,0.01408450704,0.0,0.0,0.0,0.0,0.1267605634
1,1,0.7741935484,0.5205479452,0.3424657534,0.0,0.01369863014,0.0,0.0,0.0,0.0,0.1232876712
1,1,0.756302521,0.4776119403,0.3582089552,0.0,0.01492537313,0.0,0.0,0.0,0.0,0.1492537313
1,1,0.7118644068,0.5166666667,0.2833333333,0.0,0.01666666667,0.0,0.0,0.0,0.0,0.1833333333
1,1,0.7394957983,0.4545454545,0.3484848485,0.0,0.0,0.0,0.0,0.0,0.0,0.196969697
1,1,0.756302521,0.5147058824,0.3529411765,0.0,0.01470588235,0.0,0.0,0.0,0.0,0.1176470588
1,1,0.7333333333,0.5285714286,0.3142857143,0.0,0.01428571429,0.0,0.0,0.0,0.0,0.1428571429
1,1,0.7438016529,0.5,0.3428571429,0.0,0.0,0.0,0.0,0.0,0.0,0.1571428571
1,1,0.7413793103,0.4107142857,0.3035714286,0.0,0.01785714286,0.0,0.0,0.0,0.0,0.2678571429
1,1,0.6548672566,0.75,0.21875,0.0,0.0,0.0,0.0,0.0,0.0,0.03125
1,1,0.7457627119,0.4848484848,0.3484848485,0.0,0.01515151515,0.0,0.0,0.0,0.0,0.1515151515
1,1,0.7413793103,0.4310344828,0.3103448276,0.0,0.01724137931,0.0,0.0,0.0,0.0,0.2413793103
1,1,0.7288135593,0.4444444444,0.3492063492,0.0,0.01587301587,0.0,0.0,0.0,0.0,0.1904761905
1,1,0.7666666667,0.4852941176,0.3382352941,0.0,0.01470588235,0.0,0.0,0.0,0.0,0.1617647059
1,1,0.6428571429,0.5,0.42,0.0,0.0,0.0,0.0,0.0,0.0,0.08
1,1,0.7741935484,0.5211267606,0.338028169,0.0,0.01408450704,0.0,0.0,0.0,0.0,0.1267605634
1,1,0.6725663717,0.4827586207,0.3965517241,0.0,0.0,0.0,0.0,0.0,0.0,0.1206896552
1,1,0.7226890756,0.5238095238,0.2857142857,0.0,0.01587301587,0.0,0.0,0.0,0.0,0.1746031746
1,1,0.5660377358,0.4509803922,0.431372549,0.0,0.0,0.0,0.0,0.0,0.0,0.1176470588
1,1,0.7540983607,0.4861111111,0.3333333333,0.0,0.0,0.0,0.0,0.0,0.0,0.1805555556
1,1,0.756302521,0.4923076923,0.3538461538,0.0,0.01538461538,0.0,0.0,0.0,0.0,0.1384615385
1,1,0.7333333333,0.4057971014,0.3333333333,0.0,0.01449275362,0.0,0.0,0.0,0.0,0.2463768116
1,1,0.6902654867,0.453125,0.375,0.0,0.0,0.0,0.0,0.0,0.0,0.171875
1,1,0.7457627119,0.4603174603,0.3650793651,0.0,0.01587301587,0.0,0.0,0.0,0.0,0.1587301587
1,1,0.75,0.4782608696,0.3188405797,0.0,0.01449275362,0.0,0.0,0.0,0.0,0.1884057971
1,1,0.7079646018,0.4230769231,0.2884615385,0.0,0.01923076923,0.0,0.0,0.0,0.0,0.2692307692
1,1,0.7966101695,0.5070422535,0.3521126761,0.0,0.01408450704,0.0,0.0,0.0,0.0,0.1267605634
1,1,0.7179487179,0.4821428571,0.3035714286,0.0,0.01785714286,0.0,0.0,0.0,0.0,0.1964285714
1,1,0.735042735,0.515625,0.359375,0.0,0.015625,0.0,0.0,0.0,0.0,0.109375
1,1,0.7413793103,0.4210526316,0.298245614,0.0,0.01754385965,0.0,0.0,0.0,0.0,0.2631578947
1,1,0.735042735,0.4032258065,0.3548387097,0.0,0.01612903226,0.0,0.0,0.0,0.0,0.2258064516
1,1,0.7741935484,0.5362318841,0.3333333333,0.0,0.01449275362,0.0,0.0,0.0,0.0,0.115942029
1,1,0.7226890756,0.5238095238,0.2857142857,0.0,0.01587301587,0.0,0.0,0.0,0.0,0.1746031746
1,1,0.7768595041,0.4782608696,0.3623188406,0.0,0.01449275362,0.0,0.0,0.0,0.0,0.1449275362
1,1,0.6306306306,0.5166666667,0.3666666667,0.0,0.0,0.0,0.0,0.0,0.01666666667,0.1
1,1,0.5436893204,0.72,0.24,0.0,0.0,0.0,0.0,0.0,0.0,0.04
1,1,0.7333333333,0.5142857143,0.3,0.0,0.0,0.01428571429,0.0,0.0,0.0,0.1714285714
1,1,0.7226890756,0.4225352113,0.338028169,0.0,0.01408450704,0.0,0.0,0.0,0.0,0.2253521127
1,1,0.7333333333,0.4545454545,0.3484848485,0.0,0.0,0.0,0.0,0.0,0.0,0.196969697
1,1,0.7666666667,0.4852941176,0.3529411765,0.0,0.01470588235,0.0,0.0,0.0,0.0,0.1470588235
1,1,0.7603305785,0.5384615385,0.2923076923,0.0,0.01538461538,0.0,0.0,0.0,0.0,0.1538461538
1,1,0.7457627119,0.5,0.359375,0.0,0.015625,0.0,0.0,0.0,0.0,0.125
1,1,0.7142857143,0.3921568627,0.2941176471,0.0,0.01960784314,0.0,0.0,0.0,0.0,0.2941176471
1,1,0.7438016529,0.5737704918,0.262295082,0.0,0.01639344262,0.0,0.0,0.0,0.0,0.1475409836
1,1,0.756302521,0.4153846154,0.3538461538,0.0,0.01538461538,0.0,0.0,0.0,0.0,0.2153846154
1,1,0.756302521,0.4925373134,0.3731343284,0.0,0.01492537313,0.0,0.0,0.0,0.0,0.1194029851
1,1,0.7438016529,0.4225352113,0.338028169,0.0,0.0,0.0,0.0,0.0,0.0,0.2394366197
1,1,0.7540983607,0.4918032787,0.2950819672,0.0,0.01639344262,0.0,0.0,0.0,0.0,0.1967213115
1,1,0.7438016529,0.53125,0.265625,0.0,0.015625,0.0,0.0,0.0,0.0,0.1875
1,1,0.7603305785,0.4931506849,0.3287671233,0.0,0.0,0.0,0.0,0.0,0.0,0.1780821918
1,1,0.6306306306,0.6470588235,0.2941176471,0.0,0.0,0.0,0.0,0.0,0.02941176471,0.02941176471
1,1,0.756302521,0.4615384615,0.3538461538,0.0,0.01538461538,0.0,0.0,0.0,0.0,0.1692307692
1,1,0.7288135593,0.4262295082,0.2950819672,0.0,0.0,0.0,0.0,0.0,0.0,0.2786885246
1,1,0.6055045872,0.6875,0.28125,0.0,0.0,0.0,0.0,0.0,0.0,0.03125
1,1,0.6111111111,0.4545454545,0.2727272727,0.0,0.02272727273,0.0,0.0,0.0,0.0,0.25
1,1,0.7457627119,0.4,0.3,0.0,0.01666666667,0.0,0.0,0.0,0.0,0.2833333333
1,1,0.756302521,0.4848484848,0.3484848485,0.0,0.01515151515,0.0,0.0,0.0,0.0,0.1515151515
1,1,0.7394957983,0.4375,0.34375,0.0,0.015625,0.0,0.0,0.0,0.0,0.203125
1,1,0.6111111111,0.5,0.4259259259,0.0,0.0,0.0,0.0,0.0,0.0,0.07407407407
1,1,0.701754386,0.4745762712,0.3559322034,0.0,0.01694915254,0.0,0.0,0.0,0.0,0.1525423729
1,1,0.735042735,0.4210526316,0.298245614,0.0,0.01754385965,0.0,0.0,0.0,0.0,0.2631578947
1,1,0.75,0.4,0.3428571429,0.0,0.0,0.0,0.0,0.0,0.0,0.2571428571
1,1,0.75,0.53125,0.359375,0.0,0.015625,0.0,0.0,0.0,0.0,0.09375
1,1,0.6548672566,0.6153846154,0.358974359,0.0,0.0,0.0,0.0,0.0,0.0,0.02564102564
1,1,0.7603305785,0.4852941176,0.3529411765,0.0,0.01470588235,0.0,0.0,0.0,0.0,0.1470588235
1,1,0.6363636364,0.4468085106,0.2978723404,0.0,0.02127659574,0.0,0.0,0.0,0.0,0.2340425532
1,1,0.7603305785,0.5,0.3636363636,0.0,0.01515151515,0.0,0.0,0.0,0.0,0.1212121212
1,1,0.756302521,0.5,0.3484848485,0.0,0.01515151515,0.0,0.0,0.0,0.0,0.1363636364
1,1,0.7642276423,0.5066666667,0.32,0.0,0.0,0.0,0.0,0.0,0.0,0.1733333333
1,1,0.7438016529,0.5,0.3194444444,0.0,0.01388888889,0.0,0.0,0.0,0.0,0.1666666667
1,1,0.7768595041,0.5,0.3571428571,0.0,0.01428571429,0.0,0.0,0.0,0.0,0.1285714286
1,1,0.7179487179,0.5074626866,0.3582089552,0.0,0.0,0.0,0.0,0.0,0.0,0.1343283582
1,1,0.7741935484,0.5671641791,0.2686567164,0.0,0.01492537313,0.0,0.0,0.0,0.0,0.1492537313
1,1,0.756302521,0.5245901639,0.2786885246,0.0,0.01639344262,0.0,0.0,0.0,0.0,0.1803278689
1,1,0.756302521,0.4848484848,0.3333333333,0.0,0.01515151515,0.0,0.0,0.0,0.0,0.1666666667
1,1,0.6111111111,0.4761904762,0.2857142857,0.0,0.02380952381,0.0,0.0,0.0,0.0,0.2142857143
1,1,0.7666666667,0.5074626866,0.3432835821,0.0,0.01492537313,0.0,0.0,0.0,0.0,0.1343283582
1,1,0.5925925926,0.5,0.4210526316,0.0,0.0,0.0,0.0,0.0,0.02631578947,0.05263157895
1,1,0.6956521739,0.4464285714,0.3035714286,0.0,0.0,0.0,0.0,0.0,0.0,0.25
1,1,0.6666666667,0.575,0.375,0.0,0.0,0.0,0.0,0.0,0.025,0.025
1,1,0.7368421053,0.4074074074,0.2962962963,0.0,0.01851851852,0.0,0.0,0.0,0.0,0.2777777778
1,1,0.735042735,0.5079365079,0.3492063492,0.0,0.01587301587,0.0,0.0,0.0,0.0,0.126984127
1,1,0.735042735,0.421875,0.34375,0.0,0.015625,0.0,0.0,0.0,0.0,0.21875
1,1,0.7438016529,0.5068493151,0.301369863,0.0,0.0,0.01369863014,0.0,0.0,0.0,0.1780821918
1,1,0.7540983607,0.5068493151,0.3150684932,0.0,0.01369863014,0.0,0.0,0.0,0.0,0.1643835616
1,1,0.7226890756,0.5,0.3,0.0,0.0,0.01428571429,0.0,0.0,0.0,0.1857142857
1,1,0.6842105263,0.453125,0.375,0.0,0.0,0.0,0.0,0.0,0.0,0.171875
1,1,0.7226890756,0.4761904762,0.3492063492,0.0,0.01587301587,0.0,0.0,0.0,0.0,0.1587301587
1,1,0.7438016529,0.3943661972,0.338028169,0.0,0.0,0.0,0.0,0.0,0.0,0.2676056338
1,1,0.7457627119,0.3898305085,0.3050847458,0.0,0.01694915254,0.0,0.0,0.0,0.0,0.2881355932
1,1,0.7868852459,0.5142857143,0.3571428571,0.0,0.01428571429,0.0,0.0,0.0,0.0,0.1142857143
1,1,0.7666666667,0.4920634921,0.3650793651,0.0,0.01587301587,0.0,0.0,0.0,0.0,0.126984127
1,1,0.7226890756,0.5238095238,0.2857142857,0.0,0.01587301587,0.0,0.0,0.0,0.0,0.1746031746
1,1,0.7333333333,0.4918032787,0.3114754098,0.0,0.01639344262,0.0,0.0,0.0,0.0,0.1803278689
1,1,0.7192982456,0.4259259259,0.2962962963,0.0,0.01851851852,0.0,0.0,0.0,0.0,0.2592592593
1,1,0.7457627119,0.4166666667,0.3,0.0,0.01666666667,0.0,0.0,0.0,0.0,0.2666666667
1,1,0.75,0.5151515152,0.3333333333,0.0,0.01515151515,0.0,0.0,0.0,0.0,0.1363636364
1,1,0.7521367521,0.4262295082,0.3114754098,0.0,0.0,0.0,0.0,0.0,0.0,0.262295082
1,1,0.7226890756,0.4696969697,0.3484848485,0.0,0.0,0.0,0.0,0.0,0.0,0.1818181818
1,1,0.7438016529,0.5294117647,0.3529411765,0.0,0.01470588235,0.0,0.0,0.0,0.0,0.1029411765
1,1,0.7333333333,0.447761194,0.3582089552,0.0,0.0,0.0,0.0,0.0,0.0,0.1940298507
1,1,0.756302521,0.4328358209,0.3432835821,0.0,0.01492537313,0.0,0.0,0.0,0.0,0.2089552239
1,1,0.7457627119,0.4927536232,0.347826087,0.0,0.01449275362,0.0,0.0,0.0,0.0,0.1449275362
1,1,0.7704918033,0.5223880597,0.328358209,0.0,0.01492537313,0.0,0.0,0.0,0.0,0.1343283582
1,1,0.7666666667,0.5,0.3676470588,0.0,0.01470588235,0.0,0.0,0.0,0.0,0.1176470588
1,1,0.7333333333,0.5,0.3,0.0,0.0,0.01428571429,0.0,0.0,0.0,0.1857142857
1,1,0.7457627119,0.4696969697,0.3484848485,0.0,0.01515151515,0.0,0.0,0.0,0.0,0.1666666667
1,1,0.7226890756,0.5,0.3285714286,0.0,0.01428571429,0.0,0.0,0.0,0.0,0.1571428571
1,1,0.7142857143,0.4339622642,0.2830188679,0.0,0.01886792453,0.0,0.0,0.0,0.0,0.2641509434
1,1,0.7521367521,0.4848484848,0.3333333333,0.0,0.01515151515,0.0,0.0,0.0,0.0,0.1666666667
1,1,0.6607142857,0.4561403509,0.3859649123,0.0,0.0,0.0,0.0,0.0,0.0,0.1578947368
1,1,0.7603305785,0.4864864865,0.3378378378,0.0,0.0,0.0,0.0,0.0,0.0,0.1756756757
1,1,0.7540983607,0.4571428571,0.3428571429,0.0,0.01428571429,0.0,0.0,0.0,0.0,0.1857142857
1,1,0.7804878049,0.4927536232,0.3333333333,0.0,0.01449275362,0.0,0.0,0.0,0.0,0.1594202899
1,1,0.7642276423,0.4931506849,0.3287671233,0.0,0.0,0.0,0.0,0.0,0.0,0.1780821918
1,1,0.7666666667,0.4925373134,0.3582089552,0.0,0.01492537313,0.0,0.0,0.0,0.0,0.1343283582
1,1,0.7394957983,0.4927536232,0.347826087,0.0,0.0,0.0,0.0,0.0,0.0,0.1594202899
1,1,0.7521367521,0.4923076923,0.3538461538,0.0,0.01538461538,0.0,0.0,0.0,0.0,0.1384615385
1,1,0.7333333333,0.4857142857,0.3571428571,0.0,0.0,0.0,0.0,0.0,0.0,0.1571428571
1,1,0.7394957983,0.5072463768,0.3188405797,0.0,0.0,0.0,0.0,0.0,0.0,0.1739130435
1,1,0.756302521,0.484375,0.375,0.0,0.015625,0.0,0.0,0.0,0.0,0.125
1,1,0.7666666667,0.4852941176,0.3382352941,0.0,0.01470588235,0.0,0.0,0.0,0.0,0.1617647059
1,1,0.784,0.5138888889,0.3611111111,0.0,0.01388888889,0.0,0.0,0.0,0.0,0.1111111111
1,1,0.7704918033,0.5,0.3285714286,0.0,0.01428571429,0.0,0.0,0.0,0.0,0.1571428571
1,1,0.7642276423,0.5066666667,0.3333333333,0.0,0.0,0.0,0.0,0.0,0.0,0.16
1,1,0.7333333333,0.4142857143,0.3142857143,0.0,0.01428571429,0.0,0.0,0.0,0.0,0.2571428571
1,1,0.7438016529,0.5230769231,0.2769230769,0.0,0.01538461538,0.0,0.0,0.0,0.0,0.1846153846
1,1,0.6666666667,0.5333333333,0.3166666667,0.0,0.01666666667,0.0,0.0,0.0,0.0,0.1333333333
1,1,0.7666666667,0.5,0.3529411765,0.0,0.01470588235,0.0,0.0,0.0,0.0,0.1323529412
1,1,0.7457627119,0.5151515152,0.3484848485,0.0,0.01515151515,0.0,0.0,0.0,0.0,0.1212121212
1,1,0.7603305785,0.5076923077,0.3692307692,0.0,0.01538461538,0.0,0.0,0.0,0.0,0.1076923077
1,1,0.7804878049,0.5142857143,0.3428571429,0.0,0.01428571429,0.0,0.0,0.0,0.0,0.1285714286
1,1,0.7540983607,0.4084507042,0.338028169,0.0,0.0,0.0,0.0,0.0,0.0,0.2535211268
1,1,0.7226890756,0.3770491803,0.4262295082,0.0,0.0,0.0,0.0,0.0,0.0,0.1967213115
1,1,0.7226890756,0.4084507042,0.338028169,0.0,0.01408450704,0.0,0.0,0.0,0.0,0.2394366197
1,1,0.7179487179,0.4444444444,0.3492063492,0.0,0.0,0.0,0.0,0.0,0.0,0.2063492063
1,1,0.7642276423,0.5142857143,0.3428571429,0.0,0.01428571429,0.0,0.0,0.0,0.0,0.1285714286
1,1,0.7457627119,0.4696969697,0.3636363636,0.0,0.01515151515,0.0,0.0,0.0,0.0,0.1515151515
1,1,0.7731092437,0.5384615385,0.2923076923,0.0,0.01538461538,0.0,0.0,0.0,0.0,0.1538461538
1,1,0.5925925926,0.4736842105,0.3859649123,0.0,0.0,0.0,0.0,0.0,0.0,0.1403508772
1,1,0.7118644068,0.4857142857,0.4142857143,0.0,0.0,0.0,0.0,0.0,0.0,0.1
1,1,0.7741935484,0.4657534247,0.3287671233,0.0,0.01369863014,0.0,0.0,0.0,0.0,0.1917808219
1,1,0.7438016529,0.4929577465,0.3098591549,0.0,0.01408450704,0.0,0.0,0.0,0.0,0.1830985915
1,1,0.6896551724,0.4545454545,0.3787878788,0.0,0.01515151515,0.0,0.0,0.0,0.0,0.1515151515
1,1,0.7333333333,0.4202898551,0.3333333333,0.0,0.01449275362,0.0,0.0,0.0,0.0,0.231884058
1,1,0.7804878049,0.5,0.3472222222,0.0,0.01388888889,0.0,0.0,0.0,0.0,0.1388888889
1,1,0.7333333333,0.4545454545,0.3484848485,0.0,0.0,0.0,0.0,0.0,0.0,0.196969697
1,1,0.6782608696,0.4769230769,0.3692307692,0.0,0.01538461538,0.0,0.0,0.0,0.0,0.1384615385
1,1,0.5098039216,0.7,0.25,0.0,0.0,0.0,0.0,0.0,0.0,0.05
1,1,0.701754386,0.5254237288,0.3559322034,0.0,0.01694915254,0.0,0.0,0.0,0.0,0.1016949153
1,1,0.7804878049,0.5072463768,0.3333333333,0.0,0.01449275362,0.0,0.0,0.0,0.0,0.1449275362
1,1,0.784,0.5138888889,0.3611111111,0.0,0.01388888889,0.0,0.0,0.0,0.0,0.1111111111
1,1,0.7666666667,0.5,0.3529411765,0.0,0.01470588235,0.0,0.0,0.0,0.0,0.1323529412
1,1,0.7603305785,0.4705882353,0.3529411765,0.0,0.01470588235,0.0,0.0,0.0,0.0,0.1617647059
1,1,0.7118644068,0.4426229508,0.3442622951,0.0,0.0,0.0,0.0,0.0,0.0,0.2131147541
1,1,0.7666666667,0.5373134328,0.3432835821,0.0,0.01492537313,0.0,0.0,0.0,0.0,0.1044776119
1,1,0.7438016529,0.4929577465,0.3521126761,0.0,0.0,0.0,0.0,0.0,0.0,0.1549295775
1,1,0.4042553191,0.8461538462,0.1538461538,0.0,0.0,0.0,0.0,0.0,0.0,0.0
1,1,0.756302521,0.5,0.3484848485,0.0,0.01515151515,0.0,0.0,0.0,0.0,0.1363636364
1,1,0.7394957983,0.4852941176,0.3235294118,0.0,0.01470588235,0.0,0.0,0.0,0.0,0.1764705882
1,1,0.7704918033,0.5223880597,0.328358209,0.0,0.01492537313,0.0,0.0,0.0,0.0,0.1343283582
1,1,0.7394957983,0.4057971014,0.3333333333,0.0,0.01449275362,0.0,0.0,0.0,0.0,0.2463768116
1,1,0.7666666667,0.5,0.3529411765,0.0,0.01470588235,0.0,0.0,0.0,0.0,0.1323529412
1,1,0.7333333333,0.5072463768,0.3188405797,0.0,0.0,0.0,0.0,0.0,0.0,0.1739130435
1,1,0.7666666667,0.4848484848,0.3484848485,0.0,0.01515151515,0.0,0.0,0.0,0.0,0.1515151515
1,1,0.735042735,0.5,0.34375,0.0,0.015625,0.0,0.0,0.0,0.0,0.140625
1,1,0.7603305785,0.5072463768,0.3623188406,0.0,0.01449275362,0.0,0.0,0.0,0.0,0.115942029
1,1,0.7457627119,0.4126984127,0.3492063492,0.0,0.01587301587,0.0,0.0,0.0,0.0,0.2222222222
1,1,0.7413793103,0.4210526316,0.298245614,0.0,0.01754385965,0.0,0.0,0.0,0.0,0.2631578947
1,1,0.7438016529,0.4027777778,0.3472222222,0.0,0.0,0.0,0.0,0.0,0.0,0.25
1,1,0.6846846847,0.44,0.28,0.0,0.02,0.0,0.0,0.0,0.0,0.26
1,1,0.7192982456,0.4285714286,0.3035714286,0.0,0.01785714286,0.0,0.0,0.0,0.0,0.25
1,1,0.6842105263,0.7714285714,0.2,0.0,0.0,0.0,0.0,0.0,0.0,0.02857142857
1,1,0.756302521,0.5074626866,0.3432835821,0.0,0.01492537313,0.0,0.0,0.0,0.0,0.1343283582
1,1,0.7438016529,0.4109589041,0.3424657534,0.0,0.0,0.0,0.0,0.0,0.0,0.2465753425
1,1,0.7603305785,0.5223880597,0.3432835821,0.0,0.01492537313,0.0,0.0,0.0,0.0,0.1194029851
1,1,0.7226890756,0.515625,0.296875,0.0,0.015625,0.0,0.0,0.0,0.0,0.171875
1,1,0.7540983607,0.4861111111,0.3055555556,0.0,0.01388888889,0.0,0.0,0.0,0.0,0.1944444444
1,1,0.6428571429,0.4923076923,0.4,0.0,0.01538461538,0.0,0.0,0.0,0.0,0.09230769231
1,1,0.7642276423,0.4722222222,0.3333333333,0.0,0.01388888889,0.0,0.0,0.0,0.0,0.1805555556
1,1,0.7130434783,0.406779661,0.3559322034,0.0,0.01694915254,0.0,0.0,0.0,0.0,0.2203389831
1,1,0.75,0.4444444444,0.3194444444,0.0,0.01388888889,0.0,0.0,0.0,0.0,0.2222222222
1,1,0.7333333333,0.4084507042,0.3521126761,0.0,0.0,0.0,0.0,0.0,0.0,0.2394366197
1,1,0.6428571429,0.7878787879,0.1818181818,0.0,0.0303030303,0.0,0.0,0.0,0.0,0.0
1,1,0.6902654867,0.4528301887,0.3018867925,0.0,0.01886792453,0.0,0.0,0.0,0.0,0.2264150943
1,1,0.6896551724,0.4615384615,0.3846153846,0.0,0.0,0.0,0.0,0.0,0.0,0.1538461538
1,1,0.724137931,0.4107142857,0.3035714286,0.0,0.01785714286,0.0,0.0,0.0,0.0,0.2678571429
1,1,0.756302521,0.5,0.328125,0.0,0.015625,0.0,0.0,0.0,0.0,0.15625
1,1,0.6486486486,0.4098360656,0.3442622951,0.0,0.0,0.0,0.0,0.0,0.0,0.2459016393
1,1,0.7079646018,0.4230769231,0.2884615385,0.0,0.01923076923,0.0,0.0,0.0,0.0,0.2692307692
1,1,0.7540983607,0.5,0.3472222222,0.0,0.01388888889,0.0,0.0,0.0,0.0,0.1388888889
1,1,0.6782608696,0.453125,0.375,0.0,0.0,0.0,0.0,0.0,0.0,0.171875
1,1,0.7642276423,0.5454545455,0.2727272727,0.0,0.01515151515,0.0,0.0,0.0,0.0,0.1666666667
1,1,0.756302521,0.5,0.3333333333,0.0,0.01515151515,0.0,0.0,0.0,0.0,0.1515151515
1,1,0.735042735,0.421875,0.34375,0.0,0.015625,0.0,0.0,0.0,0.0,0.21875
1,1,0.7540983607,0.5,0.3055555556,0.0,0.01388888889,0.0,0.0,0.0,0.0,0.1805555556
1,1,0.5384615385,0.488372093,0.4418604651,0.0,0.0,0.0,0.0,0.0,0.0,0.06976744186
1,1,0.7540983607,0.4571428571,0.3285714286,0.0,0.01428571429,0.0,0.0,0.0,0.0,0.2
1,1,0.7540983607,0.4166666667,0.3333333333,0.0,0.0,0.0,0.0,0.0,0.0,0.25
1,1,0.7288135593,0.453125,0.359375,0.0,0.015625,0.0,0.0,0.0,0.0,0.171875
1,1,0.5523809524,0.724137931,0.275862069,0.0,0.0,0.0,0.0,0.0,0.0,0.0
1,1,0.7603305785,0.5,0.3333333333,0.0,0.0,0.0,0.0,0.0,0.0,0.1666666667
1,1,0.7741935484,0.5671641791,0.2686567164,0.0,0.01492537313,0.0,0.0,0.0,0.0,0.1492537313
1,1,0.7008547009,0.4705882353,0.3529411765,0.0,0.01470588235,0.0,0.0,0.0,0.0,0.1617647059
1,1,0.7540983607,0.5,0.3055555556,0.0,0.01388888889,0.0,0.0,0.0,0.0,0.1805555556
1,1,0.7333333333,0.4918032787,0.2950819672,0.0,0.01639344262,0.0,0.0,0.0,0.0,0.1967213115
1,1,0.756302521,0.4776119403,0.3582089552,0.0,0.01492537313,0.0,0.0,0.0,0.0,0.1492537313
1,1,0.5925925926,0.5192307692,0.3846153846,0.0,0.0,0.0,0.0,0.0,0.0,0.09615384615
1,1,0.7457627119,0.4923076923,0.3538461538,0.0,0.01538461538,0.0,0.0,0.0,0.0,0.1384615385
1,1,0.5794392523,0.4230769231,0.3846153846,0.0,0.0,0.01923076923,0.0,0.0,0.07692307692,0.09615384615
1,1,0.7192982456,0.4259259259,0.2962962963,0.0,0.01851851852,0.0,0.0,0.0,0.0,0.2592592593
1,1,0.7192982456,0.4363636364,0.2909090909,0.0,0.01818181818,0.0,0.0,0.0,0.0,0.2545454545
1,1,0.7704918033,0.5692307692,0.2923076923,0.0,0.01538461538,0.0,0.0,0.0,0.0,0.1230769231
1,1,0.7333333333,0.5238095238,0.2698412698,0.0,0.01587301587,0.0,0.0,0.0,0.0,0.1904761905
1,1,0.7333333333,0.5068493151,0.3150684932,0.0,0.0,0.0,0.0,0.0,0.0,0.1780821918
1,1,0.7226890756,0.5,0.3529411765,0.0,0.0,0.0,0.0,0.0,0.0,0.1470588235
1,1,0.7741935484,0.5285714286,0.3571428571,0.0,0.01428571429,0.0,0.0,0.0,0.0,0.1
1,1,0.7642276423,0.5072463768,0.3333333333,0.0,0.01449275362,0.0,0.0,0.0,0.0,0.1449275362
1,1,0.6428571429,0.6052631579,0.3684210526,0.0,0.0,0.0,0.0,0.0,0.0,0.02631578947
1,1,0.7457627119,0.4242424242,0.3484848485,0.0,0.01515151515,0.0,0.0,0.0,0.0,0.2121212121
1,1,0.7413793103,0.4838709677,0.3548387097,0.0,0.01612903226,0.0,0.0,0.0,0.0,0.1451612903
1,1,0.7603305785,0.4428571429,0.3428571429,0.0,0.01428571429,0.0,0.0,0.0,0.0,0.2
1,1,0.6964285714,0.4528301887,0.3018867925,0.0,0.0,0.0,0.0,0.0,0.0,0.2452830189
1,1,0.7692307692,0.5238095238,0.2857142857,0.0,0.01587301587,0.0,0.0,0.0,0.0,0.1746031746
1,1,0.7666666667,0.447761194,0.328358209,0.0,0.01492537313,0.0,0.0,0.0,0.0,0.2089552239
1,1,0.7288135593,0.5507246377,0.2753623188,0.0,0.01449275362,0.0,0.0,0.0,0.0,0.1594202899
1,1,0.6055045872,0.625,0.375,0.0,0.0,0.0,0.0,0.0,0.0,0.0
1,1,0.7304347826,0.4181818182,0.2909090909,0.0,0.01818181818,0.0,0.0,0.0,0.0,0.2727272727
1,1,0.6111111111,0.537037037,0.3888888889,0.0,0.0,0.0,0.0,0.0,0.01851851852,0.05555555556
1,1,0.7179487179,0.4166666667,0.35,0.0,0.01666666667,0.0,0.0,0.0,0.0,0.2166666667
1,1,0.7304347826,0.4107142857,0.3214285714,0.0,0.0,0.0,0.0,0.0,0.0,0.2678571429
1,1,0.6782608696,0.453125,0.359375,0.0,0.015625,0.0,0.0,0.0,0.0,0.171875
1,1,0.7540983607,0.5,0.2833333333,0.0,0.01666666667,0.0,0.0,0.0,0.0,0.2
1,1,0.7804878049,0.4857142857,0.3571428571,0.0,0.01428571429,0.0,0.0,0.0,0.0,0.1428571429
1,1,0.7068965517,0.5517241379,0.2931034483,0.0,0.01724137931,0.0,0.0,0.0,0.0,0.1379310345
1,1,0.6548672566,0.5396825397,0.3015873016,0.0,0.0,0.0,0.0,0.0,0.0,0.1587301587
1,1,0.7540983607,0.4927536232,0.3188405797,0.0,0.01449275362,0.0,0.0,0.0,0.0,0.1739130435
1,1,0.7438016529,0.4929577465,0.3098591549,0.0,0.01408450704,0.0,0.0,0.0,0.0,0.1830985915
1,1,0.7457627119,0.5322580645,0.3387096774,0.0,0.01612903226,0.0,0.0,0.0,0.0,0.1129032258
1,1,0.5660377358,0.5306122449,0.387755102,0.0,0.0,0.0,0.0,0.0,0.0,0.08163265306
1,1,0.7304347826,0.4181818182,0.2909090909,0.0,0.01818181818,0.0,0.0,0.0,0.0,0.2727272727
1,1,0.6842105263,0.4339622642,0.2830188679,0.0,0.01886792453,0.0,0.0,0.0,0.0,0.2641509434
1,1,0.7704918033,0.5454545455,0.3333333333,0.0,0.01515151515,0.0,0.0,0.0,0.0,0.1060606061
1,1,0.7368421053,0.4285714286,0.3035714286,0.0,0.0,0.0,0.0,0.0,0.0,0.2678571429
1,1,0.7666666667,0.5,0.3676470588,0.0,0.01470588235,0.0,0.0,0.0,0.0,0.1176470588
1,1,0.5523809524,0.4285714286,0.387755102,0.0,0.0,0.0,0.0,0.0,0.08163265306,0.1020408163
1,1,0.7704918033,0.4428571429,0.3428571429,0.0,0.01428571429,0.0,0.0,0.0,0.0,0.2
1,1,0.7603305785,0.5,0.3064516129,0.0,0.01612903226,0.0,0.0,0.0,0.0,0.1774193548
1,1,0.7457627119,0.4769230769,0.3692307692,0.0,0.01538461538,0.0,0.0,0.0,0.0,0.1384615385
1,1,0.6055045872,0.4736842105,0.3421052632,0.0,0.02631578947,0.0,0.0,0.0,0.0,0.1578947368
1,1,0.756302521,0.4603174603,0.3650793651,0.0,0.01587301587,0.0,0.0,0.0,0.0,0.1587301587
1,1,0.6782608696,0.4126984127,0.380952381,0.0,0.0,0.0,0.0,0.0,0.0,0.2063492063
1,1,0.3829787234,0.3636363636,0.3636363636,0.0,0.0,0.0,0.0,0.0,0.0,0.2727272727
1,1,0.7603305785,0.5223880597,0.3432835821,0.0,0.01492537313,0.0,0.0,0.0,0.0,0.1194029851
1,1,0.7413793103,0.4107142857,0.3035714286,0.0,0.01785714286,0.0,0.0,0.0,0.0,0.2678571429
1,1,0.7603305785,0.4925373134,0.3432835821,0.0,0.01492537313,0.0,0.0,0.0,0.0,0.1492537313
1,1,0.7288135593,0.4142857143,0.3428571429,0.0,0.0,0.0,0.0,0.0,0.0,0.2428571429
1,1,0.7333333333,0.5068493151,0.3150684932,0.0,0.0,0.01369863014,0.0,0.0,0.0,0.1643835616
1,1,0.7457627119,0.5074626866,0.3582089552,0.0,0.01492537313,0.0,0.0,0.0,0.0,0.1194029851
1,1,0.7642276423,0.4794520548,0.3287671233,0.0,0.0,0.0,0.0,0.0,0.0,0.1917808219
1,1,0.5523809524,0.4583333333,0.3958333333,0.0,0.0,0.0,0.0,0.0,0.0,0.1458333333
1,1,0.7438016529,0.4189189189,0.3378378378,0.0,0.0,0.0,0.0,0.0,0.0,0.2432432432
1,1,0.7226890756,0.55,0.2666666667,0.0,0.01666666667,0.0,0.0,0.0,0.0,0.1666666667
1,1,0.6842105263,0.453125,0.375,0.0,0.0,0.0,0.0,0.0,0.0,0.171875
1,1,0.724137931,0.5161290323,0.3225806452,0.0,0.01612903226,0.0,0.0,0.0,0.0,0.1451612903
1,1,0.756302521,0.5,0.3484848485,0.0,0.01515151515,0.0,0.0,0.0,0.0,0.1363636364
1,1,0.5925925926,0.6279069767,0.3720930233,0.0,0.0,0.0,0.0,0.0,0.0,0.0
1,1,0.7333333333,0.5072463768,0.3188405797,0.0,0.0,0.0,0.0,0.0,0.0,0.1739130435
1,1,0.756302521,0.5,0.3484848485,0.0,0.01515151515,0.0,0.0,0.0,0.0,0.1363636364
1,1,0.7333333333,0.4202898551,0.3188405797,0.0,0.01449275362,0.0,0.0,0.0,0.0,0.2463768116
1,1,0.7642276423,0.5064935065,0.3246753247,0.0,0.0,0.0,0.0,0.0,0.0,0.1688311688
1,1,0.724137931,0.4074074074,0.2962962963,0.0,0.01851851852,0.0,0.0,0.0,0.0,0.2777777778
1,1,0.7413793103,0.4035087719,0.298245614,0.0,0.01754385965,0.0,0.0,0.0,0.0,0.2807017544
1,1,0.756302521,0.46875,0.359375,0.0,0.015625,0.0,0.0,0.0,0.0,0.15625
1,1,0.7438016529,0.3943661972,0.338028169,0.0,0.0,0.0,0.0,0.0,0.0,0.2676056338
1,1,0.7438016529,0.4920634921,0.3015873016,0.0,0.01587301587,0.0,0.0,0.0,0.0,0.1904761905
1,1,0.7288135593,0.4677419355,0.3548387097,0.0,0.01612903226,0.0,0.0,0.0,0.0,0.1612903226
1,1,0.75,0.4411764706,0.3382352941,0.0,0.01470588235,0.0,0.0,0.0,0.0,0.2058823529
1,1,0.7438016529,0.4246575342,0.3287671233,0.0,0.01369863014,0.0,0.0,0.0,0.0,0.2328767123
1,1,0.7438016529,0.4305555556,0.3333333333,0.0,0.0,0.0,0.0,0.0,0.0,0.2361111111
1,1,0.784,0.5138888889,0.3611111111,0.0,0.01388888889,0.0,0.0,0.0,0.0,0.1111111111
1,1,0.3870967742,0.9166666667,0.08333333333,0.0,0.0,0.0,0.0,0.0,0.0,0.0
1,1,0.7457627119,0.5079365079,0.3492063492,0.0,0.01587301587,0.0,0.0,0.0,0.0,0.126984127
1,1,0.7804878049,0.5606060606,0.2727272727,0.0,0.01515151515,0.0,0.0,0.0,0.0,0.1515151515
1,1,0.7642276423,0.5757575758,0.2727272727,0.0,0.01515151515,0.0,0.0,0.0,0.0,0.1363636364
1,1,0.7603305785,0.5147058824,0.3676470588,0.0,0.01470588235,0.0,0.0,0.0,0.0,0.1029411765
1,1,0.7457627119,0.4696969697,0.3484848485,0.0,0.01515151515,0.0,0.0,0.0,0.0,0.1666666667
1,1,0.7666666667,0.4769230769,0.3538461538,0.0,0.01538461538,0.0,0.0,0.0,0.0,0.1538461538
1,1,0.7333333333,0.4057971014,0.347826087,0.0,0.0,0.0,0.0,0.0,0.0,0.2463768116
1,1,0.7540983607,0.5,0.3055555556,0.0,0.01388888889,0.0,0.0,0.0,0.0,0.1805555556
1,1,0.7642276423,0.4794520548,0.3287671233,0.0,0.01369863014,0.0,0.0,0.0,0.0,0.1780821918
1,1,0.7521367521,0.4769230769,0.3538461538,0.0,0.01538461538,0.0,0.0,0.0,0.0,0.1538461538
1,1,0.7540983607,0.5,0.3055555556,0.0,0.01388888889,0.0,0.0,0.0,0.0,0.1805555556
1,1,0.2558139535,0.4,0.4,0.0,0.0,0.0,0.0,0.0,0.06666666667,0.1333333333
1,1,0.7457627119,0.5322580645,0.2903225806,0.0,0.01612903226,0.0,0.0,0.0,0.0,0.1612903226
1,1,0.6842105263,0.4545454545,0.2727272727,0.0,0.01818181818,0.0,0.0,0.0,0.0,0.2545454545
1,1,0.6428571429,0.7666666667,0.2,0.0,0.03333333333,0.0,0.0,0.0,0.0,0.0
1,1,0.7394957983,0.5,0.3243243243,0.0,0.0,0.01351351351,0.0,0.0,0.0,0.1621621622
1,1,0.7333333333,0.515625,0.28125,0.0,0.015625,0.0,0.0,0.0,0.0,0.1875
1,1,0.7627118644,0.5076923077,0.3538461538,0.0,0.01538461538,0.0,0.0,0.0,0.0,0.1230769231
1,1,0.5436893204,0.7777777778,0.1666666667,0.0,0.05555555556,0.0,0.0,0.0,0.0,0.0
1,1,0.7438016529,0.4109589041,0.3424657534,0.0,0.0,0.0,0.0,0.0,0.0,0.2465753425
1,1,0.7333333333,0.5238095238,0.2698412698,0.0,0.01587301587,0.0,0.0,0.0,0.0,0.1904761905
1,1,0.7603305785,0.5151515152,0.3333333333,0.0,0.01515151515,0.0,0.0,0.0,0.0,0.1363636364
1,1,0.5794392523,0.6060606061,0.3636363636,0.0,0.0,0.0,0.0,0.0,0.0,0.0303030303
1,1,0.7804878049,0.5068493151,0.3424657534,0.0,0.01369863014,0.0,0.0,0.0,0.0,0.1369863014
1,1,0.7413793103,0.4107142857,0.3035714286,0.0,0.01785714286,0.0,0.0,0.0,0.0,0.2678571429
1,1,0.7192982456,0.4038461538,0.2884615385,0.0,0.01923076923,0.0,0.0,0.0,0.0,0.2884615385
1,1,0.756302521,0.4776119403,0.3432835821,0.0,0.01492537313,0.0,0.0,0.0,0.0,0.1641791045
1,1,0.7540983607,0.5,0.3428571429,0.0,0.0,0.0,0.0,0.0,0.0,0.1571428571
1,1,0.7603305785,0.5384615385,0.3538461538,0.0,0.01538461538,0.0,0.0,0.0,0.0,0.09230769231
1,1,0.7079646018,0.4259259259,0.3148148148,0.0,0.0,0.0,0.0,0.0,0.0,0.2592592593
1,1,0.7540983607,0.4166666667,0.3333333333,0.0,0.0,0.0,0.0,0.0,0.0,0.25
1,1,0.7118644068,0.5423728814,0.2711864407,0.0,0.01694915254,0.0,0.0,0.0,0.0,0.1694915254
1,1,0.7304347826,0.4285714286,0.3035714286,0.0,0.0,0.0,0.0,0.0,0.0,0.2678571429
1,1,0.7704918033,0.5072463768,0.3623188406,0.0,0.01449275362,0.0,0.0,0.0,0.0,0.115942029
1,1,0.7666666667,0.4925373134,0.3582089552,0.0,0.01492537313,0.0,0.0,0.0,0.0,0.1343283582
1,1,0.7333333333,0.5142857143,0.3,0.0,0.0,0.01428571429,0.0,0.0,0.0,0.1714285714
1,1,0.6181818182,0.462962963,0.4259259259,0.0,0.0,0.0,0.0,0.0,0.01851851852,0.09259259259
1,1,0.7394957983,0.4833333333,0.3,0.0,0.01666666667,0.0,0.0,0.0,0.0,0.2
1,1,0.7741935484,0.5070422535,0.3521126761,0.0,0.01408450704,0.0,0.0,0.0,0.0,0.1267605634
1,1,0.7438016529,0.4225352113,0.338028169,0.0,0.0,0.0,0.0,0.0,0.0,0.2394366197
1,1,0.7272727273,0.4464285714,0.2678571429,0.0,0.0,0.0,0.0,0.0,0.0,0.2857142857
1,1,0.7666666667,0.5,0.3333333333,0.0,0.01515151515,0.0,0.0,0.0,0.0,0.1515151515
1,1,0.7192982456,0.4259259259,0.2962962963,0.0,0.01851851852,0.0,0.0,0.0,0.0,0.2592592593
1,1,0.7226890756,0.4057971014,0.3333333333,0.0,0.0,0.0,0.0,0.0,0.0,0.2608695652
1,1,0.7179487179,0.4032258065,0.4032258065,0.0,0.0,0.0,0.0,0.0,0.0,0.1935483871
1,1,0.7540983607,0.5,0.3055555556,0.0,0.01388888889,0.0,0.0,0.0,0.0,0.1805555556
1,1,0.7333333333,0.5322580645,0.2580645161,0.0,0.01612903226,0.0,0.0,0.0,0.0,0.1935483871
1,1,0.7118644068,0.3870967742,0.3387096774,0.0,0.01612903226,0.0,0.0,0.0,0.0,0.2580645161
1,1,0.7079646018,0.4339622642,0.3018867925,0.0,0.0,0.0,0.0,0.0,0.0,0.2641509434
1,1,0.7804878049,0.4861111111,0.3611111111,0.0,0.01388888889,0.0,0.0,0.0,0.0,0.1388888889
1,1,0.7288135593,0.55,0.2666666667,0.0,0.01666666667,0.0,0.0,0.0,0.0,0.1666666667
1,1,0.7741935484,0.5135135135,0.3378378378,0.0,0.01351351351,0.0,0.0,0.0,0.0,0.1351351351
1,1,0.7666666667,0.4848484848,0.3333333333,0.0,0.01515151515,0.0,0.0,0.0,0.0,0.1666666667
1,1,0.756302521,0.4776119403,0.3432835821,0.0,0.01492537313,0.0,0.0,0.0,0.0,0.1641791045
1,1,0.7226890756,0.4833333333,0.3,0.0,0.01666666667,0.0,0.0,0.0,0.0,0.2
1,1,0.7741935484,0.527027027,0.3243243243,0.0,0.01351351351,0.0,0.0,0.0,0.0,0.1351351351
1,1,0.7666666667,0.5,0.3529411765,0.0,0.01470588235,0.0,0.0,0.0,0.0,0.1323529412
1,1,0.6306306306,0.4821428571,0.4464285714,0.0,0.0,0.0,0.0,0.0,0.01785714286,0.05357142857
1,1,0.7438016529,0.5,0.3,0.0,0.01428571429,0.0,0.0,0.0,0.0,0.1857142857
1,1,0.7413793103,0.4107142857,0.3035714286,0.0,0.01785714286,0.0,0.0,0.0,0.0,0.2678571429
1,1,0.7603305785,0.4925373134,0.3582089552,0.0,0.01492537313,0.0,0.0,0.0,0.0,0.1343283582
1,1,0.7521367521,0.4769230769,0.3384615385,0.0,0.01538461538,0.0,0.0,0.0,0.0,0.1692307692
1,1,0.7457627119,0.4848484848,0.3484848485,0.0,0.01515151515,0.0,0.0,0.0,0.0,0.1515151515
1,1,0.6842105263,0.4339622642,0.2830188679,0.0,0.01886792453,0.0,0.0,0.0,0.0,0.2641509434
1,1,0.7768595041,0.5,0.3382352941,0.0,0.01470588235,0.0,0.0,0.0,0.0,0.1470588235
1,1,0.7192982456,0.4230769231,0.2884615385,0.0,0.01923076923,0.0,0.0,0.0,0.0,0.2692307692
1,1,0.7079646018,0.4038461538,0.3076923077,0.0,0.01923076923,0.0,0.0,0.0,0.0,0.2692307692
1,1,0.7540983607,0.4109589041,0.3150684932,0.0,0.01369863014,0.0,0.0,0.0,0.0,0.2602739726
1,1,0.7438016529,0.4852941176,0.3235294118,0.0,0.01470588235,0.0,0.0,0.0,0.0,0.1764705882
1,1,0.7457627119,0.4923076923,0.3538461538,0.0,0.01538461538,0.0,0.0,0.0,0.0,0.1384615385
1,1,0.6956521739,0.45,0.2666666667,0.0,0.01666666667,0.0,0.0,0.0,0.0,0.2666666667
1,1,0.7333333333,0.4923076923,0.3230769231,0.0,0.01538461538,0.0,0.0,0.0,0.0,0.1692307692
1,1,0.6111111111,0.4545454545,0.2727272727,0.0,0.02272727273,0.0,0.0,0.0,0.0,0.25
1,1,0.735042735,0.4375,0.34375,0.0,0.015625,0.0,0.0,0.0,0.0,0.203125
1,1,0.7068965517,0.4655172414,0.3103448276,0.0,0.0,0.0,0.0,0.0,0.0,0.224137931
1,1,0.7333333333,0.46875,0.34375,0.0,0.015625,0.0,0.0,0.0,0.0,0.171875
1,1,0.724137931,0.4,0.2909090909,0.0,0.01818181818,0.0,0.0,0.0,0.0,0.2909090909
1,1,0.5794392523,0.4693877551,0.4285714286,0.0,0.0,0.0,0.0,0.0,0.0,0.1020408163
1,1,0.7540983607,0.4189189189,0.3378378378,0.0,0.0,0.0,0.0,0.0,0.0,0.2432432432
1,1,0.7457627119,0.4242424242,0.3484848485,0.0,0.01515151515,0.0,0.0,0.0,0.0,0.2121212121
1,1,0.6842105263,0.4339622642,0.2830188679,0.0,0.01886792453,0.0,0.0,0.0,0.0,0.2641509434
1,1,0.724137931,0.4181818182,0.2909090909,0.0,0.01818181818,0.0,0.0,0.0,0.0,0.2727272727
1,1,0.7288135593,0.447761194,0.3432835821,0.0,0.01492537313,0.0,0.0,0.0,0.0,0.1940298507
1,1,0.7457627119,0.4242424242,0.3484848485,0.0,0.01515151515,0.0,0.0,0.0,0.0,0.2121212121
1,1,0.7226890756,0.4603174603,0.3492063492,0.0,0.0,0.0,0.0,0.0,0.0,0.1904761905
1,1,0.7704918033,0.5070422535,0.3521126761,0.0,0.01408450704,0.0,0.0,0.0,0.0,0.1267605634
1,1,0.7333333333,0.5,0.3235294118,0.0,0.01470588235,0.0,0.0,0.0,0.0,0.1617647059
1,1,0.735042735,0.421875,0.34375,0.0,0.015625,0.0,0.0,0.0,0.0,0.21875
1,1,0.756302521,0.5076923077,0.3384615385,0.0,0.01538461538,0.0,0.0,0.0,0.0,0.1384615385
1,1,0.7540983607,0.5068493151,0.3150684932,0.0,0.01369863014,0.0,0.0,0.0,0.0,0.1643835616
1,1,0.7438016529,0.4202898551,0.3188405797,0.0,0.01449275362,0.0,0.0,0.0,0.0,0.2463768116
1,1,0.7704918033,0.5,0.3571428571,0.0,0.01428571429,0.0,0.0,0.0,0.0,0.1285714286
1,1,0.7226890756,0.3823529412,0.3529411765,0.0,0.0,0.0,0.0,0.0,0.0,0.2647058824
1,1,0.7540983607,0.4507042254,0.338028169,0.0,0.01408450704,0.0,0.0,0.0,0.0,0.1971830986
1,1,0.7333333333,0.5409836066,0.262295082,0.0,0.01639344262,0.0,0.0,0.0,0.0,0.1803278689
1,1,0.7603305785,0.4558823529,0.3382352941,0.0,0.01470588235,0.0,0.0,0.0,0.0,0.1911764706
1,1,0.7333333333,0.5072463768,0.2898550725,0.0,0.01449275362,0.0,0.0,0.0,0.0,0.1884057971
1,1,0.7603305785,0.5151515152,0.3333333333,0.0,0.01515151515,0.0,0.0,0.0,0.0,0.1363636364
1,1,0.7666666667,0.5,0.3529411765,0.0,0.01470588235,0.0,0.0,0.0,0.0,0.1323529412
1,1,0.5981308411,0.4285714286,0.2857142857,0.0,0.02380952381,0.0,0.0,0.0,0.0,0.2619047619
1,1,0.7457627119,0.53125,0.3125,0.0,0.015625,0.0,0.0,0.0,0.0,0.140625
1,1,0.7666666667,0.5238095238,0.3650793651,0.0,0.01587301587,0.0,0.0,0.0,0.0,0.09523809524
1,1,0.7438016529,0.4929577465,0.3098591549,0.0,0.01408450704,0.0,0.0,0.0,0.0,0.1830985915
1,1,0.7704918033,0.4782608696,0.3623188406,0.0,0.01449275362,0.0,0.0,0.0,0.0,0.1449275362
1,1,0.6896551724,0.4461538462,0.3692307692,0.0,0.0,0.0,0.0,0.0,0.0,0.1846153846
1,1,0.7704918033,0.5,0.3529411765,0.0,0.01470588235,0.0,0.0,0.0,0.0,0.1323529412
1,1,0.7438016529,0.3943661972,0.338028169,0.0,0.0,0.0,0.0,0.0,0.0,0.2676056338
1,1,0.735042735,0.4285714286,0.3333333333,0.0,0.01587301587,0.0,0.0,0.0,0.0,0.2222222222
1,1,0.6055045872,0.4909090909,0.3818181818,0.0,0.0,0.0,0.0,0.0,0.01818181818,0.1090909091
1,1,0.6782608696,0.447761194,0.223880597,0.0,0.0,0.0,0.0,0.0,0.1044776119,0.223880597
1,1,0.756302521,0.5074626866,0.3582089552,0.0,0.01492537313,0.0,0.0,0.0,0.0,0.1194029851
1,1,0.6842105263,0.4339622642,0.2830188679,0.0,0.01886792453,0.0,0.0,0.0,0.0,0.2641509434
1,1,0.7413793103,0.4107142857,0.3035714286,0.0,0.01785714286,0.0,0.0,0.0,0.0,0.2678571429
1,1,0.7642276423,0.5625,0.265625,0.0,0.015625,0.0,0.0,0.0,0.0,0.15625
1,1,0.6428571429,0.7428571429,0.2,0.0,0.0,0.0,0.0,0.0,0.0,0.05714285714
1,1,0.701754386,0.46875,0.375,0.0,0.0,0.0,0.0,0.0,0.0,0.15625
1,1,0.7226890756,0.4393939394,0.3484848485,0.0,0.0,0.0,0.0,0.0,0.0,0.2121212121
1,1,0.6296296296,0.7777777778,0.1851851852,0.0,0.0,0.0,0.0,0.0,0.0,0.03703703704
1,1,0.7642276423,0.4347826087,0.347826087,0.0,0.01449275362,0.0,0.0,0.0,0.0,0.2028985507
1,1,0.7457627119,0.4242424242,0.3484848485,0.0,0.01515151515,0.0,0.0,0.0,0.0,0.2121212121
1,1,0.7642276423,0.52,0.32,0.0,0.0,0.0,0.0,0.0,0.0,0.16
1,1,0.7333333333,0.5238095238,0.2698412698,0.0,0.01587301587,0.0,0.0,0.0,0.0,0.1904761905
1,1,0.7704918033,0.5151515152,0.3333333333,0.0,0.01515151515,0.0,0.0,0.0,0.0,0.1363636364
1,1,0.7666666667,0.4705882353,0.3676470588,0.0,0.01470588235,0.0,0.0,0.0,0.0,0.1470588235
1,1,0.7804878049,0.4927536232,0.3333333333,0.0,0.01449275362,0.0,0.0,0.0,0.0,0.1594202899
1,1,0.7642276423,0.53125,0.296875,0.0,0.015625,0.0,0.0,0.0,0.0,0.15625
1,1,0.7438016529,0.4929577465,0.323943662,0.0,0.01408450704,0.0,0.0,0.0,0.0,0.1690140845
1,1,0.7333333333,0.4461538462,0.3384615385,0.0,0.0,0.01538461538,0.0,0.0,0.0,0.2
1,1,0.7438016529,0.5135135135,0.3108108108,0.0,0.0,0.0,0.0,0.0,0.0,0.1756756757
1,1,0.6725663717,0.5789473684,0.3947368421,0.0,0.0,0.0,0.0,0.0,0.0,0.02631578947
1,1,0.735042735,0.4393939394,0.3484848485,0.0,0.0,0.0,0.0,0.0,0.0,0.2121212121
1,1,0.7142857143,0.4827586207,0.3275862069,0.0,0.01724137931,0.0,0.0,0.0,0.0,0.1724137931
1,1,0.724137931,0.4848484848,0.303030303,0.0,0.01515151515,0.0,0.0,0.0,0.0,0.196969697
1,1,0.7603305785,0.5294117647,0.3529411765,0.0,0.01470588235,0.0,0.0,0.0,0.0,0.1029411765
1,1,0.7457627119,0.5,0.375,0.0,0.015625,0.0,0.0,0.0,0.0,0.109375
1,1,0.7741935484,0.5138888889,0.3472222222,0.0,0.01388888889,0.0,0.0,0.0,0.0,0.125
1,1,0.7333333333,0.4918032787,0.3114754098,0.0,0.01639344262,0.0,0.0,0.0,0.0,0.1803278689
1,1,0.5981308411,0.7419354839,0.2580645161,0.0,0.0,0.0,0.0,0.0,0.0,0.0
1,1,0.7603305785,0.4852941176,0.3529411765,0.0,0.01470588235,0.0,0.0,0.0,0.0,0.1470588235
1,1,0.7666666667,0.5147058824,0.3676470588,0.0,0.01470588235,0.0,0.0,0.0,0.0,0.1029411765
1,1,0.7731092437,0.5,0.3529411765,0.0,0.01470588235,0.0,0.0,0.0,0.0,0.1323529412
1,1,0.7304347826,0.4074074074,0.2962962963,0.0,0.01851851852,0.0,0.0,0.0,0.0,0.2777777778
1,1,0.7704918033,0.5074626866,0.3432835821,0.0,0.01492537313,0.0,0.0,0.0,0.0,0.1343283582
1,1,0.6842105263,0.4339622642,0.2830188679,0.0,0.01886792453,0.0,0.0,0.0,0.0,0.2641509434
1,1,0.735042735,0.4210526316,0.298245614,0.0,0.01754385965,0.0,0.0,0.0,0.0,0.2631578947
1,1,0.6168224299,0.4090909091,0.3181818182,0.0,0.02272727273,0.0,0.0,0.0,0.0,0.25
1,1,0.7603305785,0.5396825397,0.2857142857,0.0,0.01587301587,0.0,0.0,0.0,0.0,0.1587301587
1,1,0.7333333333,0.4909090909,0.2909090909,0.0,0.01818181818,0.0,0.0,0.0,0.0,0.2
1,1,0.75,0.4920634921,0.3333333333,0.0,0.01587301587,0.0,0.0,0.0,0.0,0.1587301587
1,1,0.7333333333,0.3768115942,0.347826087,0.0,0.0,0.0,0.0,0.0,0.0,0.2753623188
1,1,0.7438016529,0.5230769231,0.2769230769,0.0,0.01538461538,0.0,0.0,0.0,0.0,0.1846153846
1,1,0.7603305785,0.4833333333,0.3,0.0,0.01666666667,0.0,0.0,0.0,0.0,0.2
1,1,0.7333333333,0.4852941176,0.3382352941,0.0,0.0,0.0,0.0,0.0,0.0,0.1764705882
1,1,0.7741935484,0.5070422535,0.3521126761,0.0,0.01408450704,0.0,0.0,0.0,0.0,0.1267605634
1,1,0.7333333333,0.5,0.3055555556,0.0,0.0,0.01388888889,0.0,0.0,0.0,0.1805555556
1,1,0.7666666667,0.5223880597,0.3432835821,0.0,0.01492537313,0.0,0.0,0.0,0.0,0.1194029851
1,1,0.756302521,0.4153846154,0.3538461538,0.0,0.01538461538,0.0,0.0,0.0,0.0,0.2153846154
1,1,0.756302521,0.4776119403,0.3582089552,0.0,0.01492537313,0.0,0.0,0.0,0.0,0.1492537313
1,1,0.7540983607,0.546875,0.28125,0.0,0.015625,0.0,0.0,0.0,0.0,0.15625
1,1,0.7304347826,0.5079365079,0.3492063492,0.0,0.01587301587,0.0,0.0,0.0,0.0,0.126984127
1,1,0.5436893204,0.4666666667,0.4666666667,0.0,0.0,0.0,0.0,0.0,0.0,0.06666666667
1,1,0.7521367521,0.5,0.359375,0.0,0.015625,0.0,0.0,0.0,0.0,0.125
1,1,0.5825242718,0.3846153846,0.4038461538,0.0,0.0,0.0,0.0,0.0,0.09615384615,0.1153846154
1,1,0.7603305785,0.5074626866,0.3432835821,0.0,0.01492537313,0.0,0.0,0.0,0.0,0.1343283582
1,1,0.756302521,0.5,0.3382352941,0.0,0.01470588235,0.0,0.0,0.0,0.0,0.1470588235
1,1,0.75,0.4305555556,0.3055555556,0.0,0.01388888889,0.0,0.0,0.0,0.0,0.25
1,1,0.756302521,0.4925373134,0.3582089552,0.0,0.01492537313,0.0,0.0,0.0,0.0,0.1343283582
1,1,0.735042735,0.4666666667,0.3666666667,0.0,0.01666666667,0.0,0.0,0.0,0.0,0.15
1,1,0.756302521,0.4769230769,0.3692307692,0.0,0.01538461538,0.0,0.0,0.0,0.0,0.1384615385
1,1,0.7155963303,0.4363636364,0.2727272727,0.0,0.0,0.0,0.0,0.0,0.0,0.2909090909
1,1,0.6956521739,0.4745762712,0.4237288136,0.0,0.0,0.0,0.0,0.0,0.0,0.1016949153
1,1,0.6666666667,0.4666666667,0.3833333333,0.0,0.0,0.0,0.0,0.0,0.0,0.15
1,1,0.7627118644,0.5076923077,0.3538461538,0.0,0.01538461538,0.0,0.0,0.0,0.0,0.1230769231
1,1,0.7457627119,0.4769230769,0.3384615385,0.0,0.01538461538,0.0,0.0,0.0,0.0,0.1692307692
1,1,0.6782608696,0.4516129032,0.3548387097,0.0,0.01612903226,0.0,0.0,0.0,0.0,0.1774193548
1,1,0.7666666667,0.5,0.3529411765,0.0,0.01470588235,0.0,0.0,0.0,0.0,0.1323529412
1,1,0.7438016529,0.4852941176,0.3235294118,0.0,0.01470588235,0.0,0.0,0.0,0.0,0.1764705882
1,1,0.756302521,0.4328358209,0.3432835821,0.0,0.01492537313,0.0,0.0,0.0,0.0,0.2089552239
1,1,0.7226890756,0.5441176471,0.2794117647,0.0,0.01470588235,0.0,0.0,0.0,0.0,0.1617647059
1,1,0.756302521,0.4852941176,0.3529411765,0.0,0.01470588235,0.0,0.0,0.0,0.0,0.1470588235
1,1,0.7704918033,0.5,0.3472222222,0.0,0.01388888889,0.0,0.0,0.0,0.0,0.1388888889
1,1,0.6902654867,0.453125,0.375,0.0,0.0,0.0,0.0,0.0,0.0,0.171875
1,1,0.7079646018,0.4230769231,0.2884615385,0.0,0.01923076923,0.0,0.0,0.0,0.0,0.2692307692
1,1,0.7226890756,0.5757575758,0.2575757576,0.0,0.01515151515,0.0,0.0,0.0,0.0,0.1515151515
1,1,0.7704918033,0.5,0.3428571429,0.0,0.01428571429,0.0,0.0,0.0,0.0,0.1428571429
1,1,0.7457627119,0.406779661,0.3050847458,0.0,0.01694915254,0.0,0.0,0.0,0.0,0.2711864407
1,1,0.7438016529,0.4166666667,0.3194444444,0.0,0.01388888889,0.0,0.0,0.0,0.0,0.25
1,1,0.7666666667,0.5223880597,0.3432835821,0.0,0.01492537313,0.0,0.0,0.0,0.0,0.1194029851
1,1,0.7438016529,0.5,0.3142857143,0.0,0.01428571429,0.0,0.0,0.0,0.0,0.1714285714
1,1,0.5294117647,0.4489795918,0.387755102,0.0,0.0,0.0,0.0,0.0,0.0,0.1632653061
1,1,0.7179487179,0.4545454545,0.3636363636,0.0,0.0,0.0,0.0,0.0,0.0,0.1818181818
1,1,0.7833333333,0.5,0.3571428571,0.0,0.01428571429,0.0,0.0,0.0,0.0,0.1285714286
1,1,0.7741935484,0.5070422535,0.3521126761,0.0,0.01408450704,0.0,0.0,0.0,0.0,0.1267605634
1,1,0.6782608696,0.435483871,0.3709677419,0.0,0.0,0.0,0.0,0.0,0.0,0.1935483871
1,1,0.7603305785,0.4927536232,0.347826087,0.0,0.01449275362,0.0,0.0,0.0,0.0,0.1449275362
1,1,0.7666666667,0.5072463768,0.3623188406,0.0,0.01449275362,0.0,0.0,0.0,0.0,0.115942029
1,1,0.75,0.4,0.3,0.0,0.01666666667,0.0,0.0,0.0,0.0,0.2833333333
1,1,0.7457627119,0.4375,0.34375,0.0,0.015625,0.0,0.0,0.0,0.0,0.203125
1,1,0.6725663717,0.4642857143,0.4107142857,0.0,0.0,0.0,0.0,0.0,0.0,0.125
1,1,0.7333333333,0.5,0.3382352941,0.0,0.0,0.0,0.0,0.0,0.0,0.1617647059
1,1,0.6896551724,0.4461538462,0.3692307692,0.0,0.0,0.0,0.0,0.0,0.0,0.1846153846
1,1,0.7438016529,0.5573770492,0.2786885246,0.0,0.01639344262,0.0,0.0,0.0,0.0,0.1475409836
1,1,0.7079646018,0.4339622642,0.2830188679,0.0,0.01886792453,0.0,0.0,0.0,0.0,0.2641509434
1,1,0.7118644068,0.5,0.303030303,0.0,0.01515151515,0.0,0.0,0.0,0.0,0.1818181818
1,1,0.7741935484,0.5138888889,0.3472222222,0.0,0.01388888889,0.0,0.0,0.0,0.0,0.125
1,1,0.7118644068,0.3770491803,0.4098360656,0.0,0.0,0.0,0.0,0.0,0.0,0.2131147541
1,1,0.756302521,0.4776119403,0.3582089552,0.0,0.01492537313,0.0,0.0,0.0,0.0,0.1492537313
1,1,0.7192982456,0.4339622642,0.3018867925,0.0,0.01886792453,0.0,0.0,0.0,0.0,0.2452830189
1,1,0.7666666667,0.4925373134,0.3582089552,0.0,0.01492537313,0.0,0.0,0.0,0.0,0.1343283582
1,1,0.784,0.5,0.3472222222,0.0,0.01388888889,0.0,0.0,0.0,0.0,0.1388888889
1,1,0.7540983607,0.397260274,0.3424657534,0.0,0.0,0.0,0.0,0.0,0.0,0.2602739726
1,1,0.6896551724,0.5,0.3833333333,0.0,0.0,0.0,0.0,0.0,0.0,0.1166666667
1,1,0.7333333333,0.4929577465,0.3521126761,0.0,0.0,0.0,0.0,0.0,0.0,0.1549295775
1,1,0.756302521,0.4769230769,0.3692307692,0.0,0.01538461538,0.0,0.0,0.0,0.0,0.1384615385
1,1,0.6964285714,0.4230769231,0.2884615385,0.0,0.01923076923,0.0,0.0,0.0,0.0,0.2692307692
1,1,0.7704918033,0.5,0.3571428571,0.0,0.01428571429,0.0,0.0,0.0,0.0,0.1285714286
1,1,0.7540983607,0.4109589041,0.3424657534,0.0,0.0,0.0,0.0,0.0,0.0,0.2465753425
1,1,0.7192982456,0.4259259259,0.2962962963,0.0,0.01851851852,0.0,0.0,0.0,0.0,0.2592592593
1,1,0.7642276423,0.546875,0.265625,0.0,0.015625,0.0,0.0,0.0,0.0,0.171875
1,1,0.7666666667,0.5,0.3571428571,0.0,0.01428571429,0.0,0.0,0.0,0.0,0.1285714286
1,1,0.7666666667,0.4769230769,0.3538461538,0.0,0.01538461538,0.0,0.0,0.0,0.0,0.1538461538
1,1,0.7768595041,0.4782608696,0.3623188406,0.0,0.01449275362,0.0,0.0,0.0,0.0,0.1449275362
1,1,0.7804878049,0.5,0.3333333333,0.0,0.01388888889,0.0,0.0,0.0,0.0,0.1527777778
1,1,0.7118644068,0.5161290323,0.2903225806,0.0,0.01612903226,0.0,0.0,0.0,0.0,0.1774193548
1,1,0.7333333333,0.4677419355,0.3387096774,0.0,0.01612903226,0.0,0.0,0.0,0.0,0.1774193548
1,1,0.7540983607,0.4225352113,0.323943662,0.0,0.0,0.0,0.0,0.0,0.0,0.2535211268
1,1,0.5981308411,0.4705882353,0.4705882353,0.0,0.0,0.0,0.0,0.0,0.0,0.05882352941
1,1,0.7438016529,0.4166666667,0.3833333333,0.0,0.01666666667,0.0,0.0,0.0,0.0,0.1833333333
1,1,0.6782608696,0.453125,0.375,0.0,0.0,0.0,0.0,0.0,0.0,0.171875
1,1,0.7666666667,0.5,0.3529411765,0.0,0.01470588235,0.0,0.0,0.0,0.0,0.1323529412
1,1,0.7256637168,0.4150943396,0.2830188679,0.0,0.01886792453,0.0,0.0,0.0,0.0,0.2830188679
1,1,0.7079646018,0.4339622642,0.2830188679,0.0,0.01886792453,0.0,0.0,0.0,0.0,0.2641509434
1,1,0.7179487179,0.4827586207,0.3448275862,0.0,0.01724137931,0.0,0.0,0.0,0.0,0.1551724138
1,1,0.7540983607,0.4246575342,0.3287671233,0.0,0.0,0.0,0.0,0.0,0.0,0.2465753425
1,1,0.7068965517,0.4637681159,0.4057971014,0.0,0.0,0.0,0.0,0.0,0.0,0.1304347826
1,1,0.6956521739,0.4918032787,0.393442623,0.0,0.0,0.0,0.0,0.0,0.0,0.1147540984
1,1,0.7627118644,0.447761194,0.3432835821,0.0,0.01492537313,0.0,0.0,0.0,0.0,0.1940298507
1,1,0.7304347826,0.4310344828,0.2931034483,0.0,0.01724137931,0.0,0.0,0.0,0.0,0.2586206897
1,1,0.7438016529,0.5070422535,0.3098591549,0.0,0.01408450704,0.0,0.0,0.0,0.0,0.1690140845
1,1,0.7079646018,0.4259259259,0.2962962963,0.0,0.01851851852,0.0,0.0,0.0,0.0,0.2592592593
1,1,0.7457627119,0.4769230769,0.3384615385,0.0,0.01538461538,0.0,0.0,0.0,0.0,0.1692307692
1,1,0.7226890756,0.4677419355,0.3709677419,0.0,0.01612903226,0.0,0.0,0.0,0.0,0.1451612903
1,1,0.7226890756,0.4375,0.375,0.0,0.015625,0.0,0.0,0.0,0.0,0.171875
1,1,0.756302521,0.4696969697,0.3484848485,0.0,0.01515151515,0.0,0.0,0.0,0.0,0.1666666667
1,1,0.7394957983,0.5230769231,0.3538461538,0.0,0.01538461538,0.0,0.0,0.0,0.0,0.1076923077
1,1,0.6909090909,0.54,0.28,0.0,0.02,0.0,0.0,0.0,0.0,0.16
1,1,0.756302521,0.5,0.359375,0.0,0.015625,0.0,0.0,0.0,0.0,0.125
1,1,0.7226890756,0.4776119403,0.3134328358,0.0,0.01492537313,0.0,0.0,0.0,0.0,0.1940298507
1,1,0.7804878049,0.4861111111,0.3611111111,0.0,0.01388888889,0.0,0.0,0.0,0.0,0.1388888889
1,1,0.7666666667,0.5,0.3676470588,0.0,0.01470588235,0.0,0.0,0.0,0.0,0.1176470588
1,1,0.7666666667,0.5,0.3529411765,0.0,0.01470588235,0.0,0.0,0.0,0.0,0.1323529412
1,1,0.7226890756,0.4603174603,0.3333333333,0.0,0.0,0.0,0.0,0.0,0.0,0.2063492063
1,1,0.7741935484,0.5070422535,0.3521126761,0.0,0.01408450704,0.0,0.0,0.0,0.0,0.1267605634
1,1,0.6548672566,0.45,0.3833333333,0.0,0.0,0.0,0.0,0.0,0.0,0.1666666667
1,1,0.7603305785,0.5322580645,0.2741935484,0.0,0.01612903226,0.0,0.0,0.0,0.0,0.1774193548
1,1,0.75,0.4923076923,0.3384615385,0.0,0.01538461538,0.0,0.0,0.0,0.0,0.1538461538
1,1,0.7457627119,0.5,0.3548387097,0.0,0.01612903226,0.0,0.0,0.0,0.0,0.1290322581
1,1,0.7540983607,0.5806451613,0.2580645161,0.0,0.01612903226,0.0,0.0,0.0,0.0,0.1451612903
1,1,0.6055045872,0.4074074074,0.4074074074,0.0,0.0,0.01851851852,0.0,0.0,0.07407407407,0.09259259259
1,1,0.7304347826,0.4074074074,0.2962962963,0.0,0.01851851852,0.0,0.0,0.0,0.0,0.2777777778
1,1,0.6666666667,0.45,0.3833333333,0.0,0.0,0.0,0.0,0.0,0.0,0.1666666667
1,1,0.6666666667,0.4655172414,0.3620689655,0.0,0.01724137931,0.0,0.0,0.0,0.0,0.1551724138
1,1,0.7068965517,0.4482758621,0.3103448276,0.0,0.0,0.0,0.0,0.0,0.0,0.2413793103
1,1,0.7068965517,0.4285714286,0.3928571429,0.0,0.01785714286,0.0,0.0,0.0,0.0,0.1607142857
1,1,0.7438016529,0.4084507042,0.323943662,0.0,0.0,0.0,0.0,0.0,0.0,0.2676056338
1,1,0.7438016529,0.390625,0.40625,0.0,0.0,0.0,0.0,0.0,0.0,0.203125
1,1,0.6782608696,0.4516129032,0.3709677419,0.0,0.0,0.0,0.0,0.0,0.0,0.1774193548
1,1,0.7438016529,0.5,0.3,0.0,0.01428571429,0.0,0.0,0.0,0.0,0.1857142857
1,1,0.756302521,0.4769230769,0.3692307692,0.0,0.01538461538,0.0,0.0,0.0,0.0,0.1384615385
1,1,0.7804878049,0.4788732394,0.3521126761,0.0,0.01408450704,0.0,0.0,0.0,0.0,0.1549295775
1,1,0.6725663717,0.6046511628,0.3720930233,0.0,0.0,0.0,0.0,0.0,0.0,0.02325581395
1,1,0.75,0.5322580645,0.2903225806,0.0,0.01612903226,0.0,0.0,0.0,0.0,0.1612903226
1,1,0.7704918033,0.5223880597,0.328358209,0.0,0.01492537313,0.0,0.0,0.0,0.0,0.1343283582
1,1,0.7394957983,0.546875,0.34375,0.0,0.015625,0.0,0.0,0.0,0.0,0.09375
1,1,0.7438016529,0.5,0.3243243243,0.0,0.0,0.0,0.0,0.0,0.0,0.1756756757
1,1,0.7603305785,0.447761194,0.328358209,0.0,0.01492537313,0.0,0.0,0.0,0.0,0.2089552239
1,1,0.7603305785,0.5322580645,0.2741935484,0.0,0.01612903226,0.0,0.0,0.0,0.0,0.1774193548
1,1,0.7642276423,0.4931506849,0.3287671233,0.0,0.0,0.0,0.0,0.0,0.0,0.1780821918
1,1,0.6782608696,0.4444444444,0.3650793651,0.0,0.0,0.0,0.0,0.0,0.0,0.1904761905
1,1,0.6548672566,0.5957446809,0.3829787234,0.0,0.0,0.0,0.0,0.0,0.0,0.02127659574
1,1,0.7540983607,0.546875,0.265625,0.0,0.015625,0.0,0.0,0.0,0.0,0.171875
1,1,0.7068965517,0.4727272727,0.2727272727,0.0,0.01818181818,0.0,0.0,0.0,0.0,0.2363636364
1,1,0.7179487179,0.4861111111,0.375,0.0,0.0,0.0,0.0,0.0,0.0,0.1388888889
1,1,0.7068965517,0.5079365079,0.380952381,0.0,0.0,0.0,0.0,0.0,0.0,0.1111111111
1,1,0.7118644068,0.484375,0.34375,0.0,0.015625,0.0,0.0,0.0,0.0,0.15625
1,1,0.735042735,0.421875,0.34375,0.0,0.015625,0.0,0.0,0.0,0.0,0.21875
1,1,0.7768595041,0.5,0.3529411765,0.0,0.01470588235,0.0,0.0,0.0,0.0,0.1323529412
1,1,0.7333333333,0.4833333333,0.3,0.0,0.01666666667,0.0,0.0,0.0,0.0,0.2
1,1,0.6055045872,0.4375,0.3125,0.0,0.0,0.0,0.0,0.0,0.0,0.25
1,1,0.724137931,0.4,0.2909090909,0.0,0.01818181818,0.0,0.0,0.0,0.0,0.2909090909
1,1,0.724137931,0.4769230769,0.3384615385,0.0,0.0,0.0,0.0,0.0,0.0,0.1846153846
1,1,0.7704918033,0.5,0.3529411765,0.0,0.01470588235,0.0,0.0,0.0,0.0,0.1323529412
1,1,0.7704918033,0.5,0.3382352941,0.0,0.01470588235,0.0,0.0,0.0,0.0,0.1470588235
1,1,0.75,0.4428571429,0.3428571429,0.0,0.01428571429,0.0,0.0,0.0,0.0,0.2
1,1,0.7288135593,0.5588235294,0.2647058824,0.0,0.01470588235,0.0,0.0,0.0,0.0,0.1617647059
1,1,0.724137931,0.4,0.3090909091,0.0,0.01818181818,0.0,0.0,0.0,0.0,0.2727272727
1,1,0.7603305785,0.5151515152,0.3333333333,0.0,0.01515151515,0.0,0.0,0.0,0.0,0.1363636364
1,1,0.6896551724,0.5,0.3965517241,0.0,0.0,0.0,0.0,0.0,0.0,0.1034482759
1,1,0.75,0.4848484848,0.303030303,0.0,0.01515151515,0.0,0.0,0.0,0.0,0.196969697
1,1,0.7118644068,0.4615384615,0.3230769231,0.0,0.01538461538,0.0,0.0,0.0,0.0,0.2
1,1,0.724137931,0.5079365079,0.3333333333,0.0,0.01587301587,0.0,0.0,0.0,0.0,0.1428571429
1,1,0.7540983607,0.4109589041,0.3424657534,0.0,0.0,0.0,0.0,0.0,0.0,0.2465753425
1,1,0.7804878049,0.4788732394,0.3521126761,0.0,0.01408450704,0.0,0.0,0.0,0.0,0.1549295775
1,1,0.7304347826,0.4181818182,0.2909090909,0.0,0.01818181818,0.0,0.0,0.0,0.0,0.2727272727
1,1,0.756302521,0.5,0.3484848485,0.0,0.01515151515,0.0,0.0,0.0,0.0,0.1363636364
1,1,0.6486486486,0.5079365079,0.380952381,0.0,0.0,0.0,0.0,0.0,0.0,0.1111111111
1,1,0.6782608696,0.5172413793,0.3793103448,0.0,0.0,0.0,0.0,0.0,0.0,0.1034482759
1,1,0.7666666667,0.4852941176,0.3382352941,0.0,0.01470588235,0.0,0.0,0.0,0.0,0.1617647059
1,1,0.7413793103,0.4210526316,0.298245614,0.0,0.01754385965,0.0,0.0,0.0,0.0,0.2631578947
1,1,0.7666666667,0.5,0.3529411765,0.0,0.01470588235,0.0,0.0,0.0,0.0,0.1323529412
1,1,0.7438016529,0.4915254237,0.2881355932,0.0,0.01694915254,0.0,0.0,0.0,0.0,0.2033898305
1,1,0.7540983607,0.5,0.3285714286,0.0,0.0,0.0,0.0,0.0,0.0,0.1714285714
1,1,0.5981308411,0.4634146341,0.2682926829,0.0,0.0243902439,0.0,0.0,0.0,0.0,0.243902439
1,1,0.6607142857,0.5,0.375,0.0,0.0,0.0,0.0,0.0,0.0,0.125
1,1,0.6607142857,0.447761194,0.328358209,0.0,0.0,0.0,0.0,0.0,0.0,0.223880597
1,1,0.7192982456,0.4074074074,0.3148148148,0.0,0.01851851852,0.0,0.0,0.0,0.0,0.2592592593
1,1,0.7704918033,0.5,0.3529411765,0.0,0.01470588235,0.0,0.0,0.0,0.0,0.1323529412
1,1,0.7438016529,0.4931506849,0.3287671233,0.0,0.01369863014,0.0,0.0,0.0,0.0,0.1643835616
1,1,0.7394957983,0.5573770492,0.262295082,0.0,0.01639344262,0.0,0.0,0.0,0.0,0.1639344262
1,1,0.7438016529,0.4027777778,0.3472222222,0.0,0.0,0.0,0.0,0.0,0.0,0.25
1,1,0.75,0.4920634921,0.3492063492,0.0,0.01587301587,0.0,0.0,0.0,0.0,0.1428571429
1,1,0.7457627119,0.46875,0.359375,0.0,0.015625,0.0,0.0,0.0,0.0,0.15625
1,1,0.7642276423,0.5384615385,0.2923076923,0.0,0.01538461538,0.0,0.0,0.0,0.0,0.1538461538
1,1,0.7333333333,0.4782608696,0.3188405797,0.0,0.01449275362,0.0,0.0,0.0,0.0,0.1884057971
1,1,0.784,0.5138888889,0.3611111111,0.0,0.01388888889,0.0,0.0,0.0,0.0,0.1111111111
1,1,0.6111111111,0.4186046512,0.2558139535,0.0,0.02325581395,0.0,0.0,0.0,0.0,0.3023255814
1,1,0.7704918033,0.5070422535,0.3661971831,0.0,0.01408450704,0.0,0.0,0.0,0.0,0.1126760563
1,1,0.7333333333,0.4833333333,0.3,0.0,0.01666666667,0.0,0.0,0.0,0.0,0.2
1,1,0.5849056604,0.5625,0.34375,0.0,0.0,0.0,0.0,0.0,0.03125,0.0625
1,1,0.7457627119,0.4307692308,0.3384615385,0.0,0.01538461538,0.0,0.0,0.0,0.0,0.2153846154
1,1,0.756302521,0.4328358209,0.3432835821,0.0,0.01492537313,0.0,0.0,0.0,0.0,0.2089552239
1,1,0.7192982456,0.4363636364,0.2909090909,0.0,0.01818181818,0.0,0.0,0.0,0.0,0.2545454545
1,1,0.7804878049,0.4857142857,0.3571428571,0.0,0.01428571429,0.0,0.0,0.0,0.0,0.1428571429
1,1,0.7438016529,0.53125,0.265625,0.0,0.015625,0.0,0.0,0.0,0.0,0.1875
1,1,0.7192982456,0.4259259259,0.2962962963,0.0,0.01851851852,0.0,0.0,0.0,0.0,0.2592592593
1,1,0.6956521739,0.4923076923,0.3538461538,0.0,0.01538461538,0.0,0.0,0.0,0.0,0.1384615385
1,1,0.7192982456,0.4259259259,0.2962962963,0.0,0.01851851852,0.0,0.0,0.0,0.0,0.2592592593
1,1,0.756302521,0.4848484848,0.3484848485,0.0,0.01515151515,0.0,0.0,0.0,0.0,0.1515151515
1,1,0.6725663717,0.4576271186,0.3728813559,0.0,0.0,0.0,0.0,0.0,0.0,0.1694915254
1,1,0.7457627119,0.4242424242,0.3484848485,0.0,0.01515151515,0.0,0.0,0.0,0.0,0.2121212121
1,1,0.756302521,0.4558823529,0.3382352941,0.0,0.01470588235,0.0,0.0,0.0,0.0,0.1911764706
1,1,0.7333333333,0.5,0.3571428571,0.0,0.0,0.0,0.0,0.0,0.0,0.1428571429
1,1,0.7394957983,0.4285714286,0.3,0.0,0.01428571429,0.0,0.0,0.0,0.0,0.2571428571
1,1,0.7457627119,0.4776119403,0.3582089552,0.0,0.01492537313,0.0,0.0,0.0,0.0,0.1492537313
1,1,0.756302521,0.4776119403,0.3582089552,0.0,0.01492537313,0.0,0.0,0.0,0.0,0.1492537313
1,1,0.7804878049,0.4788732394,0.3521126761,0.0,0.01408450704,0.0,0.0,0.0,0.0,0.1549295775
1,1,0.7226890756,0.5245901639,0.262295082,0.0,0.01639344262,0.0,0.0,0.0,0.0,0.1967213115
1,1,0.7666666667,0.4925373134,0.3582089552,0.0,0.01492537313,0.0,0.0,0.0,0.0,0.1343283582
1,1,0.75,0.5,0.3484848485,0.0,0.01515151515,0.0,0.0,0.0,0.0,0.1363636364
1,1,0.7118644068,0.5161290323,0.2903225806,0.0,0.01612903226,0.0,0.0,0.0,0.0,0.1774193548
1,1,0.7731092437,0.5373134328,0.3432835821,0.0,0.01492537313,0.0,0.0,0.0,0.0,0.1044776119
1,1,0.7603305785,0.5076923077,0.3538461538,0.0,0.01538461538,0.0,0.0,0.0,0.0,0.1230769231
1,1,0.7226890756,0.515625,0.296875,0.0,0.015625,0.0,0.0,0.0,0.0,0.171875
1,1,0.7741935484,0.5,0.375,0.0,0.0,0.0,0.0,0.0,0.0,0.125
1,1,0.7521367521,0.4262295082,0.3114754098,0.0,0.0,0.0,0.0,0.0,0.0,0.262295082
1,1,0.7540983607,0.5,0.3055555556,0.0,0.01388888889,0.0,0.0,0.0,0.0,0.1805555556
1,1,0.7226890756,0.5333333333,0.2666666667,0.0,0.01666666667,0.0,0.0,0.0,0.0,0.1833333333
1,1,0.7068965517,0.435483871,0.3064516129,0.0,0.01612903226,0.0,0.0,0.0,0.0,0.2419354839
1,1,0.7603305785,0.4084507042,0.338028169,0.0,0.0,0.0,0.0,0.0,0.0,0.2535211268
1,1,0.7666666667,0.4925373134,0.3582089552,0.0,0.01492537313,0.0,0.0,0.0,0.0,0.1343283582
1,1,0.6842105263,0.462962963,0.2777777778,0.0,0.01851851852,0.0,0.0,0.0,0.0,0.2407407407
1,1,0.7118644068,0.5423728814,0.2711864407,0.0,0.01694915254,0.0,0.0,0.0,0.0,0.1694915254
1,1,0.724137931,0.4032258065,0.3548387097,0.0,0.01612903226,0.0,0.0,0.0,0.0,0.2258064516
1,1,0.7368421053,0.4107142857,0.2857142857,0.0,0.01785714286,0.0,0.0,0.0,0.0,0.2857142857
1,1,0.6111111111,0.4651162791,0.2790697674,0.0,0.02325581395,0.0,0.0,0.0,0.0,0.2325581395
1,1,0.6896551724,0.4754098361,0.3278688525,0.0,0.0,0.0,0.0,0.0,0.0,0.1967213115
1,1,0.7457627119,0.4242424242,0.3484848485,0.0,0.01515151515,0.0,0.0,0.0,0.0,0.2121212121
1,1,0.7438016529,0.5245901639,0.2786885246,0.0,0.01639344262,0.0,0.0,0.0,0.0,0.1803278689
1,1,0.7304347826,0.4210526316,0.298245614,0.0,0.01754385965,0.0,0.0,0.0,0.0,0.2631578947
1,1,0.7666666667,0.4776119403,0.3432835821,0.0,0.01492537313,0.0,0.0,0.0,0.0,0.1641791045
1,1,0.7704918033,0.5362318841,0.3333333333,0.0,0.01449275362,0.0,0.0,0.0,0.0,0.115942029
1,1,0.6666666667,0.4426229508,0.3770491803,0.0,0.0,0.0,0.0,0.0,0.0,0.1803278689
1,1,0.7642276423,0.5625,0.265625,0.0,0.015625,0.0,0.0,0.0,0.0,0.15625
1,1,0.7304347826,0.4074074074,0.2962962963,0.0,0.01851851852,0.0,0.0,0.0,0.0,0.2777777778
1,1,0.7333333333,0.5070422535,0.323943662,0.0,0.01408450704,0.0,0.0,0.0,0.0,0.1549295775
1,1,0.7642276423,0.5692307692,0.2615384615,0.0,0.01538461538,0.0,0.0,0.0,0.0,0.1538461538
1,1,0.6842105263,0.4545454545,0.2727272727,0.0,0.0,0.0,0.0,0.0,0.0,0.2727272727
1,1,0.7394957983,0.5,0.3142857143,0.0,0.01428571429,0.0,0.0,0.0,0.0,0.1714285714
1,1,0.7741935484,0.5138888889,0.3611111111,0.0,0.01388888889,0.0,0.0,0.0,0.0,0.1111111111
1,1,0.7079646018,0.4339622642,0.2830188679,0.0,0.01886792453,0.0,0.0,0.0,0.0,0.2641509434
1,1,0.7333333333,0.4782608696,0.3043478261,0.0,0.01449275362,0.0,0.0,0.0,0.0,0.2028985507
1,1,0.7333333333,0.4461538462,0.3538461538,0.0,0.01538461538,0.0,0.0,0.0,0.0,0.1846153846
1,1,0.7438016529,0.4027777778,0.3472222222,0.0,0.0,0.0,0.0,0.0,0.0,0.25
1,1,0.6226415094,0.4761904762,0.2857142857,0.0,0.02380952381,0.0,0.0,0.0,0.0,0.2142857143
1,1,0.7666666667,0.5,0.3676470588,0.0,0.01470588235,0.0,0.0,0.0,0.0,0.1176470588
1,1,0.7666666667,0.5147058824,0.3529411765,0.0,0.01470588235,0.0,0.0,0.0,0.0,0.1176470588
1,1,0.756302521,0.4153846154,0.3538461538,0.0,0.01538461538,0.0,0.0,0.0,0.0,0.2153846154
1,1,0.7079646018,0.4339622642,0.3018867925,0.0,0.0,0.0,0.0,0.0,0.0,0.2641509434
1,1,0.7457627119,0.4696969697,0.3484848485,0.0,0.01515151515,0.0,0.0,0.0,0.0,0.1666666667
1,1,0.7666666667,0.4852941176,0.3529411765,0.0,0.01470588235,0.0,0.0,0.0,0.0,0.1470588235
1,1,0.7438016529,0.5068493151,0.301369863,0.0,0.0,0.01369863014,0.0,0.0,0.0,0.1780821918
1,1,0.7603305785,0.5076923077,0.3384615385,0.0,0.01538461538,0.0,0.0,0.0,0.0,0.1384615385
1,1,0.7226890756,0.515625,0.296875,0.0,0.015625,0.0,0.0,0.0,0.0,0.171875
1,1,0.7333333333,0.4915254237,0.2881355932,0.0,0.01694915254,0.0,0.0,0.0,0.0,0.2033898305
1,1,0.7179487179,0.4848484848,0.3333333333,0.0,0.0,0.0,0.0,0.0,0.0,0.1818181818
1,1,0.756302521,0.4794520548,0.3424657534,0.0,0.0,0.0,0.0,0.0,0.0,0.1780821918
1,1,0.6306306306,0.6111111111,0.3888888889,0.0,0.0,0.0,0.0,0.0,0.0,0.0
1,1,0.7768595041,0.4705882353,0.3529411765,0.0,0.01470588235,0.0,0.0,0.0,0.0,0.1617647059
1,1,0.75,0.4,0.3,0.0,0.01666666667,0.0,0.0,0.0,0.0,0.2833333333
1,1,0.7394957983,0.45,0.2666666667,0.0,0.01666666667,0.0,0.0,0.0,0.0,0.2666666667
1,1,0.7457627119,0.4769230769,0.3538461538,0.0,0.01538461538,0.0,0.0,0.0,0.0,0.1538461538
1,1,0.7833333333,0.4782608696,0.3623188406,0.0,0.01449275362,0.0,0.0,0.0,0.0,0.1449275362
1,1,0.7226890756,0.4264705882,0.3235294118,0.0,0.01470588235,0.0,0.0,0.0,0.0,0.2352941176
1,1,0.6902654867,0.4032258065,0.3548387097,0.0,0.0,0.0,0.0,0.0,0.0,0.2419354839
1,1,0.7226890756,0.4776119403,0.3432835821,0.0,0.0,0.0,0.0,0.0,0.0,0.1791044776
1,1,0.7438016529,0.4929577465,0.3098591549,0.0,0.01408450704,0.0,0.0,0.0,0.0,0.1830985915
1,1,0.5523809524,0.75,0.25,0.0,0.0,0.0,0.0,0.0,0.0,0.0
1,1,0.7288135593,0.4833333333,0.3,0.0,0.01666666667,0.0,0.0,0.0,0.0,0.2
1,1,0.6548672566,0.4821428571,0.3571428571,0.0,0.0,0.0,0.0,0.0,0.0,0.1607142857
1,1,0.7394957983,0.4166666667,0.3333333333,0.0,0.01388888889,0.0,0.0,0.0,0.0,0.2361111111
1,1,0.7438016529,0.4411764706,0.3088235294,0.0,0.01470588235,0.0,0.0,0.0,0.0,0.2352941176
1,1,0.756302521,0.4776119403,0.3432835821,0.0,0.01492537313,0.0,0.0,0.0,0.0,0.1641791045
1,1,0.75,0.5666666667,0.2666666667,0.0,0.01666666667,0.0,0.0,0.0,0.0,0.15
1,1,0.7333333333,0.453125,0.34375,0.0,0.015625,0.0,0.0,0.0,0.0,0.1875
1,1,0.7704918033,0.4782608696,0.3623188406,0.0,0.01449275362,0.0,0.0,0.0,0.0,0.1449275362
1,1,0.7768595041,0.5,0.3382352941,0.0,0.01470588235,0.0,0.0,0.0,0.0,0.1470588235
1,1,0.7741935484,0.4657534247,0.3287671233,0.0,0.01369863014,0.0,0.0,0.0,0.0,0.1917808219
1,1,0.6909090909,0.42,0.28,0.0,0.02,0.0,0.0,0.0,0.0,0.28
1,1,0.7642276423,0.4794520548,0.3287671233,0.0,0.01369863014,0.0,0.0,0.0,0.0,0.1780821918
1,1,0.7457627119,0.421875,0.359375,0.0,0.015625,0.0,0.0,0.0,0.0,0.203125
1,1,0.7731092437,0.4696969697,0.3484848485,0.0,0.01515151515,0.0,0.0,0.0,0.0,0.1666666667
1,1,0.495049505,0.8125,0.1875,0.0,0.0,0.0,0.0,0.0,0.0,0.0
1,1,0.7540983607,0.4347826087,0.347826087,0.0,0.01449275362,0.0,0.0,0.0,0.0,0.2028985507
1,1,0.6486486486,0.4655172414,0.3965517241,0.0,0.0,0.0,0.0,0.0,0.0,0.1379310345
1,1,0.7642276423,0.5072463768,0.3333333333,0.0,0.01449275362,0.0,0.0,0.0,0.0,0.1449275362
1,1,0.7666666667,0.5,0.3529411765,0.0,0.01470588235,0.0,0.0,0.0,0.0,0.1323529412
1,1,0.6902654867,0.435483871,0.3870967742,0.0,0.0,0.0,0.0,0.0,0.0,0.1774193548
1,1,0.7226890756,0.453125,0.328125,0.0,0.0,0.015625,0.0,0.0,0.0,0.203125
1,1,0.7413793103,0.4137931034,0.2931034483,0.0,0.01724137931,0.0,0.0,0.0,0.0,0.275862069
1,1,0.7603305785,0.4411764706,0.3382352941,0.0,0.01470588235,0.0,0.0,0.0,0.0,0.2058823529
1,1,0.7226890756,0.4838709677,0.3387096774,0.0,0.01612903226,0.0,0.0,0.0,0.0,0.1612903226
1,1,0.735042735,0.46875,0.34375,0.0,0.015625,0.0,0.0,0.0,0.0,0.171875
1,1,0.7333333333,0.4782608696,0.3188405797,0.0,0.01449275362,0.0,0.0,0.0,0.0,0.1884057971
1,1,0.7741935484,0.5066666667,0.32,0.0,0.0,0.0,0.0,0.0,0.0,0.1733333333
1,1,0.784,0.5068493151,0.3287671233,0.0,0.01369863014,0.0,0.0,0.0,0.0,0.1506849315
1,1,0.7540983607,0.4918032787,0.2950819672,0.0,0.01639344262,0.0,0.0,0.0,0.0,0.1967213115
1,1,0.735042735,0.4137931034,0.2931034483,0.0,0.01724137931,0.0,0.0,0.0,0.0,0.275862069
1,1,0.7666666667,0.4411764706,0.3382352941,0.0,0.01470588235,0.0,0.0,0.0,0.0,0.2058823529
1,1,0.7333333333,0.5,0.3235294118,0.0,0.01470588235,0.0,0.0,0.0,0.0,0.1617647059
1,1,0.7142857143,0.431372549,0.2941176471,0.0,0.01960784314,0.0,0.0,0.0,0.0,0.2549019608
1,1,0.7192982456,0.4259259259,0.2962962963,0.0,0.01851851852,0.0,0.0,0.0,0.0,0.2592592593
1,1,0.7079646018,0.4230769231,0.2884615385,0.0,0.01923076923,0.0,0.0,0.0,0.0,0.2692307692
1,1,0.756302521,0.4848484848,0.3787878788,0.0,0.01515151515,0.0,0.0,0.0,0.0,0.1212121212
1,1,0.7079646018,0.4150943396,0.2830188679,0.0,0.01886792453,0.0,0.0,0.0,0.0,0.2830188679
1,1,0.7457627119,0.4242424242,0.3484848485,0.0,0.01515151515,0.0,0.0,0.0,0.0,0.2121212121
1,1,0.7804878049,0.4861111111,0.3611111111,0.0,0.01388888889,0.0,0.0,0.0,0.0,0.1388888889
1,1,0.7192982456,0.4363636364,0.2909090909,0.0,0.01818181818,0.0,0.0,0.0,0.0,0.2545454545
1,1,0.7333333333,0.5230769231,0.2923076923,0.0,0.01538461538,0.0,0.0,0.0,0.0,0.1692307692
1,1,0.756302521,0.4923076923,0.3538461538,0.0,0.01538461538,0.0,0.0,0.0,0.0,0.1384615385
1,1,0.7394957983,0.4782608696,0.3188405797,0.0,0.01449275362,0.0,0.0,0.0,0.0,0.1884057971
1,1,0.7457627119,0.484375,0.359375,0.0,0.015625,0.0,0.0,0.0,0.0,0.140625
1,1,0.7438016529,0.4929577465,0.3521126761,0.0,0.0,0.0,0.0,0.0,0.0,0.1549295775
1,1,0.7704918033,0.5396825397,0.2857142857,0.0,0.01587301587,0.0,0.0,0.0,0.0,0.1587301587
1,1,0.7704918033,0.4852941176,0.3382352941,0.0,0.01470588235,0.0,0.0,0.0,0.0,0.1617647059
1,1,0.7540983607,0.4918032787,0.2950819672,0.0,0.01639344262,0.0,0.0,0.0,0.0,0.1967213115
1,1,0.7666666667,0.5,0.3676470588,0.0,0.01470588235,0.0,0.0,0.0,0.0,0.1176470588
1,1,0.7079646018,0.4444444444,0.2962962963,0.0,0.0,0.0,0.0,0.0,0.0,0.2592592593
1,1,0.7226890756,0.4090909091,0.3181818182,0.0,0.01515151515,0.0,0.0,0.0,0.0,0.2575757576
1,1,0.7068965517,0.4482758621,0.2931034483,0.0,0.0,0.0,0.0,0.0,0.0,0.2586206897
1,1,0.7627118644,0.4923076923,0.3538461538,0.0,0.01538461538,0.0,0.0,0.0,0.0,0.1384615385
1,1,0.6842105263,0.431372549,0.2941176471,0.0,0.01960784314,0.0,0.0,0.0,0.0,0.2549019608
1,1,0.7540983607,0.5,0.3142857143,0.0,0.01428571429,0.0,0.0,0.0,0.0,0.1714285714
1,1,0.784,0.5211267606,0.3661971831,0.0,0.01408450704,0.0,0.0,0.0,0.0,0.0985915493
1,1,0.7192982456,0.4107142857,0.3035714286,0.0,0.01785714286,0.0,0.0,0.0,0.0,0.2678571429
1,1,0.6956521739,0.5178571429,0.2857142857,0.0,0.01785714286,0.0,0.0,0.0,0.0,0.1785714286
1,1,0.7438016529,0.5138888889,0.3055555556,0.0,0.01388888889,0.0,0.0,0.0,0.0,0.1666666667
1,1,0.6306306306,0.6176470588,0.2941176471,0.0,0.0,0.0,0.0,0.0,0.02941176471,0.05882352941
1,1,0.7333333333,0.3857142857,0.3428571429,0.0,0.0,0.0,0.0,0.0,0.0,0.2714285714
1,1,0.7118644068,0.4776119403,0.3432835821,0.0,0.01492537313,0.0,0.0,0.0,0.0,0.1641791045
1,1,0.7192982456,0.4259259259,0.2962962963,0.0,0.01851851852,0.0,0.0,0.0,0.0,0.2592592593
1,1,0.7394957983,0.4202898551,0.3188405797,0.0,0.01449275362,0.0,0.0,0.0,0.0,0.2463768116
1,1,0.7540983607,0.4929577465,0.3098591549,0.0,0.01408450704,0.0,0.0,0.0,0.0,0.1830985915
1,1,0.7413793103,0.4210526316,0.298245614,0.0,0.01754385965,0.0,0.0,0.0,0.0,0.2631578947
1,1,0.7192982456,0.4259259259,0.2962962963,0.0,0.01851851852,0.0,0.0,0.0,0.0,0.2592592593
1,1,0.5576923077,0.4285714286,0.4081632653,0.0,0.0,0.0,0.0,0.0,0.0,0.1632653061
1,1,0.7192982456,0.4259259259,0.2962962963,0.0,0.01851851852,0.0,0.0,0.0,0.0,0.2592592593
1,1,0.7226890756,0.4925373134,0.328358209,0.0,0.01492537313,0.0,0.0,0.0,0.0,0.1641791045
1,1,0.7666666667,0.5,0.3529411765,0.0,0.01470588235,0.0,0.0,0.0,0.0,0.1323529412
1,1,0.6548672566,0.5166666667,0.4333333333,0.0,0.0,0.0,0.0,0.0,0.01666666667,0.03333333333
1,1,0.7333333333,0.5079365079,0.2857142857,0.0,0.01587301587,0.0,0.0,0.0,0.0,0.1904761905
1,1,0.7540983607,0.4857142857,0.3285714286,0.0,0.01428571429,0.0,0.0,0.0,0.0,0.1714285714
1,1,0.6548672566,0.5675675676,0.4054054054,0.0,0.0,0.0,0.0,0.0,0.0,0.02702702703
1,1,0.756302521,0.5,0.3484848485,0.0,0.01515151515,0.0,0.0,0.0,0.0,0.1363636364
1,1,0.7413793103,0.4210526316,0.298245614,0.0,0.01754385965,0.0,0.0,0.0,0.0,0.2631578947
1,1,0.724137931,0.4074074074,0.2962962963,0.0,0.01851851852,0.0,0.0,0.0,0.0,0.2777777778
1,1,0.7666666667,0.5,0.3529411765,0.0,0.01470588235,0.0,0.0,0.0,0.0,0.1323529412
1,1,0.756302521,0.5,0.3484848485,0.0,0.01515151515,0.0,0.0,0.0,0.0,0.1363636364
1,1,0.7540983607,0.4929577465,0.338028169,0.0,0.0,0.0,0.0,0.0,0.0,0.1690140845
1,1,0.7666666667,0.5151515152,0.3484848485,0.0,0.01515151515,0.0,0.0,0.0,0.0,0.1212121212
1,1,0.6607142857,0.6341463415,0.3658536585,0.0,0.0,0.0,0.0,0.0,0.0,0.0
1,1,0.7540983607,0.5,0.3142857143,0.0,0.01428571429,0.0,0.0,0.0,0.0,0.1714285714
1,1,0.7457627119,0.4848484848,0.3484848485,0.0,0.01515151515,0.0,0.0,0.0,0.0,0.1515151515
1,1,0.7642276423,0.4647887324,0.323943662,0.0,0.01408450704,0.0,0.0,0.0,0.0,0.1971830986
1,1,0.7226890756,0.4461538462,0.3538461538,0.0,0.0,0.0,0.0,0.0,0.0,0.2
1,1,0.7413793103,0.4107142857,0.3035714286,0.0,0.01785714286,0.0,0.0,0.0,0.0,0.2678571429
1,1,0.7642276423,0.5873015873,0.2698412698,0.0,0.01587301587,0.0,0.0,0.0,0.0,0.126984127
1,1,0.756302521,0.4696969697,0.3484848485,0.0,0.01515151515,0.0,0.0,0.0,0.0,0.1666666667
1,1,0.7768595041,0.4852941176,0.3382352941,0.0,0.01470588235,0.0,0.0,0.0,0.0,0.1617647059
1,1,0.7666666667,0.4848484848,0.3333333333,0.0,0.01515151515,0.0,0.0,0.0,0.0,0.1666666667
1,1,0.7333333333,0.5,0.3571428571,0.0,0.0,0.0,0.0,0.0,0.0,0.1428571429
1,1,0.7226890756,0.5238095238,0.2857142857,0.0,0.01587301587,0.0,0.0,0.0,0.0,0.1746031746
1,1,0.7333333333,0.5217391304,0.3333333333,0.0,0.01449275362,0.0,0.0,0.0,0.0,0.1304347826
1,1,0.5660377358,0.4666666667,0.3777777778,0.0,0.0,0.0,0.0,0.0,0.0,0.1555555556
1,1,0.7933884298,0.4927536232,0.3333333333,0.0,0.01449275362,0.0,0.0,0.0,0.0,0.1594202899
1,1,0.7438016529,0.4929577465,0.323943662,0.0,0.01408450704,0.0,0.0,0.0,0.0,0.1690140845
1,1,0.7438016529,0.5138888889,0.3194444444,0.0,0.0,0.0,0.0,0.0,0.0,0.1666666667
1,1,0.7407407407,0.4464285714,0.2678571429,0.0,0.0,0.0,0.0,0.0,0.0,0.2857142857
1,1,0.7008547009,0.4918032787,0.393442623,0.0,0.0,0.0,0.0,0.0,0.0,0.1147540984
1,1,0.735042735,0.4444444444,0.3333333333,0.0,0.01587301587,0.0,0.0,0.0,0.0,0.2063492063
1,1,0.7008547009,0.5161290323,0.3225806452,0.0,0.01612903226,0.0,0.0,0.0,0.0,0.1451612903
1,1,0.7804878049,0.4927536232,0.3623188406,0.0,0.01449275362,0.0,0.0,0.0,0.0,0.1304347826
1,1,0.6055045872,0.4074074074,0.462962963,0.0,0.0,0.0,0.0,0.0,0.0,0.1296296296
1,1,0.7540983607,0.4246575342,0.3287671233,0.0,0.0,0.0,0.0,0.0,0.0,0.2465753425
1,1,0.7226890756,0.4117647059,0.3382352941,0.0,0.01470588235,0.0,0.0,0.0,0.0,0.2352941176
1,1,0.7540983607,0.5,0.2903225806,0.0,0.01612903226,0.0,0.0,0.0,0.0,0.1935483871
1,1,0.7833333333,0.5070422535,0.3521126761,0.0,0.01408450704,0.0,0.0,0.0,0.0,0.1267605634
1,1,0.7642276423,0.5555555556,0.2698412698,0.0,0.01587301587,0.0,0.0,0.0,0.0,0.1587301587
1,1,0.7079646018,0.4423076923,0.2884615385,0.0,0.01923076923,0.0,0.0,0.0,0.0,0.25
1,1,0.724137931,0.5,0.3275862069,0.0,0.01724137931,0.0,0.0,0.0,0.0,0.1551724138
1,1,0.7226890756,0.5322580645,0.2741935484,0.0,0.0,0.0,0.0,0.0,0.0,0.1935483871
1,1,0.7438016529,0.5135135135,0.3108108108,0.0,0.0,0.0,0.0,0.0,0.0,0.1756756757
1,1,0.7288135593,0.4029850746,0.328358209,0.0,0.01492537313,0.0,0.0,0.0,0.0,0.2537313433
1,1,0.7457627119,0.4848484848,0.3484848485,0.0,0.01515151515,0.0,0.0,0.0,0.0,0.1515151515
1,1,0.75,0.5,0.3064516129,0.0,0.01612903226,0.0,0.0,0.0,0.0,0.1774193548
1,1,0.7741935484,0.5070422535,0.323943662,0.0,0.01408450704,0.0,0.0,0.0,0.0,0.1549295775
1,1,0.756302521,0.4153846154,0.3538461538,0.0,0.01538461538,0.0,0.0,0.0,0.0,0.2153846154
1,1,0.7438016529,0.4411764706,0.3382352941,0.0,0.01470588235,0.0,0.0,0.0,0.0,0.2058823529
1,1,0.75,0.4918032787,0.3606557377,0.0,0.01639344262,0.0,0.0,0.0,0.0,0.131147541
1,1,0.7540983607,0.4927536232,0.3188405797,0.0,0.01449275362,0.0,0.0,0.0,0.0,0.1739130435
1,1,0.7179487179,0.4153846154,0.3384615385,0.0,0.01538461538,0.0,0.0,0.0,0.0,0.2307692308
1,1,0.7333333333,0.5070422535,0.3098591549,0.0,0.01408450704,0.0,0.0,0.0,0.0,0.1690140845
1,1,0.756302521,0.4153846154,0.3538461538,0.0,0.01538461538,0.0,0.0,0.0,0.0,0.2153846154
1,1,0.724137931,0.4,0.4,0.0,0.0,0.0,0.0,0.0,0.0,0.2
1,1,0.7438016529,0.4057971014,0.3333333333,0.0,0.01449275362,0.0,0.0,0.0,0.0,0.2463768116
1,1,0.756302521,0.4848484848,0.3484848485,0.0,0.01515151515,0.0,0.0,0.0,0.0,0.1515151515
1,1,0.6306306306,0.4545454545,0.4363636364,0.0,0.0,0.0,0.0,0.0,0.07272727273,0.03636363636
1,1,0.6896551724,0.4210526316,0.3684210526,0.0,0.01754385965,0.0,0.0,0.0,0.0,0.1929824561
1,1,0.7333333333,0.4285714286,0.3428571429,0.0,0.0,0.0,0.0,0.0,0.0,0.2285714286
1,1,0.6666666667,0.4912280702,0.3333333333,0.0,0.01754385965,0.0,0.0,0.0,0.0,0.1578947368
1,1,0.756302521,0.4848484848,0.3787878788,0.0,0.01515151515,0.0,0.0,0.0,0.0,0.1212121212
1,1,0.735042735,0.4035087719,0.298245614,0.0,0.01754385965,0.0,0.0,0.0,0.0,0.2807017544
1,1,0.7333333333,0.4285714286,0.3285714286,0.0,0.0,0.0,0.0,0.0,0.0,0.2428571429
1,1,0.756302521,0.4776119403,0.3432835821,0.0,0.01492537313,0.0,0.0,0.0,0.0,0.1641791045
1,1,0.7540983607,0.4428571429,0.3428571429,0.0,0.01428571429,0.0,0.0,0.0,0.0,0.2
1,1,0.756302521,0.5,0.3428571429,0.0,0.01428571429,0.0,0.0,0.0,0.0,0.1428571429
1,1,0.7438016529,0.4347826087,0.347826087,0.0,0.01449275362,0.0,0.0,0.0,0.0,0.2028985507
1,1,0.6964285714,0.4509803922,0.2745098039,0.0,0.01960784314,0.0,0.0,0.0,0.0,0.2549019608
1,1,0.7079646018,0.4363636364,0.3090909091,0.0,0.0,0.0,0.0,0.0,0.0,0.2545454545
1,1,0.7155963303,0.5510204082,0.2448979592,0.0,0.02040816327,0.0,0.0,0.0,0.0,0.1836734694
1,1,0.7413793103,0.4035087719,0.298245614,0.0,0.01754385965,0.0,0.0,0.0,0.0,0.2807017544
1,1,0.7333333333,0.4393939394,0.3484848485,0.0,0.0,0.01515151515,0.0,0.0,0.0,0.196969697
1,1,0.7457627119,0.4923076923,0.3692307692,0.0,0.01538461538,0.0,0.0,0.0,0.0,0.1230769231
1,1,0.735042735,0.4461538462,0.3384615385,0.0,0.01538461538,0.0,0.0,0.0,0.0,0.2
